Country,Code,Year,Maize_Yield_Hg_Per_Ha
Afghanistan,AFG,1993,16786
Afghanistan,AFG,1994,16667
Afghanistan,AFG,1995,16563
Afghanistan,AFG,1996,16364
Afghanistan,AFG,1997,15000
Afghanistan,AFG,1998,16500
Afghanistan,AFG,1999,15000
Afghanistan,AFG,2000,11979
Afghanistan,AFG,2001,20000
Afghanistan,AFG,2002,29800
Afghanistan,AFG,2003,8400
Afghanistan,AFG,2004,16000
Afghanistan,AFG,2005,12069
Afghanistan,AFG,2006,26204
Afghanistan,AFG,2007,26277
Afghanistan,AFG,2008,26277
Afghanistan,AFG,2009,21429
Afghanistan,AFG,2010,16448
Afghanistan,AFG,2011,16400
Afghanistan,AFG,2012,21986
Afghanistan,AFG,2013,21972
Afghanistan,AFG,2014,24882
Afghanistan,AFG,2015,21457
Afghanistan,AFG,2016,20517
Afghanistan,AFG,2017,12957
Afghanistan,AFG,2018,14727
Albania,ALB,1993,24185
Albania,ALB,1994,25848
Albania,ALB,1995,31300
Albania,ALB,1996,32604
Albania,ALB,1997,31862
Albania,ALB,1998,33416
Albania,ALB,1999,37455
Albania,ALB,2000,38811
Albania,ALB,2001,38135
Albania,ALB,2002,39460
Albania,ALB,2003,42805
Albania,ALB,2004,46197
Albania,ALB,2005,45442
Albania,ALB,2006,50111
Albania,ALB,2007,46732
Albania,ALB,2008,50000
Albania,ALB,2009,55693
Albania,ALB,2010,66790
Albania,ALB,2011,59869
Albania,ALB,2012,67290
Albania,ALB,2013,69533
Albania,ALB,2014,69091
Albania,ALB,2015,69597
Albania,ALB,2016,64877
Albania,ALB,2017,65632
Albania,ALB,2018,72273
Algeria,DZA,1993,12500
Algeria,DZA,1994,4512
Algeria,DZA,1995,16115
Algeria,DZA,1996,17154
Algeria,DZA,1997,21417
Algeria,DZA,1998,17222
Algeria,DZA,1999,22375
Algeria,DZA,2000,36186
Algeria,DZA,2001,27175
Algeria,DZA,2002,33480
Algeria,DZA,2003,28853
Algeria,DZA,2004,31729
Algeria,DZA,2005,33864
Algeria,DZA,2006,65668
Algeria,DZA,2007,85625
Algeria,DZA,2008,44714
Algeria,DZA,2009,30914
Algeria,DZA,2010,25827
Algeria,DZA,2011,23374
Algeria,DZA,2012,25583
Algeria,DZA,2013,33649
Algeria,DZA,2014,26165
Algeria,DZA,2015,39242
Algeria,DZA,2016,45122
Algeria,DZA,2017,13007
Algeria,DZA,2018,18407
Angola,AGO,1993,2627
Angola,AGO,1994,2463
Angola,AGO,1995,3517
Angola,AGO,1996,6993
Angola,AGO,1997,5959
Angola,AGO,1998,7396
Angola,AGO,1999,6361
Angola,AGO,2000,5745
Angola,AGO,2001,5754
Angola,AGO,2002,6706
Angola,AGO,2003,7559
Angola,AGO,2004,5404
Angola,AGO,2005,6736
Angola,AGO,2006,4687
Angola,AGO,2007,5091
Angola,AGO,2008,7946
Angola,AGO,2009,6614
Angola,AGO,2010,7200
Angola,AGO,2011,7376
Angola,AGO,2012,7770
Angola,AGO,2013,9467
Angola,AGO,2014,10386
Angola,AGO,2015,11234
Angola,AGO,2016,8717
Angola,AGO,2017,8467
Angola,AGO,2018,8555
Argentina,ARG,1993,43552
Argentina,ARG,1994,42371
Argentina,ARG,1995,45223
Argentina,ARG,1996,40397
Argentina,ARG,1997,45557
Argentina,ARG,1998,60780
Argentina,ARG,1999,53702
Argentina,ARG,2000,54329
Argentina,ARG,2001,54553
Argentina,ARG,2002,60791
Argentina,ARG,2003,64767
Argentina,ARG,2004,63931
Argentina,ARG,2005,73587
Argentina,ARG,2006,59030
Argentina,ARG,2007,76655
Argentina,ARG,2008,64525
Argentina,ARG,2009,55760
Argentina,ARG,2010,78040
Argentina,ARG,2011,63503
Argentina,ARG,2012,57346
Argentina,ARG,2013,66037
Argentina,ARG,2014,68409
Argentina,ARG,2015,73090
Argentina,ARG,2016,74427
Argentina,ARG,2017,75759
Argentina,ARG,2018,60883
Armenia,ARM,1993,32261
Armenia,ARM,1994,32667
Armenia,ARM,1995,18261
Armenia,ARM,1996,22239
Armenia,ARM,1997,45548
Armenia,ARM,1998,26082
Armenia,ARM,1999,40303
Armenia,ARM,2000,23178
Armenia,ARM,2001,37913
Armenia,ARM,2002,37380
Armenia,ARM,2003,46059
Armenia,ARM,2004,61791
Armenia,ARM,2005,44692
Armenia,ARM,2006,33271
Armenia,ARM,2007,53262
Armenia,ARM,2008,53424
Armenia,ARM,2009,57763
Armenia,ARM,2010,46724
Armenia,ARM,2011,54257
Armenia,ARM,2012,62215
Armenia,ARM,2013,67114
Armenia,ARM,2014,70829
Armenia,ARM,2015,68821
Armenia,ARM,2016,63909
Armenia,ARM,2017,49002
Armenia,ARM,2018,55061
Australia,AUS,1993,44261
Australia,AUS,1994,46620
Australia,AUS,1995,48263
Australia,AUS,1996,57689
Australia,AUS,1997,59403
Australia,AUS,1998,47544
Australia,AUS,1999,51212
Australia,AUS,2000,49360
Australia,AUS,2001,46471
Australia,AUS,2002,54929
Australia,AUS,2003,62570
Australia,AUS,2004,56326
Australia,AUS,2005,57983
Australia,AUS,2006,53856
Australia,AUS,2007,49103
Australia,AUS,2008,56912
Australia,AUS,2009,58171
Australia,AUS,2010,55593
Australia,AUS,2011,57390
Australia,AUS,2012,64654
Australia,AUS,2013,64441
Australia,AUS,2014,74554
Australia,AUS,2015,83001
Australia,AUS,2016,75080
Australia,AUS,2017,64363
Australia,AUS,2018,73365
Austria,AUT,1993,89710
Austria,AUT,1994,79160
Austria,AUT,1995,85000
Austria,AUT,1996,86200
Austria,AUT,1997,97800
Austria,AUT,1998,96100
Austria,AUT,1999,96000
Austria,AUT,2000,98600
Austria,AUT,2001,90869
Austria,AUT,2002,99815
Austria,AUT,2003,86950
Austria,AUT,2004,96544
Austria,AUT,2005,106570
Austria,AUT,2006,96370
Austria,AUT,2007,103128
Austria,AUT,2008,113173
Austria,AUT,2009,108293
Austria,AUT,2010,97247
Austria,AUT,2011,112996
Austria,AUT,2012,107025
Austria,AUT,2013,81173
Austria,AUT,2014,107915
Austria,AUT,2015,86787
Austria,AUT,2016,111629
Austria,AUT,2017,99104
Austria,AUT,2018,101492
Azerbaijan,AZE,1993,13918
Azerbaijan,AZE,1994,14619
Azerbaijan,AZE,1995,11810
Azerbaijan,AZE,1996,17369
Azerbaijan,AZE,1997,24340
Azerbaijan,AZE,1998,29541
Azerbaijan,AZE,1999,35343
Azerbaijan,AZE,2000,32484
Azerbaijan,AZE,2001,37823
Azerbaijan,AZE,2002,43463
Azerbaijan,AZE,2003,44451
Azerbaijan,AZE,2004,46071
Azerbaijan,AZE,2005,47703
Azerbaijan,AZE,2006,45777
Azerbaijan,AZE,2007,46175
Azerbaijan,AZE,2008,47784
Azerbaijan,AZE,2009,47990
Azerbaijan,AZE,2010,45551
Azerbaijan,AZE,2011,45460
Azerbaijan,AZE,2012,51029
Azerbaijan,AZE,2013,53903
Azerbaijan,AZE,2014,54180
Azerbaijan,AZE,2015,59700
Azerbaijan,AZE,2016,62485
Azerbaijan,AZE,2017,66077
Azerbaijan,AZE,2018,78177
Bangladesh,BGD,1993,9351
Bangladesh,BGD,1994,9042
Bangladesh,BGD,1995,10700
Bangladesh,BGD,1996,10166
Bangladesh,BGD,1997,10914
Bangladesh,BGD,1998,7339
Bangladesh,BGD,1999,12346
Bangladesh,BGD,2000,20597
Bangladesh,BGD,2001,32216
Bangladesh,BGD,2002,40349
Bangladesh,BGD,2003,40334
Bangladesh,BGD,2004,48243
Bangladesh,BGD,2005,53311
Bangladesh,BGD,2006,52998
Bangladesh,BGD,2007,59812
Bangladesh,BGD,2008,60172
Bangladesh,BGD,2009,56831
Bangladesh,BGD,2010,58378
Bangladesh,BGD,2011,61512
Bangladesh,BGD,2012,65838
Bangladesh,BGD,2013,65953
Bangladesh,BGD,2014,69151
Bangladesh,BGD,2015,69841
Bangladesh,BGD,2016,73008
Bangladesh,BGD,2017,77598
Bangladesh,BGD,2018,82104
Belarus,BLR,1993,12000
Belarus,BLR,1994,5000
Belarus,BLR,1995,24545
Belarus,BLR,1996,23000
Belarus,BLR,1997,20333
Belarus,BLR,1998,26522
Belarus,BLR,1999,26053
Belarus,BLR,2000,23077
Belarus,BLR,2001,25917
Belarus,BLR,2002,32889
Belarus,BLR,2003,43388
Belarus,BLR,2004,35297
Belarus,BLR,2005,39965
Belarus,BLR,2006,39390
Belarus,BLR,2007,50653
Belarus,BLR,2008,43890
Belarus,BLR,2009,46818
Belarus,BLR,2010,49306
Belarus,BLR,2011,65950
Belarus,BLR,2012,50407
Belarus,BLR,2013,55656
Belarus,BLR,2014,53555
Belarus,BLR,2015,43649
Belarus,BLR,2016,59619
Belarus,BLR,2017,53244
Belarus,BLR,2018,65173
Bhutan,BTN,1993,11111
Bhutan,BTN,1994,12772
Bhutan,BTN,1995,14028
Bhutan,BTN,1996,16000
Bhutan,BTN,1997,17000
Bhutan,BTN,1998,17000
Bhutan,BTN,1999,15556
Bhutan,BTN,2000,15645
Bhutan,BTN,2001,15789
Bhutan,BTN,2002,15856
Bhutan,BTN,2003,18504
Bhutan,BTN,2004,40495
Bhutan,BTN,2005,30608
Bhutan,BTN,2006,26479
Bhutan,BTN,2007,21824
Bhutan,BTN,2008,24464
Bhutan,BTN,2009,21406
Bhutan,BTN,2010,23177
Bhutan,BTN,2011,28054
Bhutan,BTN,2012,28422
Bhutan,BTN,2013,26093
Bhutan,BTN,2014,30169
Bhutan,BTN,2015,36401
Bhutan,BTN,2016,35794
Bhutan,BTN,2017,33759
Bhutan,BTN,2018,33993
Bolivia,BOL,1993,18658
Bolivia,BOL,1994,18107
Bolivia,BOL,1995,18526
Bolivia,BOL,1996,18011
Bolivia,BOL,1997,15060
Bolivia,BOL,1998,18192
Bolivia,BOL,1999,17621
Bolivia,BOL,2000,21259
Bolivia,BOL,2001,22143
Bolivia,BOL,2002,21670
Bolivia,BOL,2003,23405
Bolivia,BOL,2004,17145
Bolivia,BOL,2005,21859
Bolivia,BOL,2006,26071
Bolivia,BOL,2007,21155
Bolivia,BOL,2008,23120
Bolivia,BOL,2009,28185
Bolivia,BOL,2010,27890
Bolivia,BOL,2011,24766
Bolivia,BOL,2012,28517
Bolivia,BOL,2013,21442
Bolivia,BOL,2014,21719
Bolivia,BOL,2015,23929
Bolivia,BOL,2016,24971
Bolivia,BOL,2017,22473
Bolivia,BOL,2018,27282
Bosnia and Herzegovina,BIH,1993,40000
Bosnia and Herzegovina,BIH,1994,40000
Bosnia and Herzegovina,BIH,1995,40000
Bosnia and Herzegovina,BIH,1996,40000
Bosnia and Herzegovina,BIH,1997,40136
Bosnia and Herzegovina,BIH,1998,38641
Bosnia and Herzegovina,BIH,1999,46068
Bosnia and Herzegovina,BIH,2000,22702
Bosnia and Herzegovina,BIH,2001,38523
Bosnia and Herzegovina,BIH,2002,45444
Bosnia and Herzegovina,BIH,2003,27901
Bosnia and Herzegovina,BIH,2004,51317
Bosnia and Herzegovina,BIH,2005,51132
Bosnia and Herzegovina,BIH,2006,50644
Bosnia and Herzegovina,BIH,2007,32181
Bosnia and Herzegovina,BIH,2008,49169
Bosnia and Herzegovina,BIH,2009,51032
Bosnia and Herzegovina,BIH,2010,45211
Bosnia and Herzegovina,BIH,2011,38992
Bosnia and Herzegovina,BIH,2012,27451
Bosnia and Herzegovina,BIH,2013,42125
Bosnia and Herzegovina,BIH,2014,47043
Bosnia and Herzegovina,BIH,2015,40782
Bosnia and Herzegovina,BIH,2016,61466
Bosnia and Herzegovina,BIH,2017,36527
Bosnia and Herzegovina,BIH,2018,66400
Botswana,BWA,1993,1353
Botswana,BWA,1994,1698
Botswana,BWA,1995,9477
Botswana,BWA,1996,2463
Botswana,BWA,1997,2867
Botswana,BWA,1998,910
Botswana,BWA,1999,1111
Botswana,BWA,2000,1123
Botswana,BWA,2001,1992
Botswana,BWA,2002,2947
Botswana,BWA,2003,2144
Botswana,BWA,2004,1743
Botswana,BWA,2005,2297
Botswana,BWA,2006,2511
Botswana,BWA,2007,1219
Botswana,BWA,2008,1844
Botswana,BWA,2009,2429
Botswana,BWA,2010,1617
Botswana,BWA,2011,3473
Botswana,BWA,2012,1370
Botswana,BWA,2013,849
Botswana,BWA,2014,2740
Botswana,BWA,2015,2552
Botswana,BWA,2016,2131
Botswana,BWA,2017,2403
Botswana,BWA,2018,2110
Brazil,BRA,1993,25321
Brazil,BRA,1994,23629
Brazil,BRA,1995,26005
Brazil,BRA,1996,24761
Brazil,BRA,1997,26228
Brazil,BRA,1998,27964
Brazil,BRA,1999,27765
Brazil,BRA,2000,27182
Brazil,BRA,2001,34019
Brazil,BRA,2002,30559
Brazil,BRA,2003,37273
Brazil,BRA,2004,33671
Brazil,BRA,2005,30403
Brazil,BRA,2006,33823
Brazil,BRA,2007,37852
Brazil,BRA,2008,40800
Brazil,BRA,2009,37145
Brazil,BRA,2010,43667
Brazil,BRA,2011,42107
Brazil,BRA,2012,50057
Brazil,BRA,2013,52536
Brazil,BRA,2014,51761
Brazil,BRA,2015,55353
Brazil,BRA,2016,42877
Brazil,BRA,2017,56183
Brazil,BRA,2018,51044
Bulgaria,BGR,1993,18609
Bulgaria,BGR,1994,28056
Bulgaria,BGR,1995,38237
Bulgaria,BGR,1996,21810
Bulgaria,BGR,1997,35782
Bulgaria,BGR,1998,27318
Bulgaria,BGR,1999,38239
Bulgaria,BGR,2000,17239
Bulgaria,BGR,2001,24713
Bulgaria,BGR,2002,42364
Bulgaria,BGR,2003,28000
Bulgaria,BGR,2004,55400
Bulgaria,BGR,2005,53085
Bulgaria,BGR,2006,45328
Bulgaria,BGR,2007,45719
Bulgaria,BGR,2008,41548
Bulgaria,BGR,2009,47071
Bulgaria,BGR,2010,62512
Bulgaria,BGR,2011,55310
Bulgaria,BGR,2012,36800
Bulgaria,BGR,2013,63943
Bulgaria,BGR,2014,76823
Bulgaria,BGR,2015,54085
Bulgaria,BGR,2016,54703
Bulgaria,BGR,2017,64362
Bulgaria,BGR,2018,78224
Burundi,BDI,1993,14342
Burundi,BDI,1994,12276
Burundi,BDI,1995,12752
Burundi,BDI,1996,13133
Burundi,BDI,1997,12608
Burundi,BDI,1998,11463
Burundi,BDI,1999,11192
Burundi,BDI,2000,10521
Burundi,BDI,2001,10817
Burundi,BDI,2002,10931
Burundi,BDI,2003,10670
Burundi,BDI,2004,10807
Burundi,BDI,2005,10833
Burundi,BDI,2006,10159
Burundi,BDI,2007,10204
Burundi,BDI,2008,10041
Burundi,BDI,2009,10032
Burundi,BDI,2010,10595
Burundi,BDI,2011,11087
Burundi,BDI,2012,11763
Burundi,BDI,2013,13218
Burundi,BDI,2014,13145
Burundi,BDI,2015,13262
Burundi,BDI,2016,14835
Burundi,BDI,2017,12977
Burundi,BDI,2018,15289
Cameroon,CMR,1993,11267
Cameroon,CMR,1994,11644
Cameroon,CMR,1995,15450
Cameroon,CMR,1996,18750
Cameroon,CMR,1997,20267
Cameroon,CMR,1998,18911
Cameroon,CMR,1999,25907
Cameroon,CMR,2000,24615
Cameroon,CMR,2001,24404
Cameroon,CMR,2002,20679
Cameroon,CMR,2003,19908
Cameroon,CMR,2004,19166
Cameroon,CMR,2005,21334
Cameroon,CMR,2006,22224
Cameroon,CMR,2007,20000
Cameroon,CMR,2008,20000
Cameroon,CMR,2009,19787
Cameroon,CMR,2010,19741
Cameroon,CMR,2011,20240
Cameroon,CMR,2012,17152
Cameroon,CMR,2013,19787
Cameroon,CMR,2014,17645
Cameroon,CMR,2015,17406
Cameroon,CMR,2016,17929
Cameroon,CMR,2017,18310
Cameroon,CMR,2018,17817
Canada,CAN,1993,64241
Canada,CAN,1994,73748
Canada,CAN,1995,72528
Canada,CAN,1996,69141
Canada,CAN,1997,68702
Canada,CAN,1998,80054
Canada,CAN,1999,79747
Canada,CAN,2000,62844
Canada,CAN,2001,66187
Canada,CAN,2002,70128
Canada,CAN,2003,78193
Canada,CAN,2004,82410
Canada,CAN,2005,86035
Canada,CAN,2006,84737
Canada,CAN,2007,85108
Canada,CAN,2008,90623
Canada,CAN,2009,83723
Canada,CAN,2010,100119
Canada,CAN,2011,94522
Canada,CAN,2012,92109
Canada,CAN,2013,95857
Canada,CAN,2014,94623
Canada,CAN,2015,104288
Canada,CAN,2016,105403
Canada,CAN,2017,100237
Canada,CAN,2018,97049
Chad,TCD,1993,8383
Chad,TCD,1994,12426
Chad,TCD,1995,8831
Chad,TCD,1996,8911
Chad,TCD,1997,9566
Chad,TCD,1998,14068
Chad,TCD,1999,6991
Chad,TCD,2000,7530
Chad,TCD,2001,5267
Chad,TCD,2002,7128
Chad,TCD,2003,9075
Chad,TCD,2004,8451
Chad,TCD,2005,10938
Chad,TCD,2006,10666
Chad,TCD,2007,10211
Chad,TCD,2008,9613
Chad,TCD,2009,9831
Chad,TCD,2010,8174
Chad,TCD,2011,12271
Chad,TCD,2012,13679
Chad,TCD,2013,12273
Chad,TCD,2014,11640
Chad,TCD,2015,11461
Chad,TCD,2016,12726
Chad,TCD,2017,11814
Chad,TCD,2018,12809
Chile,CHL,1993,84890
Chile,CHL,1994,89381
Chile,CHL,1995,91000
Chile,CHL,1996,94453
Chile,CHL,1997,82417
Chile,CHL,1998,94006
Chile,CHL,1999,85153
Chile,CHL,2000,94120
Chile,CHL,2001,94306
Chile,CHL,2002,105902
Chile,CHL,2003,99977
Chile,CHL,2004,110678
Chile,CHL,2005,112285
Chile,CHL,2006,111840
Chile,CHL,2007,89302
Chile,CHL,2008,101411
Chile,CHL,2009,104956
Chile,CHL,2010,110808
Chile,CHL,2011,119978
Chile,CHL,2012,107224
Chile,CHL,2013,106321
Chile,CHL,2014,101017
Chile,CHL,2015,122904
Chile,CHL,2016,115440
Chile,CHL,2017,112244
Chile,CHL,2018,124706
China,CHN,1993,49641
China,CHN,1994,46951
China,CHN,1995,49177
China,CHN,1996,52039
China,CHN,1997,43901
China,CHN,1998,52686
China,CHN,1999,49458
China,CHN,2000,45992
China,CHN,2001,46999
China,CHN,2002,48737
China,CHN,2003,48146
China,CHN,2004,51217
China,CHN,2005,52881
China,CHN,2006,53272
China,CHN,2007,51673
China,CHN,2008,55561
China,CHN,2009,52593
China,CHN,2010,54598
China,CHN,2011,57481
China,CHN,2012,58699
China,CHN,2013,60161
China,CHN,2014,58091
China,CHN,2015,58929
China,CHN,2016,59667
China,CHN,2017,61103
China,CHN,2018,61042
Colombia,COL,1993,15465
Colombia,COL,1994,15671
Colombia,COL,1995,15537
Colombia,COL,1996,16293
Colombia,COL,1997,17054
Colombia,COL,1998,16598
Colombia,COL,1999,17961
Colombia,COL,2000,21064
Colombia,COL,2001,20755
Colombia,COL,2002,22773
Colombia,COL,2003,26518
Colombia,COL,2004,26357
Colombia,COL,2005,27537
Colombia,COL,2006,25368
Colombia,COL,2007,27661
Colombia,COL,2008,27712
Colombia,COL,2009,26845
Colombia,COL,2010,27227
Colombia,COL,2011,28591
Colombia,COL,2012,29052
Colombia,COL,2013,28246
Colombia,COL,2014,35651
Colombia,COL,2015,36714
Colombia,COL,2016,30737
Colombia,COL,2017,35005
Colombia,COL,2018,35470
Croatia,HRV,1993,44822
Croatia,HRV,1994,45529
Croatia,HRV,1995,49027
Croatia,HRV,1996,52192
Croatia,HRV,1997,58802
Croatia,HRV,1998,52474
Croatia,HRV,1999,55584
Croatia,HRV,2000,40701
Croatia,HRV,2001,56659
Croatia,HRV,2002,63767
Croatia,HRV,2003,41993
Croatia,HRV,2004,63054
Croatia,HRV,2005,69182
Croatia,HRV,2006,65312
Croatia,HRV,2007,49371
Croatia,HRV,2008,79759
Croatia,HRV,2009,73508
Croatia,HRV,2010,69678
Croatia,HRV,2011,56817
Croatia,HRV,2012,43374
Croatia,HRV,2013,65000
Croatia,HRV,2014,81046
Croatia,HRV,2015,64748
Croatia,HRV,2016,85470
Croatia,HRV,2017,63113
Croatia,HRV,2018,91237
Czech Republic,CZE,1993,48746
Czech Republic,CZE,1994,33896
Czech Republic,CZE,1995,42840
Czech Republic,CZE,1996,50927
Czech Republic,CZE,1997,69250
Czech Republic,CZE,1998,60948
Czech Republic,CZE,1999,66037
Czech Republic,CZE,2000,64285
Czech Republic,CZE,2001,65978
Czech Republic,CZE,2002,87322
Czech Republic,CZE,2003,55764
Czech Republic,CZE,2004,61346
Czech Republic,CZE,2005,71696
Czech Republic,CZE,2006,67526
Czech Republic,CZE,2007,67955
Czech Republic,CZE,2008,75446
Czech Republic,CZE,2009,84506
Czech Republic,CZE,2010,67062
Czech Republic,CZE,2011,87908
Czech Republic,CZE,2012,77778
Czech Republic,CZE,2013,69697
Czech Republic,CZE,2014,84278
Czech Republic,CZE,2015,55358
Czech Republic,CZE,2016,97882
Czech Republic,CZE,2017,68389
Czech Republic,CZE,2018,59762
Democratic Republic of Congo,COD,1993,8257
Democratic Republic of Congo,COD,1994,8266
Democratic Republic of Congo,COD,1995,7866
Democratic Republic of Congo,COD,1996,7994
Democratic Republic of Congo,COD,1997,8178
Democratic Republic of Congo,COD,1998,8319
Democratic Republic of Congo,COD,1999,7990
Democratic Republic of Congo,COD,2000,7990
Democratic Republic of Congo,COD,2001,7990
Democratic Republic of Congo,COD,2002,7790
Democratic Republic of Congo,COD,2003,7790
Democratic Republic of Congo,COD,2004,7790
Democratic Republic of Congo,COD,2005,7790
Democratic Republic of Congo,COD,2006,7790
Democratic Republic of Congo,COD,2007,7790
Democratic Republic of Congo,COD,2008,7790
Democratic Republic of Congo,COD,2009,7790
Democratic Republic of Congo,COD,2010,7785
Democratic Republic of Congo,COD,2011,7779
Democratic Republic of Congo,COD,2012,7782
Democratic Republic of Congo,COD,2013,7793
Democratic Republic of Congo,COD,2014,7759
Democratic Republic of Congo,COD,2015,7758
Democratic Republic of Congo,COD,2016,7769
Democratic Republic of Congo,COD,2017,7762
Democratic Republic of Congo,COD,2018,7754
Ecuador,ECU,1993,11442
Ecuador,ECU,1994,11208
Ecuador,ECU,1995,11551
Ecuador,ECU,1996,11425
Ecuador,ECU,1997,11482
Ecuador,ECU,1998,10743
Ecuador,ECU,1999,11813
Ecuador,ECU,2000,14614
Ecuador,ECU,2001,7642
Ecuador,ECU,2002,14319
Ecuador,ECU,2003,16898
Ecuador,ECU,2004,18841
Ecuador,ECU,2005,21232
Ecuador,ECU,2006,18776
Ecuador,ECU,2007,23105
Ecuador,ECU,2008,22442
Ecuador,ECU,2009,22003
Ecuador,ECU,2010,22348
Ecuador,ECU,2011,16672
Ecuador,ECU,2012,27324
Ecuador,ECU,2013,23702
Ecuador,ECU,2014,34336
Ecuador,ECU,2015,44669
Ecuador,ECU,2016,35646
Ecuador,ECU,2017,40023
Ecuador,ECU,2018,36245
Egypt,EGY,1993,60780
Egypt,EGY,1994,59065
Egypt,EGY,1995,61630
Egypt,EGY,1996,69523
Egypt,EGY,1997,71298
Egypt,EGY,1998,72257
Egypt,EGY,1999,75174
Egypt,EGY,2000,76800
Egypt,EGY,2001,69798
Egypt,EGY,2002,77656
Egypt,EGY,2003,78293
Egypt,EGY,2004,79087
Egypt,EGY,2005,81607
Egypt,EGY,2006,83705
Egypt,EGY,2007,80463
Egypt,EGY,2008,79053
Egypt,EGY,2009,78184
Egypt,EGY,2010,72700
Egypt,EGY,2011,77409
Egypt,EGY,2012,77723
Egypt,EGY,2013,77223
Egypt,EGY,2014,77556
Egypt,EGY,2015,73546
Egypt,EGY,2016,76071
Egypt,EGY,2017,77895
Egypt,EGY,2018,78010
Eritrea,ERI,1993,2308
Eritrea,ERI,1994,7689
Eritrea,ERI,1995,3366
Eritrea,ERI,1996,3974
Eritrea,ERI,1997,2495
Eritrea,ERI,1998,7532
Eritrea,ERI,1999,7920
Eritrea,ERI,2000,2358
Eritrea,ERI,2001,7851
Eritrea,ERI,2002,2076
Eritrea,ERI,2003,3335
Eritrea,ERI,2004,2409
Eritrea,ERI,2005,4906
Eritrea,ERI,2006,9755
Eritrea,ERI,2007,8321
Eritrea,ERI,2008,2123
Eritrea,ERI,2009,8689
Eritrea,ERI,2010,9000
Eritrea,ERI,2011,9524
Eritrea,ERI,2012,10476
Eritrea,ERI,2013,10000
Eritrea,ERI,2014,9474
Eritrea,ERI,2015,10000
Eritrea,ERI,2016,10000
Eritrea,ERI,2017,10000
Eritrea,ERI,2018,10195
Ethiopia,ETH,1993,17364
Ethiopia,ETH,1994,11235
Ethiopia,ETH,1995,13590
Ethiopia,ETH,1996,16826
Ethiopia,ETH,1997,17381
Ethiopia,ETH,1998,16175
Ethiopia,ETH,1999,17150
Ethiopia,ETH,2000,16204
Ethiopia,ETH,2001,17427
Ethiopia,ETH,2002,18753
Ethiopia,ETH,2003,15319
Ethiopia,ETH,2004,16132
Ethiopia,ETH,2005,20060
Ethiopia,ETH,2006,26404
Ethiopia,ETH,2007,19692
Ethiopia,ETH,2008,21367
Ethiopia,ETH,2009,21990
Ethiopia,ETH,2010,25398
Ethiopia,ETH,2011,29539
Ethiopia,ETH,2012,30592
Ethiopia,ETH,2013,32542
Ethiopia,ETH,2014,34210
Ethiopia,ETH,2015,37331
Ethiopia,ETH,2016,36745
Ethiopia,ETH,2017,37361
Ethiopia,ETH,2018,32919
France,FRA,1993,80479
France,FRA,1994,77983
France,FRA,1995,77182
France,FRA,1996,83856
France,FRA,1997,90651
France,FRA,1998,84528
France,FRA,1999,89523
France,FRA,2000,90766
France,FRA,2001,85711
France,FRA,2002,89751
France,FRA,2003,71502
France,FRA,2004,89907
France,FRA,2005,82539
France,FRA,2006,85818
France,FRA,2007,94821
France,FRA,2008,91258
France,FRA,2009,88934
France,FRA,2010,88299
France,FRA,2011,99668
France,FRA,2012,90024
France,FRA,2013,81592
France,FRA,2014,100505
France,FRA,2015,83784
France,FRA,2016,82060
France,FRA,2017,101239
France,FRA,2018,89084
Georgia,GEO,1993,23058
Georgia,GEO,1994,25950
Georgia,GEO,1995,28461
Georgia,GEO,1996,34840
Georgia,GEO,1997,29230
Georgia,GEO,1998,20553
Georgia,GEO,1999,22255
Georgia,GEO,2000,16161
Georgia,GEO,2001,15637
Georgia,GEO,2002,20523
Georgia,GEO,2003,24250
Georgia,GEO,2004,21944
Georgia,GEO,2005,21851
Georgia,GEO,2006,18377
Georgia,GEO,2007,24068
Georgia,GEO,2008,23211
Georgia,GEO,2009,23525
Georgia,GEO,2010,14138
Georgia,GEO,2011,22867
Georgia,GEO,2012,24473
Georgia,GEO,2013,24806
Georgia,GEO,2014,23309
Georgia,GEO,2015,17108
Georgia,GEO,2016,26204
Georgia,GEO,2017,18130
Georgia,GEO,2018,27199
Germany,DEU,1993,80227
Germany,DEU,1994,70808
Germany,DEU,1995,73664
Germany,DEU,1996,78272
Germany,DEU,1997,86577
Germany,DEU,1998,81561
Germany,DEU,1999,87850
Germany,DEU,2000,92119
Germany,DEU,2001,88376
Germany,DEU,2002,93755
Germany,DEU,2003,73845
Germany,DEU,2004,90966
Germany,DEU,2005,92139
Germany,DEU,2006,80307
Germany,DEU,2007,94475
Germany,DEU,2008,98099
Germany,DEU,2009,97500
Germany,DEU,2010,90261
Germany,DEU,2011,106243
Germany,DEU,2012,104802
Germany,DEU,2013,88276
Germany,DEU,2014,106838
Germany,DEU,2015,87223
Germany,DEU,2016,96512
Germany,DEU,2017,105269
Germany,DEU,2018,81363
Greece,GRC,1993,98951
Greece,GRC,1994,97800
Greece,GRC,1995,100563
Greece,GRC,1996,99314
Greece,GRC,1997,104030
Greece,GRC,1998,88247
Greece,GRC,1999,95128
Greece,GRC,2000,96708
Greece,GRC,2001,103463
Greece,GRC,2002,99544
Greece,GRC,2003,104056
Greece,GRC,2004,101088
Greece,GRC,2005,103033
Greece,GRC,2006,101383
Greece,GRC,2007,100223
Greece,GRC,2008,104810
Greece,GRC,2009,104326
Greece,GRC,2010,103818
Greece,GRC,2011,107069
Greece,GRC,2012,104559
Greece,GRC,2013,106689
Greece,GRC,2014,111034
Greece,GRC,2015,116702
Greece,GRC,2016,113337
Greece,GRC,2017,115985
Greece,GRC,2018,106301
Guatemala,GTM,1993,18506
Guatemala,GTM,1994,19569
Guatemala,GTM,1995,19436
Guatemala,GTM,1996,18201
Guatemala,GTM,1997,14942
Guatemala,GTM,1998,16994
Guatemala,GTM,1999,17378
Guatemala,GTM,2000,17811
Guatemala,GTM,2001,20681
Guatemala,GTM,2002,20659
Guatemala,GTM,2003,20971
Guatemala,GTM,2004,21307
Guatemala,GTM,2005,23360
Guatemala,GTM,2006,25807
Guatemala,GTM,2007,23219
Guatemala,GTM,2008,20115
Guatemala,GTM,2009,19798
Guatemala,GTM,2010,19944
Guatemala,GTM,2011,19976
Guatemala,GTM,2012,20348
Guatemala,GTM,2013,20827
Guatemala,GTM,2014,20898
Guatemala,GTM,2015,21148
Guatemala,GTM,2016,21522
Guatemala,GTM,2017,21540
Guatemala,GTM,2018,21589
Honduras,HND,1993,13694
Honduras,HND,1994,13837
Honduras,HND,1995,16396
Honduras,HND,1996,16180
Honduras,HND,1997,15591
Honduras,HND,1998,10557
Honduras,HND,1999,12249
Honduras,HND,2000,14360
Honduras,HND,2001,14992
Honduras,HND,2002,13655
Honduras,HND,2003,15572
Honduras,HND,2004,13855
Honduras,HND,2005,15387
Honduras,HND,2006,15394
Honduras,HND,2007,16922
Honduras,HND,2008,16885
Honduras,HND,2009,17503
Honduras,HND,2010,16504
Honduras,HND,2011,16593
Honduras,HND,2012,15795
Honduras,HND,2013,16183
Honduras,HND,2014,18571
Honduras,HND,2015,17804
Honduras,HND,2016,18571
Honduras,HND,2017,17910
Honduras,HND,2018,18025
Hungary,HUN,1993,35000
Hungary,HUN,1994,38500
Hungary,HUN,1995,45295
Hungary,HUN,1996,56867
Hungary,HUN,1997,64480
Hungary,HUN,1998,60049
Hungary,HUN,1999,64130
Hungary,HUN,2000,41790
Hungary,HUN,2001,62456
Hungary,HUN,2002,50762
Hungary,HUN,2003,39591
Hungary,HUN,2004,70012
Hungary,HUN,2005,75571
Hungary,HUN,2006,68165
Hungary,HUN,2007,37327
Hungary,HUN,2008,74653
Hungary,HUN,2009,63945
Hungary,HUN,2010,64745
Hungary,HUN,2011,64976
Hungary,HUN,2012,39979
Hungary,HUN,2013,54373
Hungary,HUN,2014,78185
Hungary,HUN,2015,57871
Hungary,HUN,2016,86301
Hungary,HUN,2017,68154
Hungary,HUN,2018,84358
India,IND,1993,16015
India,IND,1994,14480
India,IND,1995,15946
India,IND,1996,17094
India,IND,1997,17111
India,IND,1998,17969
India,IND,1999,17922
India,IND,2000,18216
India,IND,2001,19996
India,IND,2002,16807
India,IND,2003,20405
India,IND,2004,19073
India,IND,2005,19385
India,IND,2006,19125
India,IND,2007,23352
India,IND,2008,24140
India,IND,2009,20238
India,IND,2010,25401
India,IND,2011,24784
India,IND,2012,25557
India,IND,2013,25726
India,IND,2014,26107
India,IND,2015,25972
India,IND,2016,26162
India,IND,2017,31182
India,IND,2018,30239
Iran,IRN,1993,68775
Iran,IRN,1994,65938
Iran,IRN,1995,61038
Iran,IRN,1996,66904
Iran,IRN,1997,67158
Iran,IRN,1998,60400
Iran,IRN,1999,62003
Iran,IRN,2000,61655
Iran,IRN,2001,61613
Iran,IRN,2002,67257
Iran,IRN,2003,67242
Iran,IRN,2004,70172
Iran,IRN,2005,72219
Iran,IRN,2006,74221
Iran,IRN,2007,76912
Iran,IRN,2008,64307
Iran,IRN,2009,59165
Iran,IRN,2010,68981
Iran,IRN,2011,71959
Iran,IRN,2012,61856
Iran,IRN,2013,63859
Iran,IRN,2014,71007
Iran,IRN,2015,70330
Iran,IRN,2016,73838
Iran,IRN,2017,70332
Iran,IRN,2018,69588
Iraq,IRQ,1993,19310
Iraq,IRQ,1994,21333
Iraq,IRQ,1995,14286
Iraq,IRQ,1996,20833
Iraq,IRQ,1997,19836
Iraq,IRQ,1998,21803
Iraq,IRQ,1999,19167
Iraq,IRQ,2000,7560
Iraq,IRQ,2001,23613
Iraq,IRQ,2002,24433
Iraq,IRQ,2003,24462
Iraq,IRQ,2004,22486
Iraq,IRQ,2005,23079
Iraq,IRQ,2006,24255
Iraq,IRQ,2007,24774
Iraq,IRQ,2008,23492
Iraq,IRQ,2009,20878
Iraq,IRQ,2010,23586
Iraq,IRQ,2011,26077
Iraq,IRQ,2012,33444
Iraq,IRQ,2013,42214
Iraq,IRQ,2014,34205
Iraq,IRQ,2015,31844
Iraq,IRQ,2016,38890
Iraq,IRQ,2017,35625
Iraq,IRQ,2018,35245
Israel,ISR,1993,127635
Israel,ISR,1994,103609
Israel,ISR,1995,91698
Israel,ISR,1996,116140
Israel,ISR,1997,137319
Israel,ISR,1998,147069
Israel,ISR,1999,140757
Israel,ISR,2000,126691
Israel,ISR,2001,121500
Israel,ISR,2002,124297
Israel,ISR,2003,125808
Israel,ISR,2004,153707
Israel,ISR,2005,128879
Israel,ISR,2006,176039
Israel,ISR,2007,185962
Israel,ISR,2008,185237
Israel,ISR,2009,251854
Israel,ISR,2010,292355
Israel,ISR,2011,338158
Israel,ISR,2012,255563
Israel,ISR,2013,225559
Israel,ISR,2014,340977
Israel,ISR,2015,206953
Israel,ISR,2016,229983
Israel,ISR,2017,257597
Israel,ISR,2018,247523
Italy,ITA,1993,86612
Italy,ITA,1994,82235
Italy,ITA,1995,89695
Italy,ITA,1996,93328
Italy,ITA,1997,96270
Italy,ITA,1998,93217
Italy,ITA,1999,97444
Italy,ITA,2000,95277
Italy,ITA,2001,95135
Italy,ITA,2002,94918
Italy,ITA,2003,74811
Italy,ITA,2004,94975
Italy,ITA,2005,93678
Italy,ITA,2006,87285
Italy,ITA,2007,93120
Italy,ITA,2008,95726
Italy,ITA,2009,86048
Italy,ITA,2010,91672
Italy,ITA,2011,98033
Italy,ITA,2012,80325
Italy,ITA,2013,86989
Italy,ITA,2014,106208
Italy,ITA,2015,97254
Italy,ITA,2016,103515
Italy,ITA,2017,93667
Italy,ITA,2018,104516
Japan,JPN,1993,25000
Japan,JPN,1994,24852
Japan,JPN,1995,25000
Japan,JPN,1996,24510
Japan,JPN,1997,24771
Japan,JPN,1998,24468
Japan,JPN,1999,24000
Japan,JPN,2000,24710
Japan,JPN,2001,25000
Japan,JPN,2002,24615
Japan,JPN,2003,24979
Japan,JPN,2004,25000
Japan,JPN,2005,25263
Japan,JPN,2006,25332
Japan,JPN,2007,25406
Japan,JPN,2008,25470
Japan,JPN,2009,25385
Japan,JPN,2010,25659
Japan,JPN,2011,25817
Japan,JPN,2012,26154
Japan,JPN,2013,27273
Japan,JPN,2014,27065
Japan,JPN,2015,26272
Japan,JPN,2016,26401
Japan,JPN,2017,26476
Japan,JPN,2018,26551
Jordan,JOR,1993,108296
Jordan,JOR,1994,140243
Jordan,JOR,1995,126529
Jordan,JOR,1996,137307
Jordan,JOR,1997,116255
Jordan,JOR,1998,89292
Jordan,JOR,1999,119320
Jordan,JOR,2000,145638
Jordan,JOR,2001,130538
Jordan,JOR,2002,286750
Jordan,JOR,2003,230989
Jordan,JOR,2004,187342
Jordan,JOR,2005,233152
Jordan,JOR,2006,224062
Jordan,JOR,2007,224508
Jordan,JOR,2008,184832
Jordan,JOR,2009,189396
Jordan,JOR,2010,193890
Jordan,JOR,2011,206784
Jordan,JOR,2012,105709
Jordan,JOR,2013,185326
Jordan,JOR,2014,161829
Jordan,JOR,2015,280447
Jordan,JOR,2016,348767
Jordan,JOR,2017,174675
Jordan,JOR,2018,212206
Kazakhstan,KAZ,1993,32677
Kazakhstan,KAZ,1994,22387
Kazakhstan,KAZ,1995,19316
Kazakhstan,KAZ,1996,16795
Kazakhstan,KAZ,1997,18136
Kazakhstan,KAZ,1998,26780
Kazakhstan,KAZ,1999,30168
Kazakhstan,KAZ,2000,33350
Kazakhstan,KAZ,2001,37125
Kazakhstan,KAZ,2002,41370
Kazakhstan,KAZ,2003,43236
Kazakhstan,KAZ,2004,44575
Kazakhstan,KAZ,2005,41546
Kazakhstan,KAZ,2006,46317
Kazakhstan,KAZ,2007,45636
Kazakhstan,KAZ,2008,44042
Kazakhstan,KAZ,2009,47500
Kazakhstan,KAZ,2010,48331
Kazakhstan,KAZ,2011,49864
Kazakhstan,KAZ,2012,51877
Kazakhstan,KAZ,2013,52779
Kazakhstan,KAZ,2014,52820
Kazakhstan,KAZ,2015,53297
Kazakhstan,KAZ,2016,56423
Kazakhstan,KAZ,2017,57412
Kazakhstan,KAZ,2018,57449
Kenya,KEN,1993,15549
Kenya,KEN,1994,20400
Kenya,KEN,1995,18759
Kenya,KEN,1996,14506
Kenya,KEN,1997,14713
Kenya,KEN,1998,16697
Kenya,KEN,1999,14817
Kenya,KEN,2000,14400
Kenya,KEN,2001,17012
Kenya,KEN,2002,15126
Kenya,KEN,2003,16224
Kenya,KEN,2004,19293
Kenya,KEN,2005,16405
Kenya,KEN,2006,17197
Kenya,KEN,2007,18132
Kenya,KEN,2008,13925
Kenya,KEN,2009,12943
Kenya,KEN,2010,17251
Kenya,KEN,2011,15840
Kenya,KEN,2012,17366
Kenya,KEN,2013,16922
Kenya,KEN,2014,16602
Kenya,KEN,2015,18230
Kenya,KEN,2016,14284
Kenya,KEN,2017,17626
Kenya,KEN,2018,18741
Kuwait,KWT,1993,108182
Kuwait,KWT,1994,187692
Kuwait,KWT,1995,186029
Kuwait,KWT,1996,187105
Kuwait,KWT,1997,185391
Kuwait,KWT,1998,188182
Kuwait,KWT,1999,202174
Kuwait,KWT,2000,205630
Kuwait,KWT,2001,199217
Kuwait,KWT,2002,200613
Kuwait,KWT,2003,198106
Kuwait,KWT,2004,197703
Kuwait,KWT,2005,197297
Kuwait,KWT,2006,198979
Kuwait,KWT,2007,197865
Kuwait,KWT,2008,200933
Kuwait,KWT,2009,199557
Kuwait,KWT,2010,197349
Kuwait,KWT,2011,197232
Kuwait,KWT,2012,197306
Kuwait,KWT,2013,311478
Kuwait,KWT,2014,307532
Kuwait,KWT,2015,84676
Kuwait,KWT,2016,65533
Kuwait,KWT,2017,72143
Kuwait,KWT,2018,175972
Kyrgyzstan,KGZ,1993,45160
Kyrgyzstan,KGZ,1994,35328
Kyrgyzstan,KGZ,1995,32072
Kyrgyzstan,KGZ,1996,39176
Kyrgyzstan,KGZ,1997,44534
Kyrgyzstan,KGZ,1998,49222
Kyrgyzstan,KGZ,1999,53038
Kyrgyzstan,KGZ,2000,57523
Kyrgyzstan,KGZ,2001,60960
Kyrgyzstan,KGZ,2002,57803
Kyrgyzstan,KGZ,2003,60898
Kyrgyzstan,KGZ,2004,61938
Kyrgyzstan,KGZ,2005,60648
Kyrgyzstan,KGZ,2006,60696
Kyrgyzstan,KGZ,2007,60599
Kyrgyzstan,KGZ,2008,58568
Kyrgyzstan,KGZ,2009,61756
Kyrgyzstan,KGZ,2010,60632
Kyrgyzstan,KGZ,2011,60143
Kyrgyzstan,KGZ,2012,60965
Kyrgyzstan,KGZ,2013,61825
Kyrgyzstan,KGZ,2014,60462
Kyrgyzstan,KGZ,2015,62722
Kyrgyzstan,KGZ,2016,63779
Kyrgyzstan,KGZ,2017,64452
Kyrgyzstan,KGZ,2018,65949
Lebanon,LBN,1993,18919
Lebanon,LBN,1994,20288
Lebanon,LBN,1995,23269
Lebanon,LBN,1996,23461
Lebanon,LBN,1997,31111
Lebanon,LBN,1998,50000
Lebanon,LBN,1999,57143
Lebanon,LBN,2000,38889
Lebanon,LBN,2001,43231
Lebanon,LBN,2002,32435
Lebanon,LBN,2003,35484
Lebanon,LBN,2004,60000
Lebanon,LBN,2005,37778
Lebanon,LBN,2006,29524
Lebanon,LBN,2007,34444
Lebanon,LBN,2008,37778
Lebanon,LBN,2009,36210
Lebanon,LBN,2010,36614
Lebanon,LBN,2011,35438
Lebanon,LBN,2012,34681
Lebanon,LBN,2013,33964
Lebanon,LBN,2014,30000
Lebanon,LBN,2015,36407
Lebanon,LBN,2016,40727
Lebanon,LBN,2017,41162
Lebanon,LBN,2018,37859
Lesotho,LSO,1993,8875
Lesotho,LSO,1994,8629
Lesotho,LSO,1995,8126
Lesotho,LSO,1996,12490
Lesotho,LSO,1997,9857
Lesotho,LSO,1998,13171
Lesotho,LSO,1999,9410
Lesotho,LSO,2000,6773
Lesotho,LSO,2001,8913
Lesotho,LSO,2002,8088
Lesotho,LSO,2003,6439
Lesotho,LSO,2004,6347
Lesotho,LSO,2005,7011
Lesotho,LSO,2006,5974
Lesotho,LSO,2007,4877
Lesotho,LSO,2008,4349
Lesotho,LSO,2009,4159
Lesotho,LSO,2010,9071
Lesotho,LSO,2011,6344
Lesotho,LSO,2012,6952
Lesotho,LSO,2013,8227
Lesotho,LSO,2014,6786
Lesotho,LSO,2015,6571
Lesotho,LSO,2016,4680
Lesotho,LSO,2017,10409
Lesotho,LSO,2018,7850
Libya,LBY,1993,13216
Libya,LBY,1994,12817
Libya,LBY,1995,13696
Libya,LBY,1996,10526
Libya,LBY,1997,17500
Libya,LBY,1998,18000
Libya,LBY,1999,20000
Libya,LBY,2000,28900
Libya,LBY,2001,20000
Libya,LBY,2002,15000
Libya,LBY,2003,15000
Libya,LBY,2004,24000
Libya,LBY,2005,24000
Libya,LBY,2006,22246
Libya,LBY,2007,22246
Libya,LBY,2008,22299
Libya,LBY,2009,24790
Libya,LBY,2010,19333
Libya,LBY,2011,21643
Libya,LBY,2012,21851
Libya,LBY,2013,20000
Libya,LBY,2014,21264
Libya,LBY,2015,22512
Libya,LBY,2016,22022
Libya,LBY,2017,22148
Libya,LBY,2018,22274
Lithuania,LTU,1993,12043
Lithuania,LTU,1994,12193
Lithuania,LTU,1995,12343
Lithuania,LTU,1996,13095
Lithuania,LTU,1997,14191
Lithuania,LTU,1998,15287
Lithuania,LTU,1999,16384
Lithuania,LTU,2000,17497
Lithuania,LTU,2001,23126
Lithuania,LTU,2002,28621
Lithuania,LTU,2003,10000
Lithuania,LTU,2004,21429
Lithuania,LTU,2005,30625
Lithuania,LTU,2006,23500
Lithuania,LTU,2007,48148
Lithuania,LTU,2008,42105
Lithuania,LTU,2009,43273
Lithuania,LTU,2010,66901
Lithuania,LTU,2011,74896
Lithuania,LTU,2012,61085
Lithuania,LTU,2013,73953
Lithuania,LTU,2014,60526
Lithuania,LTU,2015,48205
Lithuania,LTU,2016,69397
Lithuania,LTU,2017,57381
Lithuania,LTU,2018,65393
Macedonia,MKD,1993,22613
Macedonia,MKD,1994,31183
Macedonia,MKD,1995,39019
Macedonia,MKD,1996,33885
Macedonia,MKD,1997,39154
Macedonia,MKD,1998,43734
Macedonia,MKD,1999,40926
Macedonia,MKD,2000,33819
Macedonia,MKD,2001,34500
Macedonia,MKD,2002,41404
Macedonia,MKD,2003,40599
Macedonia,MKD,2004,43262
Macedonia,MKD,2005,44909
Macedonia,MKD,2006,46493
Macedonia,MKD,2007,38361
Macedonia,MKD,2008,40991
Macedonia,MKD,2009,47054
Macedonia,MKD,2010,44778
Macedonia,MKD,2011,42704
Macedonia,MKD,2012,39554
Macedonia,MKD,2013,42269
Macedonia,MKD,2014,44898
Macedonia,MKD,2015,42143
Macedonia,MKD,2016,46266
Macedonia,MKD,2017,38437
Macedonia,MKD,2018,51456
Madagascar,MDG,1993,8972
Madagascar,MDG,1994,9451
Madagascar,MDG,1995,9628
Madagascar,MDG,1996,9299
Madagascar,MDG,1997,9368
Madagascar,MDG,1998,8306
Madagascar,MDG,1999,9162
Madagascar,MDG,2000,8838
Madagascar,MDG,2001,9290
Madagascar,MDG,2002,8845
Madagascar,MDG,2003,16255
Madagascar,MDG,2004,17779
Madagascar,MDG,2005,15464
Madagascar,MDG,2006,15891
Madagascar,MDG,2007,16191
Madagascar,MDG,2008,16569
Madagascar,MDG,2009,16225
Madagascar,MDG,2010,15577
Madagascar,MDG,2011,15455
Madagascar,MDG,2012,16591
Madagascar,MDG,2013,16581
Madagascar,MDG,2014,16720
Madagascar,MDG,2015,16783
Madagascar,MDG,2016,16560
Madagascar,MDG,2017,16613
Madagascar,MDG,2018,16666
Malawi,MWI,1993,15327
Malawi,MWI,1994,9209
Malawi,MWI,1995,13517
Malawi,MWI,1996,14433
Malawi,MWI,1997,10959
Malawi,MWI,1998,13711
Malawi,MWI,1999,18109
Malawi,MWI,2000,17428
Malawi,MWI,2001,11845
Malawi,MWI,2002,10460
Malawi,MWI,2003,12259
Malawi,MWI,2004,10460
Malawi,MWI,2005,8093
Malawi,MWI,2006,14814
Malawi,MWI,2007,26547
Malawi,MWI,2008,16498
Malawi,MWI,2009,22265
Malawi,MWI,2010,20158
Malawi,MWI,2011,22079
Malawi,MWI,2012,21932
Malawi,MWI,2013,21708
Malawi,MWI,2014,23339
Malawi,MWI,2015,16563
Malawi,MWI,2016,14154
Malawi,MWI,2017,20078
Malawi,MWI,2018,16008
Mali,MLI,1993,11029
Mali,MLI,1994,11347
Mali,MLI,1995,12843
Mali,MLI,1996,15845
Mali,MLI,1997,16930
Mali,MLI,1998,16416
Mali,MLI,1999,14541
Mali,MLI,2000,13322
Mali,MLI,2001,11585
Mali,MLI,2002,11478
Mali,MLI,2003,14360
Mali,MLI,2004,18210
Mali,MLI,2005,14933
Mali,MLI,2006,17134
Mali,MLI,2007,16831
Mali,MLI,2008,19732
Mali,MLI,2009,33349
Mali,MLI,2010,26886
Mali,MLI,2011,14037
Mali,MLI,2012,24427
Mali,MLI,2013,25927
Mali,MLI,2014,21715
Mali,MLI,2015,25299
Mali,MLI,2016,27255
Mali,MLI,2017,22801
Mali,MLI,2018,32114
Mauritania,MRT,1993,12291
Mauritania,MRT,1994,4987
Mauritania,MRT,1995,7996
Mauritania,MRT,1996,5871
Mauritania,MRT,1997,8627
Mauritania,MRT,1998,8387
Mauritania,MRT,1999,7618
Mauritania,MRT,2000,9054
Mauritania,MRT,2001,10016
Mauritania,MRT,2002,5644
Mauritania,MRT,2003,7755
Mauritania,MRT,2004,11513
Mauritania,MRT,2005,8156
Mauritania,MRT,2006,4975
Mauritania,MRT,2007,7116
Mauritania,MRT,2008,7059
Mauritania,MRT,2009,5542
Mauritania,MRT,2010,8592
Mauritania,MRT,2011,6611
Mauritania,MRT,2012,6904
Mauritania,MRT,2013,4731
Mauritania,MRT,2014,6818
Mauritania,MRT,2015,6500
Mauritania,MRT,2016,6818
Mauritania,MRT,2017,6667
Mauritania,MRT,2018,6886
Mexico,MEX,1993,24401
Mexico,MEX,1994,22255
Mexico,MEX,1995,22883
Mexico,MEX,1996,22387
Mexico,MEX,1997,23840
Mexico,MEX,1998,23429
Mexico,MEX,1999,24720
Mexico,MEX,2000,24620
Mexico,MEX,2001,25777
Mexico,MEX,2002,27105
Mexico,MEX,2003,27525
Mexico,MEX,2004,28188
Mexico,MEX,2005,29276
Mexico,MEX,2006,30012
Mexico,MEX,2007,32063
Mexico,MEX,2008,33071
Mexico,MEX,2009,32368
Mexico,MEX,2010,32599
Mexico,MEX,2011,29058
Mexico,MEX,2012,31874
Mexico,MEX,2013,31941
Mexico,MEX,2014,32964
Mexico,MEX,2015,34782
Mexico,MEX,2016,37180
Mexico,MEX,2017,37888
Mexico,MEX,2018,38146
Moldova,MDA,1993,38660
Moldova,MDA,1994,22205
Moldova,MDA,1995,29757
Moldova,MDA,1996,28987
Moldova,MDA,1997,39998
Moldova,MDA,1998,31121
Moldova,MDA,1999,28282
Moldova,MDA,2000,23358
Moldova,MDA,2001,23714
Moldova,MDA,2002,26721
Moldova,MDA,2003,25551
Moldova,MDA,2004,30711
Moldova,MDA,2005,32728
Moldova,MDA,2006,29059
Moldova,MDA,2007,30776
Moldova,MDA,2008,34922
Moldova,MDA,2009,28897
Moldova,MDA,2010,34540
Moldova,MDA,2011,32548
Moldova,MDA,2012,30812
Moldova,MDA,2013,31042
Moldova,MDA,2014,33485
Moldova,MDA,2015,22047
Moldova,MDA,2016,29881
Moldova,MDA,2017,36960
Moldova,MDA,2018,42398
Morocco,MAR,1993,2065
Morocco,MAR,1994,6261
Morocco,MAR,1995,1303
Morocco,MAR,1996,9274
Morocco,MAR,1997,10984
Morocco,MAR,1998,6468
Morocco,MAR,1999,4120
Morocco,MAR,2000,4000
Morocco,MAR,2001,2107
Morocco,MAR,2002,7494
Morocco,MAR,2003,5617
Morocco,MAR,2004,9152
Morocco,MAR,2005,2036
Morocco,MAR,2006,12198
Morocco,MAR,2007,4155
Morocco,MAR,2008,5515
Morocco,MAR,2009,9151
Morocco,MAR,2010,12132
Morocco,MAR,2011,11533
Morocco,MAR,2012,7648
Morocco,MAR,2013,6632
Morocco,MAR,2014,7085
Morocco,MAR,2015,7544
Morocco,MAR,2016,9275
Morocco,MAR,2017,9362
Morocco,MAR,2018,7990
Mozambique,MOZ,1993,6332
Mozambique,MOZ,1994,5207
Mozambique,MOZ,1995,6794
Mozambique,MOZ,1996,9395
Mozambique,MOZ,1997,9033
Mozambique,MOZ,1998,9006
Mozambique,MOZ,1999,11596
Mozambique,MOZ,2000,9399
Mozambique,MOZ,2001,9580
Mozambique,MOZ,2002,7065
Mozambique,MOZ,2003,8711
Mozambique,MOZ,2004,8085
Mozambique,MOZ,2005,4950
Mozambique,MOZ,2006,8387
Mozambique,MOZ,2007,6813
Mozambique,MOZ,2008,6177
Mozambique,MOZ,2009,10000
Mozambique,MOZ,2010,12024
Mozambique,MOZ,2011,12020
Mozambique,MOZ,2012,14980
Mozambique,MOZ,2013,6814
Mozambique,MOZ,2014,7967
Mozambique,MOZ,2015,8036
Mozambique,MOZ,2016,9057
Mozambique,MOZ,2017,9272
Mozambique,MOZ,2018,9056
Myanmar,MMR,1993,15081
Myanmar,MMR,1994,16828
Myanmar,MMR,1995,16746
Myanmar,MMR,1996,17043
Myanmar,MMR,1997,18885
Myanmar,MMR,1998,16250
Myanmar,MMR,1999,16880
Myanmar,MMR,2000,17055
Myanmar,MMR,2001,20918
Myanmar,MMR,2002,22116
Myanmar,MMR,2003,24356
Myanmar,MMR,2004,26354
Myanmar,MMR,2005,28297
Myanmar,MMR,2006,31066
Myanmar,MMR,2007,32680
Myanmar,MMR,2008,33380
Myanmar,MMR,2009,33766
Myanmar,MMR,2010,34826
Myanmar,MMR,2011,35511
Myanmar,MMR,2012,35851
Myanmar,MMR,2013,36386
Myanmar,MMR,2014,36965
Myanmar,MMR,2015,37215
Myanmar,MMR,2016,37505
Myanmar,MMR,2017,38140
Myanmar,MMR,2018,38412
Namibia,NAM,1993,7764
Namibia,NAM,1994,11549
Namibia,NAM,1995,8768
Namibia,NAM,1996,6835
Namibia,NAM,1997,15727
Namibia,NAM,1998,6608
Namibia,NAM,1999,5276
Namibia,NAM,2000,7170
Namibia,NAM,2001,13254
Namibia,NAM,2002,13238
Namibia,NAM,2003,12347
Namibia,NAM,2004,11301
Namibia,NAM,2005,22606
Namibia,NAM,2006,21053
Namibia,NAM,2007,20296
Namibia,NAM,2008,20980
Namibia,NAM,2009,21130
Namibia,NAM,2010,19792
Namibia,NAM,2011,19188
Namibia,NAM,2012,18850
Namibia,NAM,2013,18491
Namibia,NAM,2014,16000
Namibia,NAM,2015,18679
Namibia,NAM,2016,19513
Namibia,NAM,2017,23542
Namibia,NAM,2018,23539
Nepal,NPL,1993,15984
Nepal,NPL,1994,16502
Nepal,NPL,1995,16447
Nepal,NPL,1996,16770
Nepal,NPL,1997,16585
Nepal,NPL,1998,17112
Nepal,NPL,1999,16776
Nepal,NPL,2000,17275
Nepal,NPL,2001,18000
Nepal,NPL,2002,18291
Nepal,NPL,2003,18765
Nepal,NPL,2004,19059
Nepal,NPL,2005,20191
Nepal,NPL,2006,20382
Nepal,NPL,2007,20909
Nepal,NPL,2008,21590
Nepal,NPL,2009,22054
Nepal,NPL,2010,21186
Nepal,NPL,2011,22814
Nepal,NPL,2012,25011
Nepal,NPL,2013,23528
Nepal,NPL,2014,24584
Nepal,NPL,2015,24312
Nepal,NPL,2016,25029
Nepal,NPL,2017,25549
Nepal,NPL,2018,25921
Netherlands,NLD,1993,90962
Netherlands,NLD,1994,74865
Netherlands,NLD,1995,70444
Netherlands,NLD,1996,80000
Netherlands,NLD,1997,50394
Netherlands,NLD,1998,110000
Netherlands,NLD,1999,70188
Netherlands,NLD,2000,110000
Netherlands,NLD,2001,88971
Netherlands,NLD,2002,97046
Netherlands,NLD,2003,83921
Netherlands,NLD,2004,84821
Netherlands,NLD,2005,88201
Netherlands,NLD,2006,91529
Netherlands,NLD,2007,119482
Netherlands,NLD,2008,114163
Netherlands,NLD,2009,129954
Netherlands,NLD,2010,117673
Netherlands,NLD,2011,123355
Netherlands,NLD,2012,123420
Netherlands,NLD,2013,119446
Netherlands,NLD,2014,137419
Netherlands,NLD,2015,108253
Netherlands,NLD,2016,100476
Netherlands,NLD,2017,134599
Netherlands,NLD,2018,90073
New Zealand,NZL,1993,83560
New Zealand,NZL,1994,97360
New Zealand,NZL,1995,97423
New Zealand,NZL,1996,112996
New Zealand,NZL,1997,99487
New Zealand,NZL,1998,100571
New Zealand,NZL,1999,101306
New Zealand,NZL,2000,102260
New Zealand,NZL,2001,104000
New Zealand,NZL,2002,76544
New Zealand,NZL,2003,108830
New Zealand,NZL,2004,115496
New Zealand,NZL,2005,109308
New Zealand,NZL,2006,109544
New Zealand,NZL,2007,109000
New Zealand,NZL,2008,112326
New Zealand,NZL,2009,110327
New Zealand,NZL,2010,107597
New Zealand,NZL,2011,113842
New Zealand,NZL,2012,108647
New Zealand,NZL,2013,108209
New Zealand,NZL,2014,109890
New Zealand,NZL,2015,114409
New Zealand,NZL,2016,116893
New Zealand,NZL,2017,100570
New Zealand,NZL,2018,110679
Niger,NER,1993,8000
Niger,NER,1994,8309
Niger,NER,1995,12642
Niger,NER,1996,7250
Niger,NER,1997,8247
Niger,NER,1998,15173
Niger,NER,1999,3242
Niger,NER,2000,6154
Niger,NER,2001,2612
Niger,NER,2002,5853
Niger,NER,2003,5085
Niger,NER,2004,7509
Niger,NER,2005,8255
Niger,NER,2006,11227
Niger,NER,2007,10874
Niger,NER,2008,9589
Niger,NER,2009,9014
Niger,NER,2010,7869
Niger,NER,2011,8405
Niger,NER,2012,10437
Niger,NER,2013,12326
Niger,NER,2014,17602
Niger,NER,2015,12229
Niger,NER,2016,12177
Niger,NER,2017,14257
Niger,NER,2018,14632
Nigeria,NGA,1993,11848
Nigeria,NGA,1994,12720
Nigeria,NGA,1995,12666
Nigeria,NGA,1996,13261
Nigeria,NGA,1997,12510
Nigeria,NGA,1998,13200
Nigeria,NGA,1999,15998
Nigeria,NGA,2000,13001
Nigeria,NGA,2001,13999
Nigeria,NGA,2002,14899
Nigeria,NGA,2003,14999
Nigeria,NGA,2004,16002
Nigeria,NGA,2005,16598
Nigeria,NGA,2006,18182
Nigeria,NGA,2007,17049
Nigeria,NGA,2008,19571
Nigeria,NGA,2009,21961
Nigeria,NGA,2010,18502
Nigeria,NGA,2011,16271
Nigeria,NGA,2012,15118
Nigeria,NGA,2013,14616
Nigeria,NGA,2014,15850
Nigeria,NGA,2015,15599
Nigeria,NGA,2016,17551
Nigeria,NGA,2017,15933
Nigeria,NGA,2018,20924
North Korea,PRK,1993,62691
North Korea,PRK,1994,55596
North Korea,PRK,1995,20388
North Korea,PRK,1996,14007
North Korea,PRK,1997,16844
North Korea,PRK,1998,28060
North Korea,PRK,1999,21478
North Korea,PRK,2000,20988
North Korea,PRK,2001,29881
North Korea,PRK,2002,33260
North Korea,PRK,2003,34849
North Korea,PRK,2004,34889
North Korea,PRK,2005,29636
North Korea,PRK,2006,36534
North Korea,PRK,2007,31996
North Korea,PRK,2008,28051
North Korea,PRK,2009,33897
North Korea,PRK,2010,33459
North Korea,PRK,2011,36918
North Korea,PRK,2012,38418
North Korea,PRK,2013,37989
North Korea,PRK,2014,44173
North Korea,PRK,2015,40868
North Korea,PRK,2016,40316
North Korea,PRK,2017,43114
North Korea,PRK,2018,36929
Oman,OMN,1993,72773
Oman,OMN,1994,73077
Oman,OMN,1995,73381
Oman,OMN,1996,73685
Oman,OMN,1997,73989
Oman,OMN,1998,74293
Oman,OMN,1999,74597
Oman,OMN,2000,74901
Oman,OMN,2001,75204
Oman,OMN,2002,75508
Oman,OMN,2003,75812
Oman,OMN,2004,76105
Oman,OMN,2005,76385
Oman,OMN,2006,76666
Oman,OMN,2007,76947
Oman,OMN,2008,77228
Oman,OMN,2009,77509
Oman,OMN,2010,77790
Oman,OMN,2011,78358
Oman,OMN,2012,78932
Oman,OMN,2013,71903
Oman,OMN,2014,67772
Oman,OMN,2015,119590
Oman,OMN,2016,68083
Oman,OMN,2017,69295
Oman,OMN,2018,86033
Pakistan,PAK,1993,13983
Pakistan,PAK,1994,15004
Pakistan,PAK,1995,16908
Pakistan,PAK,1996,15884
Pakistan,PAK,1997,16352
Pakistan,PAK,1998,17853
Pakistan,PAK,1999,17169
Pakistan,PAK,2000,17086
Pakistan,PAK,2001,17631
Pakistan,PAK,2002,18448
Pakistan,PAK,2003,20034
Pakistan,PAK,2004,28488
Pakistan,PAK,2005,29843
Pakistan,PAK,2006,30368
Pakistan,PAK,2007,34265
Pakistan,PAK,2008,34154
Pakistan,PAK,2009,34879
Pakistan,PAK,2010,38052
Pakistan,PAK,2011,39897
Pakistan,PAK,2012,39830
Pakistan,PAK,2013,42313
Pakistan,PAK,2014,43211
Pakistan,PAK,2015,44248
Pakistan,PAK,2016,45491
Pakistan,PAK,2017,47182
Pakistan,PAK,2018,47863
Paraguay,PRY,1993,17630
Paraguay,PRY,1994,21140
Paraguay,PRY,1995,24660
Paraguay,PRY,1996,20150
Paraguay,PRY,1997,27483
Paraguay,PRY,1998,24575
Paraguay,PRY,1999,22917
Paraguay,PRY,2000,19512
Paraguay,PRY,2001,23308
Paraguay,PRY,2002,23442
Paraguay,PRY,2003,23849
Paraguay,PRY,2004,25455
Paraguay,PRY,2005,20750
Paraguay,PRY,2006,26829
Paraguay,PRY,2007,27700
Paraguay,PRY,2008,28804
Paraguay,PRY,2009,24000
Paraguay,PRY,2010,39152
Paraguay,PRY,2011,39198
Paraguay,PRY,2012,30950
Paraguay,PRY,2013,40000
Paraguay,PRY,2014,40000
Paraguay,PRY,2015,52483
Paraguay,PRY,2016,53670
Paraguay,PRY,2017,54850
Paraguay,PRY,2018,49950
Peru,PER,1993,21634
Peru,PER,1994,20891
Peru,PER,1995,19593
Peru,PER,1996,25267
Peru,PER,1997,20008
Peru,PER,1998,21121
Peru,PER,1999,23053
Peru,PER,2000,24119
Peru,PER,2001,25887
Peru,PER,2002,26708
Peru,PER,2003,27782
Peru,PER,2004,26734
Peru,PER,2005,26289
Peru,PER,2006,27129
Peru,PER,2007,28371
Peru,PER,2008,29673
Peru,PER,2009,30290
Peru,PER,2010,30999
Peru,PER,2011,31866
Peru,PER,2012,33084
Peru,PER,2013,32686
Peru,PER,2014,31601
Peru,PER,2015,33988
Peru,PER,2016,32477
Peru,PER,2017,34126
Peru,PER,2018,34416
Poland,POL,1993,53160
Poland,POL,1994,37503
Poland,POL,1995,49586
Poland,POL,1996,50514
Poland,POL,1997,54011
Poland,POL,1998,58272
Poland,POL,1999,57506
Poland,POL,2000,60637
Poland,POL,2001,60683
Poland,POL,2002,61563
Poland,POL,2003,52862
Poland,POL,2004,56935
Poland,POL,2005,57329
Poland,POL,2006,41609
Poland,POL,2007,65743
Poland,POL,2008,58149
Poland,POL,2009,62262
Poland,POL,2010,59824
Poland,POL,2011,71770
Poland,POL,2012,73481
Poland,POL,2013,65761
Poland,POL,2014,65881
Poland,POL,2015,47087
Poland,POL,2016,73173
Poland,POL,2017,71545
Poland,POL,2018,59870
Portugal,PRT,1993,37231
Portugal,PRT,1994,40939
Portugal,PRT,1995,43624
Portugal,PRT,1996,46766
Portugal,PRT,1997,49592
Portugal,PRT,1998,53704
Portugal,PRT,1999,57089
Portugal,PRT,2000,57808
Portugal,PRT,2001,58929
Portugal,PRT,2002,57285
Portugal,PRT,2003,56837
Portugal,PRT,2004,57869
Portugal,PRT,2005,46805
Portugal,PRT,2006,52885
Portugal,PRT,2007,58412
Portugal,PRT,2008,63278
Portugal,PRT,2009,66936
Portugal,PRT,2010,69295
Portugal,PRT,2011,81040
Portugal,PRT,2012,83042
Portugal,PRT,2013,83149
Portugal,PRT,2014,83331
Portugal,PRT,2015,84520
Portugal,PRT,2016,80194
Portugal,PRT,2017,86121
Portugal,PRT,2018,85640
Qatar,QAT,1993,126667
Qatar,QAT,1994,124074
Qatar,QAT,1995,125806
Qatar,QAT,1996,125692
Qatar,QAT,1997,125694
Qatar,QAT,1998,124348
Qatar,QAT,1999,124639
Qatar,QAT,2000,125175
Qatar,QAT,2001,125299
Qatar,QAT,2002,124627
Qatar,QAT,2003,125299
Qatar,QAT,2004,126304
Qatar,QAT,2005,124776
Qatar,QAT,2006,118571
Qatar,QAT,2007,181429
Qatar,QAT,2008,181429
Qatar,QAT,2009,192857
Qatar,QAT,2010,207556
Qatar,QAT,2011,125556
Qatar,QAT,2012,124894
Qatar,QAT,2013,124845
Qatar,QAT,2014,125290
Qatar,QAT,2015,124964
Qatar,QAT,2016,125011
Qatar,QAT,2017,126471
Qatar,QAT,2018,125235
Romania,ROU,1993,26054
Romania,ROU,1994,31317
Romania,ROU,1995,31915
Romania,ROU,1996,29319
Romania,ROU,1997,42171
Romania,ROU,1998,27892
Romania,ROU,1999,36403
Romania,ROU,2000,17128
Romania,ROU,2001,31232
Romania,ROU,2002,30421
Romania,ROU,2003,30704
Romania,ROU,2004,45497
Romania,ROU,2005,39816
Romania,ROU,2006,35754
Romania,ROU,2007,17030
Romania,ROU,2008,32271
Romania,ROU,2009,34169
Romania,ROU,2010,43176
Romania,ROU,2011,45292
Romania,ROU,2012,21870
Romania,ROU,2013,44941
Romania,ROU,2014,47870
Romania,ROU,2015,34716
Romania,ROU,2016,41677
Romania,ROU,2017,59610
Romania,ROU,2018,76411
Russia,RUS,1993,31022
Russia,RUS,1994,17019
Russia,RUS,1995,27612
Russia,RUS,1996,23349
Russia,RUS,1997,31366
Russia,RUS,1998,15951
Russia,RUS,1999,19055
Russia,RUS,2000,20660
Russia,RUS,2001,17299
Russia,RUS,2002,27422
Russia,RUS,2003,30813
Russia,RUS,2004,38752
Russia,RUS,2005,38500
Russia,RUS,2006,36152
Russia,RUS,2007,29300
Russia,RUS,2008,38588
Russia,RUS,2009,35319
Russia,RUS,2010,30086
Russia,RUS,2011,43444
Russia,RUS,2012,42388
Russia,RUS,2013,50110
Russia,RUS,2014,43593
Russia,RUS,2015,49337
Russia,RUS,2016,55029
Russia,RUS,2017,48875
Russia,RUS,2018,48067
Rwanda,RWA,1993,17400
Rwanda,RWA,1994,16750
Rwanda,RWA,1995,11200
Rwanda,RWA,1996,11099
Rwanda,RWA,1997,10908
Rwanda,RWA,1998,8231
Rwanda,RWA,1999,7556
Rwanda,RWA,2000,7018
Rwanda,RWA,2001,7671
Rwanda,RWA,2002,8763
Rwanda,RWA,2003,7672
Rwanda,RWA,2004,7670
Rwanda,RWA,2005,8889
Rwanda,RWA,2006,8531
Rwanda,RWA,2007,7201
Rwanda,RWA,2008,11515
Rwanda,RWA,2009,19503
Rwanda,RWA,2010,23416
Rwanda,RWA,2011,23529
Rwanda,RWA,2012,22587
Rwanda,RWA,2013,22845
Rwanda,RWA,2014,25009
Rwanda,RWA,2015,15313
Rwanda,RWA,2016,15748
Rwanda,RWA,2017,12050
Rwanda,RWA,2018,13873
Saudi Arabia,SAU,1993,21725
Saudi Arabia,SAU,1994,19523
Saudi Arabia,SAU,1995,19522
Saudi Arabia,SAU,1996,19583
Saudi Arabia,SAU,1997,17531
Saudi Arabia,SAU,1998,20519
Saudi Arabia,SAU,1999,18723
Saudi Arabia,SAU,2000,62820
Saudi Arabia,SAU,2001,40612
Saudi Arabia,SAU,2002,36432
Saudi Arabia,SAU,2003,38053
Saudi Arabia,SAU,2004,38514
Saudi Arabia,SAU,2005,37301
Saudi Arabia,SAU,2006,58203
Saudi Arabia,SAU,2007,56250
Saudi Arabia,SAU,2008,56427
Saudi Arabia,SAU,2009,54742
Saudi Arabia,SAU,2010,53096
Saudi Arabia,SAU,2011,59958
Saudi Arabia,SAU,2012,60135
Saudi Arabia,SAU,2013,61024
Saudi Arabia,SAU,2014,54743
Saudi Arabia,SAU,2015,53094
Saudi Arabia,SAU,2016,59959
Saudi Arabia,SAU,2017,61024
Saudi Arabia,SAU,2018,62300
Slovakia,SVK,1993,46160
Slovakia,SVK,1994,41362
Slovakia,SVK,1995,48957
Slovakia,SVK,1996,57527
Slovakia,SVK,1997,59479
Slovakia,SVK,1998,55056
Slovakia,SVK,1999,59974
Slovakia,SVK,2000,30374
Slovakia,SVK,2001,50235
Slovakia,SVK,2002,53887
Slovakia,SVK,2003,41195
Slovakia,SVK,2004,58337
Slovakia,SVK,2005,69659
Slovakia,SVK,2006,55516
Slovakia,SVK,2007,39675
Slovakia,SVK,2008,81732
Slovakia,SVK,2009,68503
Slovakia,SVK,2010,55306
Slovakia,SVK,2011,71489
Slovakia,SVK,2012,55118
Slovakia,SVK,2013,50704
Slovakia,SVK,2014,83914
Slovakia,SVK,2015,48540
Slovakia,SVK,2016,92537
Slovakia,SVK,2017,56769
Slovakia,SVK,2018,84668
Slovenia,SVN,1993,40210
Slovenia,SVN,1994,63200
Slovenia,SVN,1995,63380
Slovenia,SVN,1996,63000
Slovenia,SVN,1997,74811
Slovenia,SVN,1998,73139
Slovenia,SVN,1999,69368
Slovenia,SVN,2000,58821
Slovenia,SVN,2001,54139
Slovenia,SVN,2002,81574
Slovenia,SVN,2003,50802
Slovenia,SVN,2004,77750
Slovenia,SVN,2005,82883
Slovenia,SVN,2006,69305
Slovenia,SVN,2007,75358
Slovenia,SVN,2008,73207
Slovenia,SVN,2009,78371
Slovenia,SVN,2010,85394
Slovenia,SVN,2011,86856
Slovenia,SVN,2012,70816
Slovenia,SVN,2013,54145
Slovenia,SVN,2014,91462
Slovenia,SVN,2015,89742
Slovenia,SVN,2016,95144
Slovenia,SVN,2017,71083
Slovenia,SVN,2018,94525
Somalia,SOM,1993,9875
Somalia,SOM,1994,4149
Somalia,SOM,1995,8304
Somalia,SOM,1996,6202
Somalia,SOM,1997,7095
Somalia,SOM,1998,5727
Somalia,SOM,1999,7118
Somalia,SOM,2000,14597
Somalia,SOM,2001,14274
Somalia,SOM,2002,14274
Somalia,SOM,2003,13626
Somalia,SOM,2004,10944
Somalia,SOM,2005,11765
Somalia,SOM,2006,10526
Somalia,SOM,2007,11111
Somalia,SOM,2008,11765
Somalia,SOM,2009,15299
Somalia,SOM,2010,15098
Somalia,SOM,2011,17901
Somalia,SOM,2012,17662
Somalia,SOM,2013,12100
Somalia,SOM,2014,6775
Somalia,SOM,2015,5618
Somalia,SOM,2016,5852
Somalia,SOM,2017,6500
Somalia,SOM,2018,14929
South Africa,ZAF,1993,22840
South Africa,ZAF,1994,28481
South Africa,ZAF,1995,13800
South Africa,ZAF,1996,27043
South Africa,ZAF,1997,25195
South Africa,ZAF,1998,21611
South Africa,ZAF,1999,22274
South Africa,ZAF,2000,28492
South Africa,ZAF,2001,24371
South Africa,ZAF,2002,28516
South Africa,ZAF,2003,26582
South Africa,ZAF,2004,30305
South Africa,ZAF,2005,36351
South Africa,ZAF,2006,34122
South Africa,ZAF,2007,27921
South Africa,ZAF,2008,45373
South Africa,ZAF,2009,49640
South Africa,ZAF,2010,46736
South Africa,ZAF,2011,43671
South Africa,ZAF,2012,44905
South Africa,ZAF,2013,42466
South Africa,ZAF,2014,53009
South Africa,ZAF,2015,37526
South Africa,ZAF,2016,39956
South Africa,ZAF,2017,63988
South Africa,ZAF,2018,53949
South Korea,KOR,1993,41844
South Korea,KOR,1994,40882
South Korea,KOR,1995,42452
South Korea,KOR,1996,40299
South Korea,KOR,1997,41126
South Korea,KOR,1998,39823
South Korea,KOR,1999,39403
South Korea,KOR,2000,40616
South Korea,KOR,2001,40272
South Korea,KOR,2002,42218
South Korea,KOR,2003,41402
South Korea,KOR,2004,42604
South Korea,KOR,2005,48412
South Korea,KOR,2006,47305
South Korea,KOR,2007,49180
South Korea,KOR,2008,50544
South Korea,KOR,2009,50225
South Korea,KOR,2010,47874
South Korea,KOR,2011,46522
South Korea,KOR,2012,48944
South Korea,KOR,2013,50591
South Korea,KOR,2014,51776
South Korea,KOR,2015,50953
South Korea,KOR,2016,48529
South Korea,KOR,2017,48154
South Korea,KOR,2018,49478
Spain,ESP,1993,61736
Spain,ESP,1994,68566
Spain,ESP,1995,72459
Spain,ESP,1996,85308
Spain,ESP,1997,91501
Spain,ESP,1998,94731
Spain,ESP,1999,94808
Spain,ESP,2000,92157
Spain,ESP,2001,97208
Spain,ESP,2002,95142
Spain,ESP,2003,90408
Spain,ESP,2004,100691
Spain,ESP,2005,96099
Spain,ESP,2006,97437
Spain,ESP,2007,100027
Spain,ESP,2008,99061
Spain,ESP,2009,100749
Spain,ESP,2010,105553
Spain,ESP,2011,113738
Spain,ESP,2012,109164
Spain,ESP,2013,110445
Spain,ESP,2014,114114
Spain,ESP,2015,114610
Spain,ESP,2016,113270
Spain,ESP,2017,113169
Spain,ESP,2018,119195
Swaziland,SWZ,1993,13785
Swaziland,SWZ,1994,12733
Swaziland,SWZ,1995,22065
Swaziland,SWZ,1996,17766
Swaziland,SWZ,1997,19218
Swaziland,SWZ,1998,19178
Swaziland,SWZ,1999,16456
Swaziland,SWZ,2000,16456
Swaziland,SWZ,2001,14267
Swaziland,SWZ,2002,9962
Swaziland,SWZ,2003,10235
Swaziland,SWZ,2004,12500
Swaziland,SWZ,2005,13210
Swaziland,SWZ,2006,14291
Swaziland,SWZ,2007,5520
Swaziland,SWZ,2008,9943
Swaziland,SWZ,2009,12869
Swaziland,SWZ,2010,12040
Swaziland,SWZ,2011,13452
Swaziland,SWZ,2012,13375
Swaziland,SWZ,2013,13702
Swaziland,SWZ,2014,10004
Swaziland,SWZ,2015,10678
Swaziland,SWZ,2016,11641
Swaziland,SWZ,2017,11650
Swaziland,SWZ,2018,11619
Switzerland,CHE,1993,89050
Switzerland,CHE,1994,87490
Switzerland,CHE,1995,83614
Switzerland,CHE,1996,85748
Switzerland,CHE,1997,92732
Switzerland,CHE,1998,91140
Switzerland,CHE,1999,88852
Switzerland,CHE,2000,96519
Switzerland,CHE,2001,89441
Switzerland,CHE,2002,92168
Switzerland,CHE,2003,42990
Switzerland,CHE,2004,96142
Switzerland,CHE,2005,96497
Switzerland,CHE,2006,84488
Switzerland,CHE,2007,101695
Switzerland,CHE,2008,97027
Switzerland,CHE,2009,104132
Switzerland,CHE,2010,84922
Switzerland,CHE,2011,114447
Switzerland,CHE,2012,108279
Switzerland,CHE,2013,100837
Switzerland,CHE,2014,107554
Switzerland,CHE,2015,89940
Switzerland,CHE,2016,101938
Switzerland,CHE,2017,106934
Switzerland,CHE,2018,97748
Syria,SYR,1993,36157
Syria,SYR,1994,36734
Syria,SYR,1995,35975
Syria,SYR,1996,45195
Syria,SYR,1997,54823
Syria,SYR,1998,51524
Syria,SYR,1999,32721
Syria,SYR,2000,34439
Syria,SYR,2001,38987
Syria,SYR,2002,41921
Syria,SYR,2003,40979
Syria,SYR,2004,37187
Syria,SYR,2005,36778
Syria,SYR,2006,35146
Syria,SYR,2007,35154
Syria,SYR,2008,39676
Syria,SYR,2009,43791
Syria,SYR,2010,35102
Syria,SYR,2011,50478
Syria,SYR,2012,42780
Syria,SYR,2013,36470
Syria,SYR,2014,27246
Syria,SYR,2015,30762
Syria,SYR,2016,38135
Syria,SYR,2017,38101
Syria,SYR,2018,38034
Taiwan,TWN,1993,52840
Taiwan,TWN,1994,51481
Taiwan,TWN,1995,51613
Taiwan,TWN,1996,54109
Taiwan,TWN,1997,54589
Taiwan,TWN,1998,57234
Taiwan,TWN,1999,57725
Taiwan,TWN,2000,59205
Taiwan,TWN,2001,58334
Taiwan,TWN,2002,69641
Taiwan,TWN,2003,68090
Taiwan,TWN,2004,67193
Taiwan,TWN,2005,63108
Taiwan,TWN,2006,65297
Taiwan,TWN,2007,61302
Taiwan,TWN,2008,62163
Taiwan,TWN,2009,64438
Taiwan,TWN,2010,64802
Taiwan,TWN,2011,67732
Taiwan,TWN,2012,63193
Taiwan,TWN,2013,63255
Taiwan,TWN,2014,61396
Taiwan,TWN,2015,59574
Taiwan,TWN,2016,54299
Taiwan,TWN,2017,60998
Taiwan,TWN,2018,60376
Tajikistan,TJK,1993,30455
Tajikistan,TJK,1994,18000
Tajikistan,TJK,1995,19372
Tajikistan,TJK,1996,37520
Tajikistan,TJK,1997,27501
Tajikistan,TJK,1998,29816
Tajikistan,TJK,1999,28100
Tajikistan,TJK,2000,27011
Tajikistan,TJK,2001,29515
Tajikistan,TJK,2002,35117
Tajikistan,TJK,2003,37699
Tajikistan,TJK,2004,46811
Tajikistan,TJK,2005,40471
Tajikistan,TJK,2006,37740
Tajikistan,TJK,2007,40109
Tajikistan,TJK,2008,93985
Tajikistan,TJK,2009,98893
Tajikistan,TJK,2010,120521
Tajikistan,TJK,2011,121228
Tajikistan,TJK,2012,125670
Tajikistan,TJK,2013,124827
Tajikistan,TJK,2014,132809
Tajikistan,TJK,2015,105815
Tajikistan,TJK,2016,123634
Tajikistan,TJK,2017,130776
Tajikistan,TJK,2018,148868
Tanzania,TZA,1993,12512
Tanzania,TZA,1994,12351
Tanzania,TZA,1995,21012
Tanzania,TZA,1996,17861
Tanzania,TZA,1997,11708
Tanzania,TZA,1998,12857
Tanzania,TZA,1999,25283
Tanzania,TZA,2000,19314
Tanzania,TZA,2001,31359
Tanzania,TZA,2002,25657
Tanzania,TZA,2003,7549
Tanzania,TZA,2004,14659
Tanzania,TZA,2005,10071
Tanzania,TZA,2006,13318
Tanzania,TZA,2007,14071
Tanzania,TZA,2008,13667
Tanzania,TZA,2009,11232
Tanzania,TZA,2010,15515
Tanzania,TZA,2011,13203
Tanzania,TZA,2012,12395
Tanzania,TZA,2013,13000
Tanzania,TZA,2014,16250
Tanzania,TZA,2015,15584
Tanzania,TZA,2016,14528
Tanzania,TZA,2017,14533
Tanzania,TZA,2018,14600
Thailand,THA,1993,27333
Thailand,THA,1994,29344
Thailand,THA,1995,32884
Thailand,THA,1996,34478
Thailand,THA,1997,31982
Thailand,THA,1998,33448
Thailand,THA,1999,35526
Thailand,THA,2000,36715
Thailand,THA,2001,37329
Thailand,THA,2002,37145
Thailand,THA,2003,38513
Thailand,THA,2004,38587
Thailand,THA,2005,38161
Thailand,THA,2006,39356
Thailand,THA,2007,39295
Thailand,THA,2008,40748
Thailand,THA,2009,41780
Thailand,THA,2010,41799
Thailand,THA,2011,43297
Thailand,THA,2012,43225
Thailand,THA,2013,42242
Thailand,THA,2014,42454
Thailand,THA,2015,41789
Thailand,THA,2016,42426
Thailand,THA,2017,44823
Thailand,THA,2018,45044
Turkey,TUR,1993,45455
Turkey,TUR,1994,38181
Turkey,TUR,1995,37322
Turkey,TUR,1996,36396
Turkey,TUR,1997,38247
Turkey,TUR,1998,42192
Turkey,TUR,1999,44376
Turkey,TUR,2000,41605
Turkey,TUR,2001,40063
Turkey,TUR,2002,42163
Turkey,TUR,2003,50150
Turkey,TUR,2004,55076
Turkey,TUR,2005,70000
Turkey,TUR,2006,72139
Turkey,TUR,2007,68381
Turkey,TUR,2008,71988
Turkey,TUR,2009,71878
Turkey,TUR,2010,72614
Turkey,TUR,2011,71707
Turkey,TUR,2012,73884
Turkey,TUR,2013,89499
Turkey,TUR,2014,90748
Turkey,TUR,2015,93271
Turkey,TUR,2016,94182
Turkey,TUR,2017,92516
Turkey,TUR,2018,96358
Turkmenistan,TKM,1993,42800
Turkmenistan,TKM,1994,34091
Turkmenistan,TKM,1995,34700
Turkmenistan,TKM,1996,7400
Turkmenistan,TKM,1997,2944
Turkmenistan,TKM,1998,5200
Turkmenistan,TKM,1999,8200
Turkmenistan,TKM,2000,9700
Turkmenistan,TKM,2001,10000
Turkmenistan,TKM,2002,9677
Turkmenistan,TKM,2003,12500
Turkmenistan,TKM,2004,10000
Turkmenistan,TKM,2005,9412
Turkmenistan,TKM,2006,10667
Turkmenistan,TKM,2007,13000
Turkmenistan,TKM,2008,11000
Turkmenistan,TKM,2009,16000
Turkmenistan,TKM,2010,17000
Turkmenistan,TKM,2011,16206
Turkmenistan,TKM,2012,15219
Turkmenistan,TKM,2013,13262
Turkmenistan,TKM,2014,11745
Turkmenistan,TKM,2015,12654
Turkmenistan,TKM,2016,12992
Turkmenistan,TKM,2017,12991
Turkmenistan,TKM,2018,12989
Uganda,UGA,1993,15984
Uganda,UGA,1994,15098
Uganda,UGA,1995,15989
Uganda,UGA,1996,12997
Uganda,UGA,1997,12375
Uganda,UGA,1998,15000
Uganda,UGA,1999,17319
Uganda,UGA,2000,17424
Uganda,UGA,2001,18006
Uganda,UGA,2002,18003
Uganda,UGA,2003,18310
Uganda,UGA,2004,14400
Uganda,UGA,2005,15859
Uganda,UGA,2006,15361
Uganda,UGA,2007,14950
Uganda,UGA,2008,22005
Uganda,UGA,2009,24996
Uganda,UGA,2010,22999
Uganda,UGA,2011,23999
Uganda,UGA,2012,24996
Uganda,UGA,2013,24949
Uganda,UGA,2014,25046
Uganda,UGA,2015,23529
Uganda,UGA,2016,23596
Uganda,UGA,2017,25604
Uganda,UGA,2018,26208
Ukraine,UKR,1993,28445
Ukraine,UKR,1994,23614
Ukraine,UKR,1995,29207
Ukraine,UKR,1996,27365
Ukraine,UKR,1997,32628
Ukraine,UKR,1998,25342
Ukraine,UKR,1999,25220
Ukraine,UKR,2000,30091
Ukraine,UKR,2001,32425
Ukraine,UKR,2002,35167
Ukraine,UKR,2003,34569
Ukraine,UKR,2004,38558
Ukraine,UKR,2005,43185
Ukraine,UKR,2006,37352
Ukraine,UKR,2007,39001
Ukraine,UKR,2008,46911
Ukraine,UKR,2009,50195
Ukraine,UKR,2010,45147
Ukraine,UKR,2011,64446
Ukraine,UKR,2012,47946
Ukraine,UKR,2013,64119
Ukraine,UKR,2014,61589
Ukraine,UKR,2015,57126
Ukraine,UKR,2016,66024
Ukraine,UKR,2017,55056
Ukraine,UKR,2018,78439
United Arab Emirates,ARE,1993,198577
United Arab Emirates,ARE,1994,190244
United Arab Emirates,ARE,1995,190476
United Arab Emirates,ARE,1996,186364
United Arab Emirates,ARE,1997,186667
United Arab Emirates,ARE,1998,204815
United Arab Emirates,ARE,1999,207569
United Arab Emirates,ARE,2000,210335
United Arab Emirates,ARE,2001,213160
United Arab Emirates,ARE,2002,216363
United Arab Emirates,ARE,2003,219576
United Arab Emirates,ARE,2004,222391
United Arab Emirates,ARE,2005,225234
United Arab Emirates,ARE,2006,228061
United Arab Emirates,ARE,2007,268266
United Arab Emirates,ARE,2008,268301
United Arab Emirates,ARE,2009,268249
United Arab Emirates,ARE,2010,185582
United Arab Emirates,ARE,2011,240643
United Arab Emirates,ARE,2012,121122
United Arab Emirates,ARE,2013,367619
United Arab Emirates,ARE,2014,142384
United Arab Emirates,ARE,2015,352913
United Arab Emirates,ARE,2016,333965
United Arab Emirates,ARE,2017,308018
United Arab Emirates,ARE,2018,284664
United States,USA,1993,63210
United States,USA,1994,86996
United States,USA,1995,71228
United States,USA,1996,79773
United States,USA,1997,79521
United States,USA,1998,84382
United States,USA,1999,83977
United States,USA,2000,85911
United States,USA,2001,86733
United States,USA,2002,81180
United States,USA,2003,89246
United States,USA,2004,100637
United States,USA,2005,92852
United States,USA,2006,93577
United States,USA,2007,94585
United States,USA,2008,96209
United States,USA,2009,103181
United States,USA,2010,95757
United States,USA,2011,92146
United States,USA,2012,77270
United States,USA,2013,99256
United States,USA,2014,107326
United States,USA,2015,105723
United States,USA,2016,117433
United States,USA,2017,118754
United States,USA,2018,118639
Uruguay,URY,1993,19631
Uruguay,URY,1994,16279
Uruguay,URY,1995,24528
Uruguay,URY,1996,21712
Uruguay,URY,1997,26444
Uruguay,URY,1998,33715
Uruguay,URY,1999,40894
Uruguay,URY,2000,15296
Uruguay,URY,2001,46643
Uruguay,URY,2002,33552
Uruguay,URY,2003,45855
Uruguay,URY,2004,49640
Uruguay,URY,2005,41419
Uruguay,URY,2006,41837
Uruguay,URY,2007,57541
Uruguay,URY,2008,41526
Uruguay,URY,2009,30834
Uruguay,URY,2010,55115
Uruguay,URY,2011,35377
Uruguay,URY,2012,42615
Uruguay,URY,2013,56309
Uruguay,URY,2014,43059
Uruguay,URY,2015,57711
Uruguay,URY,2016,71364
Uruguay,URY,2017,38625
Uruguay,URY,2018,76262
Uzbekistan,UZB,1993,38410
Uzbekistan,UZB,1994,33978
Uzbekistan,UZB,1995,35066
Uzbekistan,UZB,1996,34386
Uzbekistan,UZB,1997,28186
Uzbekistan,UZB,1998,32493
Uzbekistan,UZB,1999,29560
Uzbekistan,UZB,2000,26545
Uzbekistan,UZB,2001,36512
Uzbekistan,UZB,2002,41909
Uzbekistan,UZB,2003,42161
Uzbekistan,UZB,2004,44917
Uzbekistan,UZB,2005,48867
Uzbekistan,UZB,2006,59162
Uzbekistan,UZB,2007,60643
Uzbekistan,UZB,2008,71455
Uzbekistan,UZB,2009,76678
Uzbekistan,UZB,2010,81837
Uzbekistan,UZB,2011,96819
Uzbekistan,UZB,2012,80357
Uzbekistan,UZB,2013,106190
Uzbekistan,UZB,2014,115626
Uzbekistan,UZB,2015,117842
Uzbekistan,UZB,2016,123607
Uzbekistan,UZB,2017,104078
Uzbekistan,UZB,2018,103776
Venezuela,VEN,1993,26203
Venezuela,VEN,1994,28465
Venezuela,VEN,1995,28100
Venezuela,VEN,1996,28233
Venezuela,VEN,1997,28313
Venezuela,VEN,1998,27697
Venezuela,VEN,1999,31324
Venezuela,VEN,2000,35004
Venezuela,VEN,2001,34486
Venezuela,VEN,2002,31108
Venezuela,VEN,2003,34326
Venezuela,VEN,2004,34501
Venezuela,VEN,2005,32616
Venezuela,VEN,2006,33342
Venezuela,VEN,2007,34724
Venezuela,VEN,2008,33327
Venezuela,VEN,2009,30171
Venezuela,VEN,2010,37455
Venezuela,VEN,2011,34881
Venezuela,VEN,2012,35161
Venezuela,VEN,2013,38327
Venezuela,VEN,2014,38323
Venezuela,VEN,2015,31256
Venezuela,VEN,2016,34079
Venezuela,VEN,2017,30000
Venezuela,VEN,2018,32357
Yemen,YEM,1993,16051
Yemen,YEM,1994,15855
Yemen,YEM,1995,13627
Yemen,YEM,1996,12434
Yemen,YEM,1997,13242
Yemen,YEM,1998,14660
Yemen,YEM,1999,14778
Yemen,YEM,2000,14778
Yemen,YEM,2001,14417
Yemen,YEM,2002,12701
Yemen,YEM,2003,10954
Yemen,YEM,2004,8425
Yemen,YEM,2005,8079
Yemen,YEM,2006,15217
Yemen,YEM,2007,16666
Yemen,YEM,2008,15141
Yemen,YEM,2009,14996
Yemen,YEM,2010,16814
Yemen,YEM,2011,15142
Yemen,YEM,2012,15799
Yemen,YEM,2013,15135
Yemen,YEM,2014,14033
Yemen,YEM,2015,11402
Yemen,YEM,2016,10961
Yemen,YEM,2017,11103
Yemen,YEM,2018,11546
Zambia,ZMB,1993,25228
Zambia,ZMB,1994,15025
Zambia,ZMB,1995,14185
Zambia,ZMB,1996,20864
Zambia,ZMB,1997,14794
Zambia,ZMB,1998,12503
Zambia,ZMB,1999,13759
Zambia,ZMB,2000,17720
Zambia,ZMB,2001,13780
Zambia,ZMB,2002,14097
Zambia,ZMB,2003,17256
Zambia,ZMB,2004,19239
Zambia,ZMB,2005,18594
Zambia,ZMB,2006,18992
Zambia,ZMB,2007,23342
Zambia,ZMB,2008,22442
Zambia,ZMB,2009,20692
Zambia,ZMB,2010,25871
Zambia,ZMB,2011,27414
Zambia,ZMB,2012,26545
Zambia,ZMB,2013,25382
Zambia,ZMB,2014,27802
Zambia,ZMB,2015,30310
Zambia,ZMB,2016,24816
Zambia,ZMB,2017,25151
Zambia,ZMB,2018,22052
Zimbabwe,ZWE,1993,16526
Zimbabwe,ZWE,1994,12133
Zimbabwe,ZWE,1995,5949
Zimbabwe,ZWE,1996,14150
Zimbabwe,ZWE,1997,11043
Zimbabwe,ZWE,1998,10125
Zimbabwe,ZWE,1999,10870
Zimbabwe,ZWE,2000,11795
Zimbabwe,ZWE,2001,12309
Zimbabwe,ZWE,2002,4554
Zimbabwe,ZWE,2003,7829
Zimbabwe,ZWE,2004,12965
Zimbabwe,ZWE,2005,6195
Zimbabwe,ZWE,2006,9772
Zimbabwe,ZWE,2007,8651
Zimbabwe,ZWE,2008,2867
Zimbabwe,ZWE,2009,4642
Zimbabwe,ZWE,2010,8751
Zimbabwe,ZWE,2011,6568
Zimbabwe,ZWE,2012,7912
Zimbabwe,ZWE,2013,7449
Zimbabwe,ZWE,2014,9301
Zimbabwe,ZWE,2015,5803
Zimbabwe,ZWE,2016,4405
Zimbabwe,ZWE,2017,5589
Zimbabwe,ZWE,2018,6131
