Country,Code,Year,Maize_Prod_Tones
Afghanistan,AFG,1993,470000
Afghanistan,AFG,1994,500000
Afghanistan,AFG,1995,530000
Afghanistan,AFG,1996,360000
Afghanistan,AFG,1997,300000
Afghanistan,AFG,1998,330000
Afghanistan,AFG,1999,240000
Afghanistan,AFG,2000,115000
Afghanistan,AFG,2001,160000
Afghanistan,AFG,2002,298000
Afghanistan,AFG,2003,210000
Afghanistan,AFG,2004,400000
Afghanistan,AFG,2005,315000
Afghanistan,AFG,2006,359000
Afghanistan,AFG,2007,360000
Afghanistan,AFG,2008,360000
Afghanistan,AFG,2009,300000
Afghanistan,AFG,2010,301000
Afghanistan,AFG,2011,300120
Afghanistan,AFG,2012,310000
Afghanistan,AFG,2013,312000
Afghanistan,AFG,2014,316000
Afghanistan,AFG,2015,316000
Afghanistan,AFG,2016,311646
Afghanistan,AFG,2017,173912
Afghanistan,AFG,2018,106670
Albania,ALB,1993,175751
Albania,ALB,1994,193261
Albania,ALB,1995,215566
Albania,ALB,1996,214059
Albania,ALB,1997,194818
Albania,ALB,1998,189130
Albania,ALB,1999,206000
Albania,ALB,2000,205700
Albania,ALB,2001,198300
Albania,ALB,2002,197300
Albania,ALB,2003,206900
Albania,ALB,2004,216200
Albania,ALB,2005,219900
Albania,ALB,2006,245400
Albania,ALB,2007,215900
Albania,ALB,2008,245000
Albania,ALB,2009,265100
Albania,ALB,2010,362000
Albania,ALB,2011,366400
Albania,ALB,2012,360000
Albania,ALB,2013,372000
Albania,ALB,2014,380000
Albania,ALB,2015,380000
Albania,ALB,2016,379714
Albania,ALB,2017,381059
Albania,ALB,2018,391104
Algeria,DZA,1993,225
Algeria,DZA,1994,185
Algeria,DZA,1995,419
Algeria,DZA,1996,446
Algeria,DZA,1997,257
Algeria,DZA,1998,310
Algeria,DZA,1999,537
Algeria,DZA,2000,1556
Algeria,DZA,2001,1087
Algeria,DZA,2002,837
Algeria,DZA,2003,981
Algeria,DZA,2004,679
Algeria,DZA,2005,1148
Algeria,DZA,2006,2456
Algeria,DZA,2007,1644
Algeria,DZA,2008,1015
Algeria,DZA,2009,575
Algeria,DZA,2010,359
Algeria,DZA,2011,575
Algeria,DZA,2012,1755
Algeria,DZA,2013,1245
Algeria,DZA,2014,2572
Algeria,DZA,2015,2794
Algeria,DZA,2016,3687
Algeria,DZA,2017,2634
Algeria,DZA,2018,4142
Angola,AGO,1993,275000
Angola,AGO,1994,201000
Angola,AGO,1995,211000
Angola,AGO,1996,398158
Angola,AGO,1997,369505
Angola,AGO,1998,504662
Angola,AGO,1999,428045
Angola,AGO,2000,394607
Angola,AGO,2001,428769
Angola,AGO,2002,546860
Angola,AGO,2003,618684
Angola,AGO,2004,577000
Angola,AGO,2005,734372
Angola,AGO,2006,526084
Angola,AGO,2007,615894
Angola,AGO,2008,702387
Angola,AGO,2009,970231
Angola,AGO,2010,1072737
Angola,AGO,2011,1262222
Angola,AGO,2012,454343
Angola,AGO,2013,1548750
Angola,AGO,2014,1686869
Angola,AGO,2015,1878305
Angola,AGO,2016,2255000
Angola,AGO,2017,2680000
Angola,AGO,2018,2271102
Argentina,ARG,1993,10901000
Argentina,ARG,1994,10360000
Argentina,ARG,1995,11404041
Argentina,ARG,1996,10518290
Argentina,ARG,1997,15536820
Argentina,ARG,1998,19360656
Argentina,ARG,1999,13504100
Argentina,ARG,2000,16780650
Argentina,ARG,2001,15359397
Argentina,ARG,2002,14712079
Argentina,ARG,2003,15044529
Argentina,ARG,2004,14950825
Argentina,ARG,2005,20482572
Argentina,ARG,2006,14445538
Argentina,ARG,2007,21755364
Argentina,ARG,2008,22016926
Argentina,ARG,2009,13121380
Argentina,ARG,2010,22663095
Argentina,ARG,2011,23799830
Argentina,ARG,2012,21196637
Argentina,ARG,2013,32119211
Argentina,ARG,2014,33087165
Argentina,ARG,2015,33817744
Argentina,ARG,2016,39792854
Argentina,ARG,2017,49475895
Argentina,ARG,2018,43462323
Armenia,ARM,1993,3910
Armenia,ARM,1994,4900
Armenia,ARM,1995,4200
Armenia,ARM,1996,4381
Armenia,ARM,1997,9565
Armenia,ARM,1998,5738
Armenia,ARM,1999,11450
Armenia,ARM,2000,5915
Armenia,ARM,2001,9865
Armenia,ARM,2002,12156
Armenia,ARM,2003,15241
Armenia,ARM,2004,19322
Armenia,ARM,2005,14127
Armenia,ARM,2006,8421
Armenia,ARM,2007,18860
Armenia,ARM,2008,21172
Armenia,ARM,2009,15232
Armenia,ARM,2010,12751
Armenia,ARM,2011,19120
Armenia,ARM,2012,19131
Armenia,ARM,2013,20906
Armenia,ARM,2014,20158
Armenia,ARM,2015,21720
Armenia,ARM,2016,21026
Armenia,ARM,2017,10413
Armenia,ARM,2018,7615
Australia,AUS,1993,198766
Australia,AUS,1994,204095
Australia,AUS,1995,242370
Australia,AUS,1996,325000
Australia,AUS,1997,398000
Australia,AUS,1998,271000
Australia,AUS,1999,338000
Australia,AUS,2000,406043
Australia,AUS,2001,344934
Australia,AUS,2002,453853
Australia,AUS,2003,310049
Australia,AUS,2004,394990
Australia,AUS,2005,419672
Australia,AUS,2006,361991
Australia,AUS,2007,239879
Australia,AUS,2008,387000
Australia,AUS,2009,375670
Australia,AUS,2010,328000
Australia,AUS,2011,356943
Australia,AUS,2012,450535
Australia,AUS,2013,506725
Australia,AUS,2014,390364
Australia,AUS,2015,494589
Australia,AUS,2016,400032
Australia,AUS,2017,436194
Australia,AUS,2018,387240
Austria,AUT,1993,1524487
Austria,AUT,1994,1420645
Austria,AUT,1995,1473492
Austria,AUT,1996,1735568
Austria,AUT,1997,1841681
Austria,AUT,1998,1645607
Austria,AUT,1999,1699939
Austria,AUT,2000,1851728
Austria,AUT,2001,1771081
Austria,AUT,2002,1955595
Austria,AUT,2003,1707771
Austria,AUT,2004,1944882
Austria,AUT,2005,2020955
Austria,AUT,2006,1746185
Austria,AUT,2007,1994698
Austria,AUT,2008,2448538
Austria,AUT,2009,2168838
Austria,AUT,2010,1955989
Austria,AUT,2011,2453133
Austria,AUT,2012,2351370
Austria,AUT,2013,1639019
Austria,AUT,2014,2334385
Austria,AUT,2015,1637905
Austria,AUT,2016,2179587
Austria,AUT,2017,2075983
Austria,AUT,2018,2130339
Azerbaijan,AZE,1993,14135
Azerbaijan,AZE,1994,14303
Azerbaijan,AZE,1995,12400
Azerbaijan,AZE,1996,13956
Azerbaijan,AZE,1997,18929
Azerbaijan,AZE,1998,28856
Azerbaijan,AZE,1999,100278
Azerbaijan,AZE,2000,103527
Azerbaijan,AZE,2001,116723
Azerbaijan,AZE,2002,128029
Azerbaijan,AZE,2003,143147
Azerbaijan,AZE,2004,152927
Azerbaijan,AZE,2005,151389
Azerbaijan,AZE,2006,145883
Azerbaijan,AZE,2007,158192
Azerbaijan,AZE,2008,158620
Azerbaijan,AZE,2009,151172
Azerbaijan,AZE,2010,136061
Azerbaijan,AZE,2011,152306
Azerbaijan,AZE,2012,181930
Azerbaijan,AZE,2013,208178
Azerbaijan,AZE,2014,203596
Azerbaijan,AZE,2015,214090
Azerbaijan,AZE,2016,223991
Azerbaijan,AZE,2017,235669
Azerbaijan,AZE,2018,247939
Bangladesh,BGD,1993,2725
Bangladesh,BGD,1994,2785
Bangladesh,BGD,1995,2675
Bangladesh,BGD,1996,2695
Bangladesh,BGD,1997,2650
Bangladesh,BGD,1998,2970
Bangladesh,BGD,1999,4000
Bangladesh,BGD,2000,10000
Bangladesh,BGD,2001,64335
Bangladesh,BGD,2002,117255
Bangladesh,BGD,2003,117255
Bangladesh,BGD,2004,241460
Bangladesh,BGD,2005,356280
Bangladesh,BGD,2006,521525
Bangladesh,BGD,2007,902150
Bangladesh,BGD,2008,1346470
Bangladesh,BGD,2009,729629
Bangladesh,BGD,2010,887391
Bangladesh,BGD,2011,1018287
Bangladesh,BGD,2012,1297717
Bangladesh,BGD,2013,1548000
Bangladesh,BGD,2014,2124000
Bangladesh,BGD,2015,2271998
Bangladesh,BGD,2016,2445576
Bangladesh,BGD,2017,3025392
Bangladesh,BGD,2018,3288102
Belarus,BLR,1993,6000
Belarus,BLR,1994,1000
Belarus,BLR,1995,2700
Belarus,BLR,1996,4600
Belarus,BLR,1997,6100
Belarus,BLR,1998,6100
Belarus,BLR,1999,9900
Belarus,BLR,2000,30000
Belarus,BLR,2001,31100
Belarus,BLR,2002,29600
Belarus,BLR,2003,50156
Belarus,BLR,2004,38774
Belarus,BLR,2005,144055
Belarus,BLR,2006,152631
Belarus,BLR,2007,541066
Belarus,BLR,2008,494653
Belarus,BLR,2009,448663
Belarus,BLR,2010,550586
Belarus,BLR,2011,1213124
Belarus,BLR,2012,954483
Belarus,BLR,2013,1119785
Belarus,BLR,2014,599455
Belarus,BLR,2015,222991
Belarus,BLR,2016,740511
Belarus,BLR,2017,694238
Belarus,BLR,2018,1137932
Bhutan,BTN,1993,50000
Bhutan,BTN,1994,60000
Bhutan,BTN,1995,70000
Bhutan,BTN,1996,80000
Bhutan,BTN,1997,85000
Bhutan,BTN,1998,85000
Bhutan,BTN,1999,70000
Bhutan,BTN,2000,48500
Bhutan,BTN,2001,60000
Bhutan,BTN,2002,41412
Bhutan,BTN,2003,49681
Bhutan,BTN,2004,88231
Bhutan,BTN,2005,93968
Bhutan,BTN,2006,80079
Bhutan,BTN,2007,84729
Bhutan,BTN,2008,69252
Bhutan,BTN,2009,61158
Bhutan,BTN,2010,57663
Bhutan,BTN,2011,79826
Bhutan,BTN,2012,73024
Bhutan,BTN,2013,64868
Bhutan,BTN,2014,74370
Bhutan,BTN,2015,83714
Bhutan,BTN,2016,82035
Bhutan,BTN,2017,90263
Bhutan,BTN,2018,92949
Bolivia,BOL,1993,537025
Bolivia,BOL,1994,493533
Bolivia,BOL,1995,515439
Bolivia,BOL,1996,498414
Bolivia,BOL,1997,355718
Bolivia,BOL,1998,479601
Bolivia,BOL,1999,488606
Bolivia,BOL,2000,653271
Bolivia,BOL,2001,677829
Bolivia,BOL,2002,672772
Bolivia,BOL,2003,691643
Bolivia,BOL,2004,538091
Bolivia,BOL,2005,738352
Bolivia,BOL,2006,894436
Bolivia,BOL,2007,770365
Bolivia,BOL,2008,1001803
Bolivia,BOL,2009,1174447
Bolivia,BOL,2010,1018988
Bolivia,BOL,2011,918091
Bolivia,BOL,2012,1043059
Bolivia,BOL,2013,915150
Bolivia,BOL,2014,1006622
Bolivia,BOL,2015,1056557
Bolivia,BOL,2016,984628
Bolivia,BOL,2017,954909
Bolivia,BOL,2018,1260926
Bosnia and Herzegovina,BIH,1993,540000
Bosnia and Herzegovina,BIH,1994,460000
Bosnia and Herzegovina,BIH,1995,372000
Bosnia and Herzegovina,BIH,1996,588000
Bosnia and Herzegovina,BIH,1997,830445
Bosnia and Herzegovina,BIH,1998,846638
Bosnia and Herzegovina,BIH,1999,984052
Bosnia and Herzegovina,BIH,2000,471963
Bosnia and Herzegovina,BIH,2001,770557
Bosnia and Herzegovina,BIH,2002,903231
Bosnia and Herzegovina,BIH,2003,545059
Bosnia and Herzegovina,BIH,2004,990429
Bosnia and Herzegovina,BIH,2005,1004099
Bosnia and Herzegovina,BIH,2006,993850
Bosnia and Herzegovina,BIH,2007,635344
Bosnia and Herzegovina,BIH,2008,1004359
Bosnia and Herzegovina,BIH,2009,962921
Bosnia and Herzegovina,BIH,2010,853376
Bosnia and Herzegovina,BIH,2011,764119
Bosnia and Herzegovina,BIH,2012,539432
Bosnia and Herzegovina,BIH,2013,798500
Bosnia and Herzegovina,BIH,2014,799487
Bosnia and Herzegovina,BIH,2015,785701
Bosnia and Herzegovina,BIH,2016,1178423
Bosnia and Herzegovina,BIH,2017,709584
Bosnia and Herzegovina,BIH,2018,1272339
Botswana,BWA,1993,2976
Botswana,BWA,1994,10800
Botswana,BWA,1995,18953
Botswana,BWA,1996,24629
Botswana,BWA,1997,22649
Botswana,BWA,1998,2344
Botswana,BWA,1999,3796
Botswana,BWA,2000,9347
Botswana,BWA,2001,4976
Botswana,BWA,2002,16447
Botswana,BWA,2003,1633
Botswana,BWA,2004,7529
Botswana,BWA,2005,16080
Botswana,BWA,2006,15162
Botswana,BWA,2007,2158
Botswana,BWA,2008,8967
Botswana,BWA,2009,20093
Botswana,BWA,2010,10572
Botswana,BWA,2011,35222
Botswana,BWA,2012,7677
Botswana,BWA,2013,3844
Botswana,BWA,2014,28550
Botswana,BWA,2015,3792
Botswana,BWA,2016,11879
Botswana,BWA,2017,12265
Botswana,BWA,2018,13126
Brazil,BRA,1993,30055633
Brazil,BRA,1994,32487625
Brazil,BRA,1995,36266951
Brazil,BRA,1996,29652791
Brazil,BRA,1997,32948044
Brazil,BRA,1998,29601753
Brazil,BRA,1999,32239479
Brazil,BRA,2000,32321000
Brazil,BRA,2001,41962475
Brazil,BRA,2002,35940832
Brazil,BRA,2003,48327323
Brazil,BRA,2004,41787558
Brazil,BRA,2005,35113312
Brazil,BRA,2006,42661677
Brazil,BRA,2007,52112217
Brazil,BRA,2008,58933347
Brazil,BRA,2009,50719822
Brazil,BRA,2010,55364271
Brazil,BRA,2011,55660235
Brazil,BRA,2012,71072810
Brazil,BRA,2013,80273172
Brazil,BRA,2014,79881614
Brazil,BRA,2015,85283074
Brazil,BRA,2016,64188314
Brazil,BRA,2017,97910658
Brazil,BRA,2018,82288298
Bulgaria,BGR,1993,983281
Bulgaria,BGR,1994,1383600
Bulgaria,BGR,1995,1817220
Bulgaria,BGR,1996,1041950
Bulgaria,BGR,1997,1659240
Bulgaria,BGR,1998,1303436
Bulgaria,BGR,1999,1739969
Bulgaria,BGR,2000,804134
Bulgaria,BGR,2001,872645
Bulgaria,BGR,2002,1288105
Bulgaria,BGR,2003,1161107
Bulgaria,BGR,2004,2123022
Bulgaria,BGR,2005,1585701
Bulgaria,BGR,2006,1587805
Bulgaria,BGR,2007,980055
Bulgaria,BGR,2008,1368347
Bulgaria,BGR,2009,1290833
Bulgaria,BGR,2010,2047414
Bulgaria,BGR,2011,2209204
Bulgaria,BGR,2012,1717785
Bulgaria,BGR,2013,2738671
Bulgaria,BGR,2014,3137478
Bulgaria,BGR,2015,2696923
Bulgaria,BGR,2016,2226094
Bulgaria,BGR,2017,2562569
Bulgaria,BGR,2018,3478013
Burundi,BDI,1993,172100
Burundi,BDI,1994,122758
Burundi,BDI,1995,153021
Burundi,BDI,1996,144462
Burundi,BDI,1997,144991
Burundi,BDI,1998,131830
Burundi,BDI,1999,128706
Burundi,BDI,2000,117840
Burundi,BDI,2001,124395
Burundi,BDI,2002,126799
Burundi,BDI,2003,120575
Burundi,BDI,2004,123199
Burundi,BDI,2005,125666
Burundi,BDI,2006,116825
Burundi,BDI,2007,115507
Burundi,BDI,2008,117681
Burundi,BDI,2009,120379
Burundi,BDI,2010,126412
Burundi,BDI,2011,128483
Burundi,BDI,2012,140536
Burundi,BDI,2013,162417
Burundi,BDI,2014,127829
Burundi,BDI,2015,160713
Burundi,BDI,2016,243740
Burundi,BDI,2017,228355
Burundi,BDI,2018,290498
Cameroon,CMR,1993,507000
Cameroon,CMR,1994,524000
Cameroon,CMR,1995,618000
Cameroon,CMR,1996,750000
Cameroon,CMR,1997,760000
Cameroon,CMR,1998,793000
Cameroon,CMR,1999,785000
Cameroon,CMR,2000,741447
Cameroon,CMR,2001,738627
Cameroon,CMR,2002,861456
Cameroon,CMR,2003,912280
Cameroon,CMR,2004,966106
Cameroon,CMR,2005,1050396
Cameroon,CMR,2006,1249489
Cameroon,CMR,2007,1322160
Cameroon,CMR,2008,1394832
Cameroon,CMR,2009,1625213
Cameroon,CMR,2010,1670321
Cameroon,CMR,2011,1572067
Cameroon,CMR,2012,1749976
Cameroon,CMR,2013,1647036
Cameroon,CMR,2014,1959262
Cameroon,CMR,2015,2070572
Cameroon,CMR,2016,2164003
Cameroon,CMR,2017,2247194
Cameroon,CMR,2018,2344665
Canada,CAN,1993,6501200
Canada,CAN,1994,7042900
Canada,CAN,1995,7270900
Canada,CAN,1996,7536400
Canada,CAN,1997,7180000
Canada,CAN,1998,8952400
Canada,CAN,1999,9161300
Canada,CAN,2000,6953700
Canada,CAN,2001,8389200
Canada,CAN,2002,8998800
Canada,CAN,2003,9587300
Canada,CAN,2004,8836800
Canada,CAN,2005,9332200
Canada,CAN,2006,8989800
Canada,CAN,2007,11648700
Canada,CAN,2008,10592000
Canada,CAN,2009,9561200
Canada,CAN,2010,12043300
Canada,CAN,2011,11358700
Canada,CAN,2012,13060100
Canada,CAN,2013,14190700
Canada,CAN,2014,11606400
Canada,CAN,2015,13679500
Canada,CAN,2016,13889000
Canada,CAN,2017,14095300
Canada,CAN,2018,13884800
Chad,TCD,1993,61076
Chad,TCD,1994,158896
Chad,TCD,1995,62537
Chad,TCD,1996,74631
Chad,TCD,1997,99141
Chad,TCD,1998,179999
Chad,TCD,1999,94151
Chad,TCD,2000,64014
Chad,TCD,2001,105295
Chad,TCD,2002,84349
Chad,TCD,2003,117978
Chad,TCD,2004,107422
Chad,TCD,2005,201305
Chad,TCD,2006,183946
Chad,TCD,2007,201257
Chad,TCD,2008,225993
Chad,TCD,2009,209031
Chad,TCD,2010,215797
Chad,TCD,2011,299472
Chad,TCD,2012,455965
Chad,TCD,2013,417986
Chad,TCD,2014,332889
Chad,TCD,2015,349500
Chad,TCD,2016,443779
Chad,TCD,2017,396506
Chad,TCD,2018,437898
Chile,CHL,1993,899496
Chile,CHL,1994,937250
Chile,CHL,1995,942223
Chile,CHL,1996,931572
Chile,CHL,1997,880735
Chile,CHL,1998,943276
Chile,CHL,1999,624037
Chile,CHL,2000,652019
Chile,CHL,2001,778498
Chile,CHL,2002,924211
Chile,CHL,2003,1189729
Chile,CHL,2004,1320606
Chile,CHL,2005,1507766
Chile,CHL,2006,1381894
Chile,CHL,2007,1122648
Chile,CHL,2008,1365408
Chile,CHL,2009,1345649
Chile,CHL,2010,1357921
Chile,CHL,2011,1437561
Chile,CHL,2012,1493292
Chile,CHL,2013,1518545
Chile,CHL,2014,1186127
Chile,CHL,2015,1538755
Chile,CHL,2016,1174487
Chile,CHL,2017,1062589
Chile,CHL,2018,1110608
China,CHN,1993,103109999
China,CHN,1994,99674118
China,CHN,1995,112361571
China,CHN,1996,127865412
China,CHN,1997,104647617
China,CHN,1998,133197612
China,CHN,1999,128287195
China,CHN,2000,106178315
China,CHN,2001,114255995
China,CHN,2002,120188915
China,CHN,2003,115997909
China,CHN,2004,130434297
China,CHN,2005,139498473
China,CHN,2006,151731441
China,CHN,2007,152418870
China,CHN,2008,166032097
China,CHN,2009,164107560
China,CHN,2010,177540788
China,CHN,2011,192904232
China,CHN,2012,205719284
China,CHN,2013,218621905
China,CHN,2014,215812100
China,CHN,2015,265157307
China,CHN,2016,263777750
China,CHN,2017,259256299
China,CHN,2018,257348659
Colombia,COL,1993,1129752
Colombia,COL,1994,1161090
Colombia,COL,1995,1019716
Colombia,COL,1996,966922
Colombia,COL,1997,977911
Colombia,COL,1998,754578
Colombia,COL,1999,971202
Colombia,COL,2000,1204471
Colombia,COL,2001,1191901
Colombia,COL,2002,1263544
Colombia,COL,2003,1513950
Colombia,COL,2004,1623214
Colombia,COL,2005,1588316
Colombia,COL,2006,1531145
Colombia,COL,2007,1733290
Colombia,COL,2008,1726546
Colombia,COL,2009,1560347
Colombia,COL,2010,1421868
Colombia,COL,2011,1719795
Colombia,COL,2012,1872855
Colombia,COL,2013,1779069
Colombia,COL,2014,1803039
Colombia,COL,2015,1471026
Colombia,COL,2016,1295089
Colombia,COL,2017,1329856
Colombia,COL,2018,1388246
Croatia,HRV,1993,1672593
Croatia,HRV,1994,1686922
Croatia,HRV,1995,1735854
Croatia,HRV,1996,1885515
Croatia,HRV,1997,2183144
Croatia,HRV,1998,1982545
Croatia,HRV,1999,2135452
Croatia,HRV,2000,1190238
Croatia,HRV,2001,1733003
Croatia,HRV,2002,1956418
Croatia,HRV,2003,1279617
Croatia,HRV,2004,1931627
Croatia,HRV,2005,2206729
Croatia,HRV,2006,1934517
Croatia,HRV,2007,1424599
Croatia,HRV,2008,2504940
Croatia,HRV,2009,2182521
Croatia,HRV,2010,2067815
Croatia,HRV,2011,1733664
Croatia,HRV,2012,1297590
Croatia,HRV,2013,1874372
Croatia,HRV,2014,2046966
Croatia,HRV,2015,1709152
Croatia,HRV,2016,2154470
Croatia,HRV,2017,1559638
Croatia,HRV,2018,2147275
Czech Republic,CZE,1993,157045
Czech Republic,CZE,1994,91396
Czech Republic,CZE,1995,113274
Czech Republic,CZE,1996,168684
Czech Republic,CZE,1997,285199
Czech Republic,CZE,1998,200562
Czech Republic,CZE,1999,260495
Czech Republic,CZE,2000,303957
Czech Republic,CZE,2001,408653
Czech Republic,CZE,2002,616234
Czech Republic,CZE,2003,476371
Czech Republic,CZE,2004,551628
Czech Republic,CZE,2005,702933
Czech Republic,CZE,2006,606366
Czech Republic,CZE,2007,758781
Czech Republic,CZE,2008,858407
Czech Republic,CZE,2009,889574
Czech Republic,CZE,2010,692589
Czech Republic,CZE,2011,1063736
Czech Republic,CZE,2012,928147
Czech Republic,CZE,2013,675380
Czech Republic,CZE,2014,832235
Czech Republic,CZE,2015,442709
Czech Republic,CZE,2016,845765
Czech Republic,CZE,2017,588105
Czech Republic,CZE,2018,489154
Democratic Republic of Congo,COD,1993,1130190
Democratic Republic of Congo,COD,1994,1184430
Democratic Republic of Congo,COD,1995,1007577
Democratic Republic of Congo,COD,1996,1101130
Democratic Republic of Congo,COD,1997,1167307
Democratic Republic of Congo,COD,1998,1215339
Democratic Republic of Congo,COD,1999,1199000
Democratic Republic of Congo,COD,2000,1184000
Democratic Republic of Congo,COD,2001,1169188
Democratic Republic of Congo,COD,2002,1154570
Democratic Republic of Congo,COD,2003,1154800
Democratic Republic of Congo,COD,2004,1155030
Democratic Republic of Congo,COD,2005,1155260
Democratic Republic of Congo,COD,2006,1155490
Democratic Republic of Congo,COD,2007,1155720
Democratic Republic of Congo,COD,2008,1155950
Democratic Republic of Congo,COD,2009,1156180
Democratic Republic of Congo,COD,2010,1155964
Democratic Republic of Congo,COD,2011,1156106
Democratic Republic of Congo,COD,2012,1938044
Democratic Republic of Congo,COD,2013,1986099
Democratic Republic of Congo,COD,2014,2015345
Democratic Republic of Congo,COD,2015,2039009
Democratic Republic of Congo,COD,2016,2028106
Democratic Republic of Congo,COD,2017,2017170
Democratic Republic of Congo,COD,2018,2078352
Ecuador,ECU,1993,581238
Ecuador,ECU,1994,581401
Ecuador,ECU,1995,557388
Ecuador,ECU,1996,603410
Ecuador,ECU,1997,623481
Ecuador,ECU,1998,382464
Ecuador,ECU,1999,500314
Ecuador,ECU,2000,587516
Ecuador,ECU,2001,337057
Ecuador,ECU,2002,583361
Ecuador,ECU,2003,625424
Ecuador,ECU,2004,785191
Ecuador,ECU,2005,788837
Ecuador,ECU,2006,733627
Ecuador,ECU,2007,944952
Ecuador,ECU,2008,804503
Ecuador,ECU,2009,811386
Ecuador,ECU,2010,984096
Ecuador,ECU,2011,963262
Ecuador,ECU,2012,1329532
Ecuador,ECU,2013,1177182
Ecuador,ECU,2014,1667704
Ecuador,ECU,2015,1873525
Ecuador,ECU,2016,1091108
Ecuador,ECU,2017,1436106
Ecuador,ECU,2018,1324147
Egypt,EGY,1993,5039080
Egypt,EGY,1994,5112000
Egypt,EGY,1995,4535175
Egypt,EGY,1996,5165338
Egypt,EGY,1997,5806070
Egypt,EGY,1998,6336802
Egypt,EGY,1999,6143360
Egypt,EGY,2000,6474450
Egypt,EGY,2001,6093578
Egypt,EGY,2002,6430962
Egypt,EGY,2003,6530427
Egypt,EGY,2004,6236140
Egypt,EGY,2005,7085190
Egypt,EGY,2006,6374300
Egypt,EGY,2007,6243220
Egypt,EGY,2008,7401412
Egypt,EGY,2009,7686091
Egypt,EGY,2010,7041099
Egypt,EGY,2011,6876473
Egypt,EGY,2012,8093646
Egypt,EGY,2013,7956593
Egypt,EGY,2014,8059906
Egypt,EGY,2015,7803183
Egypt,EGY,2016,7817640
Egypt,EGY,2017,8542635
Egypt,EGY,2018,7300000
Eritrea,ERI,1993,5540
Eritrea,ERI,1994,18530
Eritrea,ERI,1995,5350
Eritrea,ERI,1996,6759
Eritrea,ERI,1997,6406
Eritrea,ERI,1998,28986
Eritrea,ERI,1999,15900
Eritrea,ERI,2000,5315
Eritrea,ERI,2001,9051
Eritrea,ERI,2002,3008
Eritrea,ERI,2003,4456
Eritrea,ERI,2004,2291
Eritrea,ERI,2005,13581
Eritrea,ERI,2006,28404
Eritrea,ERI,2007,13686
Eritrea,ERI,2008,4148
Eritrea,ERI,2009,16652
Eritrea,ERI,2010,18000
Eritrea,ERI,2011,20000
Eritrea,ERI,2012,22000
Eritrea,ERI,2013,20000
Eritrea,ERI,2014,18000
Eritrea,ERI,2015,20000
Eritrea,ERI,2016,20000
Eritrea,ERI,2017,20000
Eritrea,ERI,2018,19914
Ethiopia,ETH,1993,1455920
Ethiopia,ETH,1994,1396230
Ethiopia,ETH,1995,1989700
Ethiopia,ETH,1996,3164180
Ethiopia,ETH,1997,2986500
Ethiopia,ETH,1998,2344300
Ethiopia,ETH,1999,2832070
Ethiopia,ETH,2000,2682940
Ethiopia,ETH,2001,3298330
Ethiopia,ETH,2002,2825555
Ethiopia,ETH,2003,2743880
Ethiopia,ETH,2004,2906314
Ethiopia,ETH,2005,3911869
Ethiopia,ETH,2006,4029630
Ethiopia,ETH,2007,3336795
Ethiopia,ETH,2008,3776440
Ethiopia,ETH,2009,3897163
Ethiopia,ETH,2010,4986125
Ethiopia,ETH,2011,6069413
Ethiopia,ETH,2012,6158318
Ethiopia,ETH,2013,6491540
Ethiopia,ETH,2014,7234955
Ethiopia,ETH,2015,7882444
Ethiopia,ETH,2016,7847175
Ethiopia,ETH,2017,8006613
Ethiopia,ETH,2018,7360201
France,FRA,1993,14726035
France,FRA,1994,12816279
France,FRA,1995,12583866
France,FRA,1996,14318928
France,FRA,1997,16534988
France,FRA,1998,14885495
France,FRA,1999,15354735
France,FRA,2000,16018168
France,FRA,2001,16420735
France,FRA,2002,16418383
France,FRA,2003,12045464
France,FRA,2004,16375868
France,FRA,2005,13689322
France,FRA,2006,12903719
France,FRA,2007,14505519
France,FRA,2008,16037988
France,FRA,2009,15513841
France,FRA,2010,13975285
France,FRA,2011,15914121
France,FRA,2012,15393497
France,FRA,2013,15041226
France,FRA,2014,18343320
France,FRA,2015,13716048
France,FRA,2016,11839729
France,FRA,2017,14534897
France,FRA,2018,12667393
Georgia,GEO,1993,242800
Georgia,GEO,1994,342800
Georgia,GEO,1995,386500
Georgia,GEO,1996,490900
Georgia,GEO,1997,546300
Georgia,GEO,1998,420220
Georgia,GEO,1999,490491
Georgia,GEO,2000,295911
Georgia,GEO,2001,288562
Georgia,GEO,2002,400066
Georgia,GEO,2003,461866
Georgia,GEO,2004,410613
Georgia,GEO,2005,421347
Georgia,GEO,2006,217400
Georgia,GEO,2007,295800
Georgia,GEO,2008,328200
Georgia,GEO,2009,291000
Georgia,GEO,2010,141100
Georgia,GEO,2011,269600
Georgia,GEO,2012,267000
Georgia,GEO,2013,363900
Georgia,GEO,2014,291600
Georgia,GEO,2015,184600
Georgia,GEO,2016,243700
Georgia,GEO,2017,142500
Georgia,GEO,2018,194200
Germany,DEU,1993,2656450
Germany,DEU,1994,2445993
Germany,DEU,1995,2394565
Germany,DEU,1996,2912620
Germany,DEU,1997,3188356
Germany,DEU,1998,2781464
Germany,DEU,1999,3256916
Germany,DEU,2000,3324018
Germany,DEU,2001,3504514
Germany,DEU,2002,3738448
Germany,DEU,2003,3421642
Germany,DEU,2004,4199857
Germany,DEU,2005,4082700
Germany,DEU,2006,3220300
Germany,DEU,2007,3809320
Germany,DEU,2008,5105861
Germany,DEU,2009,4527228
Germany,DEU,2010,4211501
Germany,DEU,2011,5183600
Germany,DEU,2012,5514700
Germany,DEU,2013,4387300
Germany,DEU,2014,5142100
Germany,DEU,2015,3973000
Germany,DEU,2016,4017800
Germany,DEU,2017,4547600
Germany,DEU,2018,3344000
Greece,GRC,1993,2097337
Greece,GRC,1994,2070005
Greece,GRC,1995,1838773
Greece,GRC,1996,2108683
Greece,GRC,1997,2205850
Greece,GRC,1998,1898004
Greece,GRC,1999,2003848
Greece,GRC,2000,2094189
Greece,GRC,2001,2192365
Greece,GRC,2002,2219400
Greece,GRC,2003,2503784
Greece,GRC,2004,2455463
Greece,GRC,2005,2546838
Greece,GRC,2006,2359004
Greece,GRC,2007,2384811
Greece,GRC,2008,2820227
Greece,GRC,2009,2414495
Greece,GRC,2010,2138486
Greece,GRC,2011,2291806
Greece,GRC,2012,2226176
Greece,GRC,2013,2275239
Greece,GRC,2014,1864065
Greece,GRC,2015,1716520
Greece,GRC,2016,1505461
Greece,GRC,2017,1461730
Greece,GRC,2018,1205980
Guatemala,GTM,1993,1294780
Guatemala,GTM,1994,1187692
Guatemala,GTM,1995,1061583
Guatemala,GTM,1996,1046795
Guatemala,GTM,1997,860936
Guatemala,GTM,1998,1068779
Guatemala,GTM,1999,1024860
Guatemala,GTM,2000,1053550
Guatemala,GTM,2001,1224268
Guatemala,GTM,2002,1241723
Guatemala,GTM,2003,1260452
Guatemala,GTM,2004,1280668
Guatemala,GTM,2005,1375986
Guatemala,GTM,2006,1489606
Guatemala,GTM,2007,1598432
Guatemala,GTM,2008,1721610
Guatemala,GTM,2009,1625811
Guatemala,GTM,2010,1638249
Guatemala,GTM,2011,1675235
Guatemala,GTM,2012,1723465
Guatemala,GTM,2013,1795160
Guatemala,GTM,2014,1815281
Guatemala,GTM,2015,1853900
Guatemala,GTM,2016,1899318
Guatemala,GTM,2017,1951551
Guatemala,GTM,2018,1921936
Honduras,HND,1993,588998
Honduras,HND,1994,583329
Honduras,HND,1995,672061
Honduras,HND,1996,657768
Honduras,HND,1997,609627
Honduras,HND,1998,471327
Honduras,HND,1999,477511
Honduras,HND,2000,533598
Honduras,HND,2001,516079
Honduras,HND,2002,503561
Honduras,HND,2003,514153
Honduras,HND,2004,445110
Honduras,HND,2005,467741
Honduras,HND,2006,501583
Honduras,HND,2007,634881
Honduras,HND,2008,536277
Honduras,HND,2009,587235
Honduras,HND,2010,548223
Honduras,HND,2011,544965
Honduras,HND,2012,524463
Honduras,HND,2013,599382
Honduras,HND,2014,565500
Honduras,HND,2015,625938
Honduras,HND,2016,613334
Honduras,HND,2017,675685
Honduras,HND,2018,704747
Hungary,HUN,1993,4044455
Hungary,HUN,1994,4761201
Hungary,HUN,1995,4679850
Hungary,HUN,1996,5989220
Hungary,HUN,1997,6827776
Hungary,HUN,1998,6143000
Hungary,HUN,1999,7149000
Hungary,HUN,2000,4984332
Hungary,HUN,2001,7857710
Hungary,HUN,2002,6120937
Hungary,HUN,2003,4532147
Hungary,HUN,2004,8332448
Hungary,HUN,2005,9050004
Hungary,HUN,2006,8281666
Hungary,HUN,2007,4026734
Hungary,HUN,2008,8897138
Hungary,HUN,2009,7528380
Hungary,HUN,2010,6984872
Hungary,HUN,2011,7992000
Hungary,HUN,2012,4762710
Hungary,HUN,2013,6756430
Hungary,HUN,2014,9315100
Hungary,HUN,2015,6632783
Hungary,HUN,2016,8729915
Hungary,HUN,2017,6739186
Hungary,HUN,2018,7963217
India,IND,1993,9601000
India,IND,1994,8884400
India,IND,1995,9534000
India,IND,1996,10769000
India,IND,1997,10816000
India,IND,1998,11147700
India,IND,1999,11509600
India,IND,2000,12043200
India,IND,2001,13160200
India,IND,2002,11151700
India,IND,2003,14984300
India,IND,2004,14172000
India,IND,2005,14709900
India,IND,2006,15097000
India,IND,2007,18955400
India,IND,2008,19731400
India,IND,2009,16719500
India,IND,2010,21725800
India,IND,2011,21760000
India,IND,2012,22260000
India,IND,2013,24259510
India,IND,2014,24170000
India,IND,2015,22570000
India,IND,2016,25900000
India,IND,2017,28750000
India,IND,2018,27820000
Iran,IRN,1993,696351
Iran,IRN,1994,512101
Iran,IRN,1995,697246
Iran,IRN,1996,654099
Iran,IRN,1997,889290
Iran,IRN,1998,941000
Iran,IRN,1999,1155651
Iran,IRN,2000,1119707
Iran,IRN,2001,1064186
Iran,IRN,2002,1438533
Iran,IRN,2003,1653001
Iran,IRN,2004,1926078
Iran,IRN,2005,1995252
Iran,IRN,2006,2166130
Iran,IRN,2007,2361299
Iran,IRN,2008,1560992
Iran,IRN,2009,1335003
Iran,IRN,2010,1656996
Iran,IRN,2011,1907007
Iran,IRN,2012,1798000
Iran,IRN,2013,1851999
Iran,IRN,2014,1658875
Iran,IRN,2015,1168629
Iran,IRN,2016,1170587
Iran,IRN,2017,1211431
Iran,IRN,2018,1338258
Iraq,IRQ,1993,280000
Iraq,IRQ,1994,128000
Iraq,IRQ,1995,90000
Iraq,IRQ,1996,125000
Iraq,IRQ,1997,121000
Iraq,IRQ,1998,133000
Iraq,IRQ,1999,115000
Iraq,IRQ,2000,55000
Iraq,IRQ,2001,232000
Iraq,IRQ,2002,248000
Iraq,IRQ,2003,233000
Iraq,IRQ,2004,416000
Iraq,IRQ,2005,401000
Iraq,IRQ,2006,399000
Iraq,IRQ,2007,384000
Iraq,IRQ,2008,287955
Iraq,IRQ,2009,238113
Iraq,IRQ,2010,266699
Iraq,IRQ,2011,335710
Iraq,IRQ,2012,503389
Iraq,IRQ,2013,831345
Iraq,IRQ,2014,289288
Iraq,IRQ,2015,182340
Iraq,IRQ,2016,259546
Iraq,IRQ,2017,185291
Iraq,IRQ,2018,209059
Israel,ISR,1993,70710
Israel,ISR,1994,65792
Israel,ISR,1995,63730
Israel,ISR,1996,74910
Israel,ISR,1997,68110
Israel,ISR,1998,87300
Israel,ISR,1999,82160
Israel,ISR,2000,70820
Israel,ISR,2001,58320
Israel,ISR,2002,65380
Israel,ISR,2003,77120
Israel,ISR,2004,71320
Israel,ISR,2005,59671
Israel,ISR,2006,77633
Israel,ISR,2007,92981
Israel,ISR,2008,99287
Israel,ISR,2009,81097
Israel,ISR,2010,86537
Israel,ISR,2011,96375
Israel,ISR,2012,85358
Israel,ISR,2013,110073
Israel,ISR,2014,163601
Israel,ISR,2015,88990
Israel,ISR,2016,80264
Israel,ISR,2017,87583
Israel,ISR,2018,81930
Italy,ITA,1993,8028900
Italy,ITA,1994,7483400
Italy,ITA,1995,8440300
Italy,ITA,1996,9547500
Italy,ITA,1997,10004698
Italy,ITA,1998,9030860
Italy,ITA,1999,10017200
Italy,ITA,2000,10137500
Italy,ITA,2001,10553706
Italy,ITA,2002,10554422
Italy,ITA,2003,8702288
Italy,ITA,2004,11368007
Italy,ITA,2005,10427930
Italy,ITA,2006,9671206
Italy,ITA,2007,9809266
Italy,ITA,2008,9491203
Italy,ITA,2009,7877700
Italy,ITA,2010,8495940
Italy,ITA,2011,9752592
Italy,ITA,2012,7860123
Italy,ITA,2013,7899617
Italy,ITA,2014,9239545
Italy,ITA,2015,7073896
Italy,ITA,2016,6839499
Italy,ITA,2017,6048499
Italy,ITA,2018,6179035
Japan,JPN,1993,500
Japan,JPN,1994,420
Japan,JPN,1995,300
Japan,JPN,1996,250
Japan,JPN,1997,270
Japan,JPN,1998,230
Japan,JPN,1999,180
Japan,JPN,2000,180
Japan,JPN,2001,170
Japan,JPN,2002,160
Japan,JPN,2003,155
Japan,JPN,2004,150
Japan,JPN,2005,151
Japan,JPN,2006,153
Japan,JPN,2007,155
Japan,JPN,2008,160
Japan,JPN,2009,165
Japan,JPN,2010,166
Japan,JPN,2011,168
Japan,JPN,2012,170
Japan,JPN,2013,180
Japan,JPN,2014,188
Japan,JPN,2015,164
Japan,JPN,2016,166
Japan,JPN,2017,165
Japan,JPN,2018,165
Jordan,JOR,1993,5339
Jordan,JOR,1994,8667
Jordan,JOR,1995,8275
Jordan,JOR,1996,8870
Jordan,JOR,1997,10649
Jordan,JOR,1998,10474
Jordan,JOR,1999,12278
Jordan,JOR,2000,18831
Jordan,JOR,2001,10443
Jordan,JOR,2002,13764
Jordan,JOR,2003,10741
Jordan,JOR,2004,14800
Jordan,JOR,2005,30776
Jordan,JOR,2006,14452
Jordan,JOR,2007,17781
Jordan,JOR,2008,19241
Jordan,JOR,2009,19754
Jordan,JOR,2010,29006
Jordan,JOR,2011,16460
Jordan,JOR,2012,14387
Jordan,JOR,2013,14233
Jordan,JOR,2014,9467
Jordan,JOR,2015,26362
Jordan,JOR,2016,25460
Jordan,JOR,2017,22044
Jordan,JOR,2018,21914
Kazakhstan,KAZ,1993,355200
Kazakhstan,KAZ,1994,233500
Kazakhstan,KAZ,1995,135600
Kazakhstan,KAZ,1996,122100
Kazakhstan,KAZ,1997,111210
Kazakhstan,KAZ,1998,166840
Kazakhstan,KAZ,1999,197600
Kazakhstan,KAZ,2000,248790
Kazakhstan,KAZ,2001,320390
Kazakhstan,KAZ,2002,435210
Kazakhstan,KAZ,2003,437550
Kazakhstan,KAZ,2004,457790
Kazakhstan,KAZ,2005,432080
Kazakhstan,KAZ,2006,413610
Kazakhstan,KAZ,2007,421220
Kazakhstan,KAZ,2008,420160
Kazakhstan,KAZ,2009,471200
Kazakhstan,KAZ,2010,462040
Kazakhstan,KAZ,2011,481960
Kazakhstan,KAZ,2012,520430
Kazakhstan,KAZ,2013,569262
Kazakhstan,KAZ,2014,663994
Kazakhstan,KAZ,2015,734093
Kazakhstan,KAZ,2016,762360
Kazakhstan,KAZ,2017,784695
Kazakhstan,KAZ,2018,862094
Kenya,KEN,1993,2089000
Kenya,KEN,1994,3060000
Kenya,KEN,1995,2698863
Kenya,KEN,1996,2160000
Kenya,KEN,1997,2214000
Kenya,KEN,1998,2464101
Kenya,KEN,1999,2322140
Kenya,KEN,2000,2160000
Kenya,KEN,2001,2790000
Kenya,KEN,2002,2408596
Kenya,KEN,2003,2710848
Kenya,KEN,2004,2607139
Kenya,KEN,2005,2905559
Kenya,KEN,2006,3247200
Kenya,KEN,2007,2928793
Kenya,KEN,2008,2367237
Kenya,KEN,2009,2439000
Kenya,KEN,2010,3464541
Kenya,KEN,2011,3376862
Kenya,KEN,2012,3749880
Kenya,KEN,2013,3592688
Kenya,KEN,2014,3513171
Kenya,KEN,2015,3825000
Kenya,KEN,2016,3339000
Kenya,KEN,2017,3688090
Kenya,KEN,2018,4013777
Kuwait,KWT,1993,357
Kuwait,KWT,1994,976
Kuwait,KWT,1995,1265
Kuwait,KWT,1996,2133
Kuwait,KWT,1997,2132
Kuwait,KWT,1998,3933
Kuwait,KWT,1999,3720
Kuwait,KWT,2000,5552
Kuwait,KWT,2001,6614
Kuwait,KWT,2002,10793
Kuwait,KWT,2003,19355
Kuwait,KWT,2004,7058
Kuwait,KWT,2005,7300
Kuwait,KWT,2006,12078
Kuwait,KWT,2007,20756
Kuwait,KWT,2008,13563
Kuwait,KWT,2009,11261
Kuwait,KWT,2010,18310
Kuwait,KWT,2011,31498
Kuwait,KWT,2012,21605
Kuwait,KWT,2013,27192
Kuwait,KWT,2014,48098
Kuwait,KWT,2015,6675
Kuwait,KWT,2016,2949
Kuwait,KWT,2017,3838
Kuwait,KWT,2018,8869
Kyrgyzstan,KGZ,1993,183800
Kyrgyzstan,KGZ,1994,129300
Kyrgyzstan,KGZ,1995,116100
Kyrgyzstan,KGZ,1996,182167
Kyrgyzstan,KGZ,1997,170565
Kyrgyzstan,KGZ,1998,227886
Kyrgyzstan,KGZ,1999,308356
Kyrgyzstan,KGZ,2000,338263
Kyrgyzstan,KGZ,2001,442772
Kyrgyzstan,KGZ,2002,373604
Kyrgyzstan,KGZ,2003,398541
Kyrgyzstan,KGZ,2004,452949
Kyrgyzstan,KGZ,2005,437305
Kyrgyzstan,KGZ,2006,437969
Kyrgyzstan,KGZ,2007,460678
Kyrgyzstan,KGZ,2008,462100
Kyrgyzstan,KGZ,2009,486636
Kyrgyzstan,KGZ,2010,440878
Kyrgyzstan,KGZ,2011,446411
Kyrgyzstan,KGZ,2012,578294
Kyrgyzstan,KGZ,2013,568186
Kyrgyzstan,KGZ,2014,556142
Kyrgyzstan,KGZ,2015,641944
Kyrgyzstan,KGZ,2016,648744
Kyrgyzstan,KGZ,2017,653351
Kyrgyzstan,KGZ,2018,692877
Lebanon,LBN,1993,3500
Lebanon,LBN,1994,4086
Lebanon,LBN,1995,4670
Lebanon,LBN,1996,4772
Lebanon,LBN,1997,2800
Lebanon,LBN,1998,5000
Lebanon,LBN,1999,4000
Lebanon,LBN,2000,3500
Lebanon,LBN,2001,3800
Lebanon,LBN,2002,2744
Lebanon,LBN,2003,3300
Lebanon,LBN,2004,3300
Lebanon,LBN,2005,3400
Lebanon,LBN,2006,3100
Lebanon,LBN,2007,3100
Lebanon,LBN,2008,3400
Lebanon,LBN,2009,4700
Lebanon,LBN,2010,6023
Lebanon,LBN,2011,3000
Lebanon,LBN,2012,3000
Lebanon,LBN,2013,3000
Lebanon,LBN,2014,3000
Lebanon,LBN,2015,3175
Lebanon,LBN,2016,2745
Lebanon,LBN,2017,3000
Lebanon,LBN,2018,3288
Lesotho,LSO,1993,91805
Lesotho,LSO,1994,149063
Lesotho,LSO,1995,62531
Lesotho,LSO,1996,188489
Lesotho,LSO,1997,142050
Lesotho,LSO,1998,118578
Lesotho,LSO,1999,124549
Lesotho,LSO,2000,106800
Lesotho,LSO,2001,158190
Lesotho,LSO,2002,111110
Lesotho,LSO,2003,82080
Lesotho,LSO,2004,80996
Lesotho,LSO,2005,78739
Lesotho,LSO,2006,100815
Lesotho,LSO,2007,60312
Lesotho,LSO,2008,59651
Lesotho,LSO,2009,57126
Lesotho,LSO,2010,128213
Lesotho,LSO,2011,73390
Lesotho,LSO,2012,88187
Lesotho,LSO,2013,86325
Lesotho,LSO,2014,90072
Lesotho,LSO,2015,65636
Lesotho,LSO,2016,19181
Lesotho,LSO,2017,172666
Lesotho,LSO,2018,100242
Libya,LBY,1993,861
Libya,LBY,1994,905
Libya,LBY,1995,1011
Libya,LBY,1996,400
Libya,LBY,1997,700
Libya,LBY,1998,900
Libya,LBY,1999,1200
Libya,LBY,2000,5780
Libya,LBY,2001,2000
Libya,LBY,2002,1500
Libya,LBY,2003,1500
Libya,LBY,2004,3600
Libya,LBY,2005,3600
Libya,LBY,2006,3070
Libya,LBY,2007,3070
Libya,LBY,2008,3000
Libya,LBY,2009,2950
Libya,LBY,2010,2900
Libya,LBY,2011,2860
Libya,LBY,2012,3220
Libya,LBY,2013,2900
Libya,LBY,2014,3294
Libya,LBY,2015,3627
Libya,LBY,2016,3432
Libya,LBY,2017,3502
Libya,LBY,2018,3571
Lithuania,LTU,1993,8542
Lithuania,LTU,1994,8542
Lithuania,LTU,1995,8542
Lithuania,LTU,1996,8542
Lithuania,LTU,1997,8542
Lithuania,LTU,1998,8641
Lithuania,LTU,1999,9292
Lithuania,LTU,2000,9902
Lithuania,LTU,2001,10860
Lithuania,LTU,2002,8300
Lithuania,LTU,2003,2700
Lithuania,LTU,2004,3000
Lithuania,LTU,2005,4900
Lithuania,LTU,2006,4700
Lithuania,LTU,2007,26000
Lithuania,LTU,2008,32000
Lithuania,LTU,2009,23800
Lithuania,LTU,2010,47500
Lithuania,LTU,2011,71900
Lithuania,LTU,2012,78800
Lithuania,LTU,2013,127200
Lithuania,LTU,2014,115000
Lithuania,LTU,2015,56400
Lithuania,LTU,2016,86233
Lithuania,LTU,2017,56974
Lithuania,LTU,2018,87587
Macedonia,MKD,1993,101063
Macedonia,MKD,1994,133211
Macedonia,MKD,1995,165652
Macedonia,MKD,1996,142421
Macedonia,MKD,1997,157234
Macedonia,MKD,1998,140949
Macedonia,MKD,1999,160550
Macedonia,MKD,2000,125383
Macedonia,MKD,2001,117300
Macedonia,MKD,2002,140151
Macedonia,MKD,2003,141436
Macedonia,MKD,2004,146105
Macedonia,MKD,2005,148234
Macedonia,MKD,2006,147494
Macedonia,MKD,2007,118378
Macedonia,MKD,2008,127125
Macedonia,MKD,2009,157547
Macedonia,MKD,2010,132006
Macedonia,MKD,2011,129322
Macedonia,MKD,2012,118821
Macedonia,MKD,2013,135269
Macedonia,MKD,2014,140221
Macedonia,MKD,2015,136991
Macedonia,MKD,2016,147029
Macedonia,MKD,2017,123014
Macedonia,MKD,2018,190722
Madagascar,MDG,1993,165000
Madagascar,MDG,1994,155000
Madagascar,MDG,1995,177000
Madagascar,MDG,1996,180000
Madagascar,MDG,1997,178000
Madagascar,MDG,1998,152000
Madagascar,MDG,1999,175000
Madagascar,MDG,2000,169800
Madagascar,MDG,2001,179550
Madagascar,MDG,2002,171950
Madagascar,MDG,2003,317860
Madagascar,MDG,2004,349646
Madagascar,MDG,2005,391000
Madagascar,MDG,2006,405344
Madagascar,MDG,2007,416767
Madagascar,MDG,2008,430334
Madagascar,MDG,2009,425204
Madagascar,MDG,2010,411914
Madagascar,MDG,2011,428390
Madagascar,MDG,2012,447948
Madagascar,MDG,2013,380848
Madagascar,MDG,2014,366172
Madagascar,MDG,2015,329367
Madagascar,MDG,2016,316331
Madagascar,MDG,2017,281487
Madagascar,MDG,2018,215000
Malawi,MWI,1993,2033957
Malawi,MWI,1994,1040000
Malawi,MWI,1995,1661457
Malawi,MWI,1996,1793461
Malawi,MWI,1997,1351842
Malawi,MWI,1998,1772392
Malawi,MWI,1999,2479406
Malawi,MWI,2000,2501311
Malawi,MWI,2001,1713064
Malawi,MWI,2002,1556975
Malawi,MWI,2003,1983440
Malawi,MWI,2004,1608349
Malawi,MWI,2005,1225234
Malawi,MWI,2006,2611486
Malawi,MWI,2007,3226418
Malawi,MWI,2008,2634701
Malawi,MWI,2009,3582502
Malawi,MWI,2010,3419409
Malawi,MWI,2011,3699147
Malawi,MWI,2012,3618699
Malawi,MWI,2013,3639866
Malawi,MWI,2014,3978123
Malawi,MWI,2015,2776277
Malawi,MWI,2016,2369493
Malawi,MWI,2017,3464139
Malawi,MWI,2018,2697959
Mali,MLI,1993,283373
Mali,MLI,1994,322493
Mali,MLI,1995,266136
Mali,MLI,1996,294183
Mali,MLI,1997,343357
Mali,MLI,1998,392972
Mali,MLI,1999,619896
Mali,MLI,2000,214548
Mali,MLI,2001,301931
Mali,MLI,2002,365174
Mali,MLI,2003,454758
Mali,MLI,2004,459463
Mali,MLI,2005,634464
Mali,MLI,2006,706737
Mali,MLI,2007,689918
Mali,MLI,2008,695073
Mali,MLI,2009,1476993
Mali,MLI,2010,1356043
Mali,MLI,2011,1298234
Mali,MLI,2012,1418907
Mali,MLI,2013,1635564
Mali,MLI,2014,1744026
Mali,MLI,2015,2276036
Mali,MLI,2016,2811385
Mali,MLI,2017,2811385
Mali,MLI,2018,3624950
Mauritania,MRT,1993,7463
Mauritania,MRT,1994,6294
Mauritania,MRT,1995,3598
Mauritania,MRT,1996,14415
Mauritania,MRT,1997,11616
Mauritania,MRT,1998,10927
Mauritania,MRT,1999,5148
Mauritania,MRT,2000,13651
Mauritania,MRT,2001,6168
Mauritania,MRT,2002,4778
Mauritania,MRT,2003,15810
Mauritania,MRT,2004,7138
Mauritania,MRT,2005,12234
Mauritania,MRT,2006,17285
Mauritania,MRT,2007,16966
Mauritania,MRT,2008,15461
Mauritania,MRT,2009,11830
Mauritania,MRT,2010,19910
Mauritania,MRT,2011,11609
Mauritania,MRT,2012,22841
Mauritania,MRT,2013,6226
Mauritania,MRT,2014,12565
Mauritania,MRT,2015,13000
Mauritania,MRT,2016,15000
Mauritania,MRT,2017,14000
Mauritania,MRT,2018,15519
Mexico,MEX,1993,18125264
Mexico,MEX,1994,18235826
Mexico,MEX,1995,18352856
Mexico,MEX,1996,18023626
Mexico,MEX,1997,17656258
Mexico,MEX,1998,18454710
Mexico,MEX,1999,17706376
Mexico,MEX,2000,17556900
Mexico,MEX,2001,20134300
Mexico,MEX,2002,19297800
Mexico,MEX,2003,20701400
Mexico,MEX,2004,21670200
Mexico,MEX,2005,19338700
Mexico,MEX,2006,21893209
Mexico,MEX,2007,23512752
Mexico,MEX,2008,24320100
Mexico,MEX,2009,20142816
Mexico,MEX,2010,23301879
Mexico,MEX,2011,17635417
Mexico,MEX,2012,22069254
Mexico,MEX,2013,22663953
Mexico,MEX,2014,23273257
Mexico,MEX,2015,24694046
Mexico,MEX,2016,28250160
Mexico,MEX,2017,27763203
Mexico,MEX,2018,27169977
Moldova,MDA,1993,1324480
Moldova,MDA,1994,629300
Moldova,MDA,1995,978889
Moldova,MDA,1996,1036713
Moldova,MDA,1997,1830962
Moldova,MDA,1998,1238984
Moldova,MDA,1999,1140294
Moldova,MDA,2000,1031200
Moldova,MDA,2001,1117620
Moldova,MDA,2002,1193650
Moldova,MDA,2003,1413600
Moldova,MDA,2004,1794475
Moldova,MDA,2005,1492000
Moldova,MDA,2006,1322186
Moldova,MDA,2007,1300266
Moldova,MDA,2008,1478563
Moldova,MDA,2009,1141078
Moldova,MDA,2010,1419851
Moldova,MDA,2011,1468263
Moldova,MDA,2012,1437986
Moldova,MDA,2013,1419193
Moldova,MDA,2014,1556230
Moldova,MDA,2015,1076778
Moldova,MDA,2016,1392443
Moldova,MDA,2017,1772525
Moldova,MDA,2018,2073775
Morocco,MAR,1993,92320
Morocco,MAR,1994,202610
Morocco,MAR,1995,50490
Morocco,MAR,1996,235090
Morocco,MAR,1997,374460
Morocco,MAR,1998,200500
Morocco,MAR,1999,136380
Morocco,MAR,2000,95000
Morocco,MAR,2001,53560
Morocco,MAR,2002,198880
Morocco,MAR,2003,138580
Morocco,MAR,2004,224130
Morocco,MAR,2005,50120
Morocco,MAR,2006,297380
Morocco,MAR,2007,94860
Morocco,MAR,2008,120950
Morocco,MAR,2009,204520
Morocco,MAR,2010,279150
Morocco,MAR,2011,221298
Morocco,MAR,2012,90221
Morocco,MAR,2013,118136
Morocco,MAR,2014,97379
Morocco,MAR,2015,95032
Morocco,MAR,2016,128763
Morocco,MAR,2017,122399
Morocco,MAR,2018,118392
Mozambique,MOZ,1993,533083
Mozambique,MOZ,1994,489486
Mozambique,MOZ,1995,734000
Mozambique,MOZ,1996,947000
Mozambique,MOZ,1997,1042026
Mozambique,MOZ,1998,1124000
Mozambique,MOZ,1999,1336080
Mozambique,MOZ,2000,1180432
Mozambique,MOZ,2001,1143263
Mozambique,MOZ,2002,1114774
Mozambique,MOZ,2003,1181279
Mozambique,MOZ,2004,1060396
Mozambique,MOZ,2005,941517
Mozambique,MOZ,2006,1395476
Mozambique,MOZ,2007,1133910
Mozambique,MOZ,2008,1213569
Mozambique,MOZ,2009,1612000
Mozambique,MOZ,2010,2089890
Mozambique,MOZ,2011,2178842
Mozambique,MOZ,2012,2354778
Mozambique,MOZ,2013,1173709
Mozambique,MOZ,2014,1357220
Mozambique,MOZ,2015,1262038
Mozambique,MOZ,2016,1469213
Mozambique,MOZ,2017,1362823
Mozambique,MOZ,2018,1654143
Myanmar,MMR,1993,201400
Myanmar,MMR,1994,279900
Myanmar,MMR,1995,270400
Myanmar,MMR,1996,281400
Myanmar,MMR,1997,303400
Myanmar,MMR,1998,297900
Myanmar,MMR,1999,343600
Myanmar,MMR,2000,358900
Myanmar,MMR,2001,524000
Myanmar,MMR,2002,593400
Myanmar,MMR,2003,692900
Myanmar,MMR,2004,771100
Myanmar,MMR,2005,903500
Myanmar,MMR,2006,1015800
Myanmar,MMR,2007,1128100
Myanmar,MMR,2008,1184700
Myanmar,MMR,2009,1225700
Myanmar,MMR,2010,1354400
Myanmar,MMR,2011,1461500
Myanmar,MMR,2012,1501600
Myanmar,MMR,2013,1600600
Myanmar,MMR,2014,1693400
Myanmar,MMR,2015,1748500
Myanmar,MMR,2016,1830631
Myanmar,MMR,2017,1909334
Myanmar,MMR,2018,1983122
Namibia,NAM,1993,25500
Namibia,NAM,1994,40834
Namibia,NAM,1995,18431
Namibia,NAM,1996,19020
Namibia,NAM,1997,49460
Namibia,NAM,1998,17860
Namibia,NAM,1999,18855
Namibia,NAM,2000,31550
Namibia,NAM,2001,27700
Namibia,NAM,2002,27800
Namibia,NAM,2003,28891
Namibia,NAM,2004,28244
Namibia,NAM,2005,40723
Namibia,NAM,2006,60853
Namibia,NAM,2007,55523
Namibia,NAM,2008,58101
Namibia,NAM,2009,57320
Namibia,NAM,2010,53071
Namibia,NAM,2011,53800
Namibia,NAM,2012,87600
Namibia,NAM,2013,40000
Namibia,NAM,2014,55985
Namibia,NAM,2015,56784
Namibia,NAM,2016,43611
Namibia,NAM,2017,71037
Namibia,NAM,2018,59253
Nepal,NPL,1993,1210000
Nepal,NPL,1994,1273000
Nepal,NPL,1995,1302120
Nepal,NPL,1996,1331060
Nepal,NPL,1997,1316840
Nepal,NPL,1998,1367330
Nepal,NPL,1999,1345910
Nepal,NPL,2000,1414850
Nepal,NPL,2001,1484112
Nepal,NPL,2002,1510770
Nepal,NPL,2003,1569140
Nepal,NPL,2004,1590097
Nepal,NPL,2005,1716042
Nepal,NPL,2006,1734417
Nepal,NPL,2007,1819925
Nepal,NPL,2008,1878648
Nepal,NPL,2009,1930669
Nepal,NPL,2010,1855184
Nepal,NPL,2011,2067522
Nepal,NPL,2012,2179414
Nepal,NPL,2013,1999010
Nepal,NPL,2014,2283222
Nepal,NPL,2015,2145291
Nepal,NPL,2016,2231517
Nepal,NPL,2017,2300121
Nepal,NPL,2018,2473283
Netherlands,NLD,1993,94600
Netherlands,NLD,1994,83100
Netherlands,NLD,1995,63400
Netherlands,NLD,1996,87200
Netherlands,NLD,1997,64000
Netherlands,NLD,1998,150700
Netherlands,NLD,1999,112300
Netherlands,NLD,2000,223300
Netherlands,NLD,2001,242000
Netherlands,NLD,2002,230000
Netherlands,NLD,2003,206000
Netherlands,NLD,2004,190000
Netherlands,NLD,2005,183000
Netherlands,NLD,2006,181200
Netherlands,NLD,2007,230600
Netherlands,NLD,2008,252300
Netherlands,NLD,2009,244911
Netherlands,NLD,2010,196903
Netherlands,NLD,2011,204400
Netherlands,NLD,2012,191363
Netherlands,NLD,2013,185284
Netherlands,NLD,2014,173066
Netherlands,NLD,2015,121114
Netherlands,NLD,2016,84641
Netherlands,NLD,2017,116711
Netherlands,NLD,2018,84894
New Zealand,NZL,1993,133069
New Zealand,NZL,1994,142768
New Zealand,NZL,1995,160797
New Zealand,NZL,1996,209710
New Zealand,NZL,1997,194000
New Zealand,NZL,1998,176000
New Zealand,NZL,1999,197000
New Zealand,NZL,2000,181000
New Zealand,NZL,2001,176800
New Zealand,NZL,2002,148847
New Zealand,NZL,2003,211685
New Zealand,NZL,2004,234248
New Zealand,NZL,2005,210253
New Zealand,NZL,2006,215649
New Zealand,NZL,2007,185627
New Zealand,NZL,2008,205557
New Zealand,NZL,2009,237844
New Zealand,NZL,2010,188812
New Zealand,NZL,2011,210175
New Zealand,NZL,2012,211231
New Zealand,NZL,2013,201659
New Zealand,NZL,2014,237165
New Zealand,NZL,2015,226278
New Zealand,NZL,2016,210325
New Zealand,NZL,2017,175586
New Zealand,NZL,2018,191993
Niger,NER,1993,2000
Niger,NER,1994,2000
Niger,NER,1995,2000
Niger,NER,1996,3625
Niger,NER,1997,1167
Niger,NER,1998,8160
Niger,NER,1999,1592
Niger,NER,2000,3784
Niger,NER,2001,2325
Niger,NER,2002,2907
Niger,NER,2003,2216
Niger,NER,2004,3970
Niger,NER,2005,979
Niger,NER,2006,19085
Niger,NER,2007,19324
Niger,NER,2008,6409
Niger,NER,2009,1389
Niger,NER,2010,9756
Niger,NER,2011,6983
Niger,NER,2012,15844
Niger,NER,2013,17813
Niger,NER,2014,56597
Niger,NER,2015,35387
Niger,NER,2016,38022
Niger,NER,2017,38345
Niger,NER,2018,29536
Nigeria,NGA,1993,6290000
Nigeria,NGA,1994,6902000
Nigeria,NGA,1995,6931000
Nigeria,NGA,1996,5667000
Nigeria,NGA,1997,5254000
Nigeria,NGA,1998,5127000
Nigeria,NGA,1999,5476000
Nigeria,NGA,2000,4107000
Nigeria,NGA,2001,4596000
Nigeria,NGA,2002,4890000
Nigeria,NGA,2003,5203000
Nigeria,NGA,2004,5567000
Nigeria,NGA,2005,5957000
Nigeria,NGA,2006,7100000
Nigeria,NGA,2007,6724000
Nigeria,NGA,2008,7525000
Nigeria,NGA,2009,7358260
Nigeria,NGA,2010,7676850
Nigeria,NGA,2011,8878456
Nigeria,NGA,2012,8694900
Nigeria,NGA,2013,8422670
Nigeria,NGA,2014,10058968
Nigeria,NGA,2015,10562050
Nigeria,NGA,2016,11547980
Nigeria,NGA,2017,10420000
Nigeria,NGA,2018,10155027
North Korea,PRK,1993,3937000
North Korea,PRK,1994,3547000
North Korea,PRK,1995,1366000
North Korea,PRK,1996,825000
North Korea,PRK,1997,1014000
North Korea,PRK,1998,1765000
North Korea,PRK,1999,1235000
North Korea,PRK,2000,1041000
North Korea,PRK,2001,1483000
North Korea,PRK,2002,1651000
North Korea,PRK,2003,1725000
North Korea,PRK,2004,1727000
North Korea,PRK,2005,1630000
North Korea,PRK,2006,1750000
North Korea,PRK,2007,1587000
North Korea,PRK,2008,1411390
North Korea,PRK,2009,1705000
North Korea,PRK,2010,1683000
North Korea,PRK,2011,1857000
North Korea,PRK,2012,2040000
North Korea,PRK,2013,2002000
North Korea,PRK,2014,2349100
North Korea,PRK,2015,2287800
North Korea,PRK,2016,2195200
North Korea,PRK,2017,2199755
North Korea,PRK,2018,1876000
Oman,OMN,1993,26384
Oman,OMN,1994,25666
Oman,OMN,1995,24949
Oman,OMN,1996,24232
Oman,OMN,1997,23514
Oman,OMN,1998,22797
Oman,OMN,1999,22080
Oman,OMN,2000,21363
Oman,OMN,2001,20645
Oman,OMN,2002,19928
Oman,OMN,2003,19211
Oman,OMN,2004,18493
Oman,OMN,2005,17776
Oman,OMN,2006,17059
Oman,OMN,2007,16342
Oman,OMN,2008,15624
Oman,OMN,2009,14907
Oman,OMN,2010,14190
Oman,OMN,2011,15445
Oman,OMN,2012,14107
Oman,OMN,2013,13604
Oman,OMN,2014,9793
Oman,OMN,2015,15762
Oman,OMN,2016,6856
Oman,OMN,2017,7075
Oman,OMN,2018,8827
Pakistan,PAK,1993,1213000
Pakistan,PAK,1994,1318100
Pakistan,PAK,1995,1504000
Pakistan,PAK,1996,1491000
Pakistan,PAK,1997,1517000
Pakistan,PAK,1998,1665000
Pakistan,PAK,1999,1652000
Pakistan,PAK,2000,1643200
Pakistan,PAK,2001,1664400
Pakistan,PAK,2002,1737100
Pakistan,PAK,2003,1897400
Pakistan,PAK,2004,2797000
Pakistan,PAK,2005,3109600
Pakistan,PAK,2006,3088400
Pakistan,PAK,2007,3604700
Pakistan,PAK,2008,3593000
Pakistan,PAK,2009,3261500
Pakistan,PAK,2010,3706910
Pakistan,PAK,2011,4338380
Pakistan,PAK,2012,4220100
Pakistan,PAK,2013,4944210
Pakistan,PAK,2014,4936747
Pakistan,PAK,2015,5270914
Pakistan,PAK,2016,6134274
Pakistan,PAK,2017,5901630
Pakistan,PAK,2018,6308897
Paraguay,PRY,1993,439130
Paraguay,PRY,1994,461665
Paraguay,PRY,1995,816018
Paraguay,PRY,1996,653731
Paraguay,PRY,1997,1054938
Paraguay,PRY,1998,873216
Paraguay,PRY,1999,816545
Paraguay,PRY,2000,647270
Paraguay,PRY,2001,947167
Paraguay,PRY,2002,867270
Paraguay,PRY,2003,1055536
Paraguay,PRY,2004,1120000
Paraguay,PRY,2005,830000
Paraguay,PRY,2006,1652688
Paraguay,PRY,2007,2008943
Paraguay,PRY,2008,2471711
Paraguay,PRY,2009,1857840
Paraguay,PRY,2010,3108821
Paraguay,PRY,2011,3345877
Paraguay,PRY,2012,3079525
Paraguay,PRY,2013,4120000
Paraguay,PRY,2014,3200000
Paraguay,PRY,2015,4985881
Paraguay,PRY,2016,5152320
Paraguay,PRY,2017,5155900
Paraguay,PRY,2018,5344650
Peru,PER,1993,772382
Peru,PER,1994,725069
Peru,PER,1995,715188
Peru,PER,1996,1013192
Peru,PER,1997,833360
Peru,PER,1998,939079
Peru,PER,1999,1057020
Peru,PER,2000,1240969
Peru,PER,2001,1310920
Peru,PER,2002,1290862
Peru,PER,2003,1353812
Peru,PER,2004,1200047
Peru,PER,2005,1240780
Peru,PER,2006,1268975
Peru,PER,2007,1368244
Peru,PER,2008,1480896
Peru,PER,2009,1559745
Peru,PER,2010,1541195
Peru,PER,2011,1515774
Peru,PER,2012,1673874
Peru,PER,2013,1670470
Peru,PER,2014,1529636
Peru,PER,2015,1746428
Peru,PER,2016,1509809
Peru,PER,2017,1523469
Peru,PER,2018,1569535
Poland,POL,1993,289832
Poland,POL,1994,189024
Poland,POL,1995,238831
Poland,POL,1996,350041
Poland,POL,1997,416516
Poland,POL,1998,496363
Poland,POL,1999,599362
Poland,POL,2000,923341
Poland,POL,2001,1361938
Poland,POL,2002,1961980
Poland,POL,2003,1883677
Poland,POL,2004,2344027
Poland,POL,2005,1945402
Poland,POL,2006,1260657
Poland,POL,2007,1722297
Poland,POL,2008,1844440
Poland,POL,2009,1706600
Poland,POL,2010,1994391
Poland,POL,2011,2392100
Poland,POL,2012,3995900
Poland,POL,2013,4039700
Poland,POL,2014,4468403
Poland,POL,2015,3156212
Poland,POL,2016,4342910
Poland,POL,2017,4021592
Poland,POL,2018,3864028
Portugal,PRT,1993,668472
Portugal,PRT,1994,711432
Portugal,PRT,1995,714627
Portugal,PRT,1996,789290
Portugal,PRT,1997,863410
Portugal,PRT,1998,980922
Portugal,PRT,1999,934104
Portugal,PRT,2000,881589
Portugal,PRT,2001,912143
Portugal,PRT,2002,802707
Portugal,PRT,2003,803897
Portugal,PRT,2004,794819
Portugal,PRT,2005,514415
Portugal,PRT,2006,542620
Portugal,PRT,2007,616917
Portugal,PRT,2008,701606
Portugal,PRT,2009,634069
Portugal,PRT,2010,626222
Portugal,PRT,2011,810267
Portugal,PRT,2012,848666
Portugal,PRT,2013,929538
Portugal,PRT,2014,896995
Portugal,PRT,2015,827544
Portugal,PRT,2016,710634
Portugal,PRT,2017,745123
Portugal,PRT,2018,713860
Qatar,QAT,1993,190
Qatar,QAT,1994,335
Qatar,QAT,1995,390
Qatar,QAT,1996,817
Qatar,QAT,1997,905
Qatar,QAT,1998,858
Qatar,QAT,1999,1209
Qatar,QAT,2000,1790
Qatar,QAT,2001,1466
Qatar,QAT,2002,1670
Qatar,QAT,2003,1466
Qatar,QAT,2004,1162
Qatar,QAT,2005,836
Qatar,QAT,2006,830
Qatar,QAT,2007,1270
Qatar,QAT,2008,1270
Qatar,QAT,2009,1350
Qatar,QAT,2010,1868
Qatar,QAT,2011,1130
Qatar,QAT,2012,1174
Qatar,QAT,2013,1211
Qatar,QAT,2014,1729
Qatar,QAT,2015,876
Qatar,QAT,2016,574
Qatar,QAT,2017,645
Qatar,QAT,2018,1866
Romania,ROU,1993,7987450
Romania,ROU,1994,9343224
Romania,ROU,1995,9923132
Romania,ROU,1996,9607944
Romania,ROU,1997,12686700
Romania,ROU,1998,8623370
Romania,ROU,1999,10934815
Romania,ROU,2000,4897603
Romania,ROU,2001,9119194
Romania,ROU,2002,8399779
Romania,ROU,2003,9576985
Romania,ROU,2004,14541564
Romania,ROU,2005,10388499
Romania,ROU,2006,8984729
Romania,ROU,2007,3853918
Romania,ROU,2008,7849083
Romania,ROU,2009,7973258
Romania,ROU,2010,9042032
Romania,ROU,2011,11717591
Romania,ROU,2012,5953352
Romania,ROU,2013,11305095
Romania,ROU,2014,11988553
Romania,ROU,2015,9021403
Romania,ROU,2016,10746387
Romania,ROU,2017,14326097
Romania,ROU,2018,18663939
Russia,RUS,1993,2441080
Russia,RUS,1994,891950
Russia,RUS,1995,1738440
Russia,RUS,1996,1081038
Russia,RUS,1997,2652012
Russia,RUS,1998,799940
Russia,RUS,1999,1033569
Russia,RUS,2000,1489399
Russia,RUS,2001,808360
Russia,RUS,2002,1499425
Russia,RUS,2003,2030896
Russia,RUS,2004,3372956
Russia,RUS,2005,3060164
Russia,RUS,2006,3510351
Russia,RUS,2007,3798020
Russia,RUS,2008,6682300
Russia,RUS,2009,3963433
Russia,RUS,2010,3084351
Russia,RUS,2011,6962438
Russia,RUS,2012,8212924
Russia,RUS,2013,11634943
Russia,RUS,2014,11332138
Russia,RUS,2015,13173296
Russia,RUS,2016,15281594
Russia,RUS,2017,13208095
Russia,RUS,2018,11419020
Rwanda,RWA,1993,87000
Rwanda,RWA,1994,67000
Rwanda,RWA,1995,56000
Rwanda,RWA,1996,66595
Rwanda,RWA,1997,83427
Rwanda,RWA,1998,58618
Rwanda,RWA,1999,54912
Rwanda,RWA,2000,62501
Rwanda,RWA,2001,80979
Rwanda,RWA,2002,91686
Rwanda,RWA,2003,78886
Rwanda,RWA,2004,88209
Rwanda,RWA,2005,97251
Rwanda,RWA,2006,96662
Rwanda,RWA,2007,101659
Rwanda,RWA,2008,166853
Rwanda,RWA,2009,286946
Rwanda,RWA,2010,432404
Rwanda,RWA,2011,525679
Rwanda,RWA,2012,573038
Rwanda,RWA,2013,667833
Rwanda,RWA,2014,583096
Rwanda,RWA,2015,370140
Rwanda,RWA,2016,374267
Rwanda,RWA,2017,358417
Rwanda,RWA,2018,410280
Saudi Arabia,SAU,1993,5529
Saudi Arabia,SAU,1994,5765
Saudi Arabia,SAU,1995,6450
Saudi Arabia,SAU,1996,6576
Saudi Arabia,SAU,1997,5843
Saudi Arabia,SAU,1998,6566
Saudi Arabia,SAU,1999,4119
Saudi Arabia,SAU,2000,40607
Saudi Arabia,SAU,2001,19920
Saudi Arabia,SAU,2002,29455
Saudi Arabia,SAU,2003,35876
Saudi Arabia,SAU,2004,53538
Saudi Arabia,SAU,2005,90634
Saudi Arabia,SAU,2006,125887
Saudi Arabia,SAU,2007,135000
Saudi Arabia,SAU,2008,163446
Saudi Arabia,SAU,2009,161479
Saudi Arabia,SAU,2010,79384
Saudi Arabia,SAU,2011,91747
Saudi Arabia,SAU,2012,93377
Saudi Arabia,SAU,2013,95356
Saudi Arabia,SAU,2014,13401
Saudi Arabia,SAU,2015,13040
Saudi Arabia,SAU,2016,14768
Saudi Arabia,SAU,2017,15079
Saudi Arabia,SAU,2018,15394
Slovakia,SVK,1993,673714
Slovakia,SVK,1994,520856
Slovakia,SVK,1995,596609
Slovakia,SVK,1996,749978
Slovakia,SVK,1997,818728
Slovakia,SVK,1998,637446
Slovakia,SVK,1999,779287
Slovakia,SVK,2000,440365
Slovakia,SVK,2001,616041
Slovakia,SVK,2002,756626
Slovakia,SVK,2003,601440
Slovakia,SVK,2004,862435
Slovakia,SVK,2005,1074040
Slovakia,SVK,2006,838326
Slovakia,SVK,2007,623907
Slovakia,SVK,2008,1260616
Slovakia,SVK,2009,988053
Slovakia,SVK,2010,921313
Slovakia,SVK,2011,1444358
Slovakia,SVK,2012,1170354
Slovakia,SVK,2013,1123313
Slovakia,SVK,2014,1814113
Slovakia,SVK,2015,929233
Slovakia,SVK,2016,1710178
Slovakia,SVK,2017,1066188
Slovakia,SVK,2018,1515834
Slovenia,SVN,1993,238256
Slovenia,SVN,1994,311949
Slovenia,SVN,1995,296302
Slovenia,SVN,1996,296875
Slovenia,SVN,1997,355285
Slovenia,SVN,1998,333456
Slovenia,SVN,1999,308000
Slovenia,SVN,2000,282393
Slovenia,SVN,2001,257546
Slovenia,SVN,2002,371365
Slovenia,SVN,2003,224223
Slovenia,SVN,2004,357621
Slovenia,SVN,2005,351168
Slovenia,SVN,2006,276106
Slovenia,SVN,2007,308259
Slovenia,SVN,2008,319902
Slovenia,SVN,2009,302600
Slovenia,SVN,2010,311117
Slovenia,SVN,2011,349030
Slovenia,SVN,2012,277358
Slovenia,SVN,2013,226634
Slovenia,SVN,2014,350583
Slovenia,SVN,2015,338712
Slovenia,SVN,2016,346211
Slovenia,SVN,2017,272177
Slovenia,SVN,2018,350489
Somalia,SOM,1993,79000
Somalia,SOM,1994,150360
Somalia,SOM,1995,146000
Somalia,SOM,1996,142000
Somalia,SOM,1997,133706
Somalia,SOM,1998,135665
Somalia,SOM,1999,165615
Somalia,SOM,2000,265930
Somalia,SOM,2001,287500
Somalia,SOM,2002,287500
Somalia,SOM,2003,268860
Somalia,SOM,2004,202470
Somalia,SOM,2005,200000
Somalia,SOM,2006,100000
Somalia,SOM,2007,100000
Somalia,SOM,2008,100000
Somalia,SOM,2009,128923
Somalia,SOM,2010,132627
Somalia,SOM,2011,65126
Somalia,SOM,2012,145128
Somalia,SOM,2013,149497
Somalia,SOM,2014,110556
Somalia,SOM,2015,106636
Somalia,SOM,2016,63251
Somalia,SOM,2017,65000
Somalia,SOM,2018,138716
South Africa,ZAF,1993,9997000
South Africa,ZAF,1994,13275000
South Africa,ZAF,1995,4866000
South Africa,ZAF,1996,10171000
South Africa,ZAF,1997,10136000
South Africa,ZAF,1998,7693000
South Africa,ZAF,1999,7946000
South Africa,ZAF,2000,11431183
South Africa,ZAF,2001,7772000
South Africa,ZAF,2002,10076000
South Africa,ZAF,2003,9705000
South Africa,ZAF,2004,9710070
South Africa,ZAF,2005,11715948
South Africa,ZAF,2006,6935056
South Africa,ZAF,2007,7125000
South Africa,ZAF,2008,12700000
South Africa,ZAF,2009,12050000
South Africa,ZAF,2010,12815000
South Africa,ZAF,2011,10360000
South Africa,ZAF,2012,12120656
South Africa,ZAF,2013,11810600
South Africa,ZAF,2014,14250000
South Africa,ZAF,2015,9955000
South Africa,ZAF,2016,7778500
South Africa,ZAF,2017,16820000
South Africa,ZAF,2018,12510000
South Korea,KOR,1993,82107
South Korea,KOR,1994,88578
South Korea,KOR,1995,74465
South Korea,KOR,1996,72168
South Korea,KOR,1997,86763
South Korea,KOR,1998,80203
South Korea,KOR,1999,79333
South Korea,KOR,2000,64205
South Korea,KOR,2001,57218
South Korea,KOR,2002,73223
South Korea,KOR,2003,70242
South Korea,KOR,2004,77616
South Korea,KOR,2005,73470
South Korea,KOR,2006,64623
South Korea,KOR,2007,83513
South Korea,KOR,2008,92830
South Korea,KOR,2009,76975
South Korea,KOR,2010,74339
South Korea,KOR,2011,73612
South Korea,KOR,2012,83210
South Korea,KOR,2013,80465
South Korea,KOR,2014,82008
South Korea,KOR,2015,78243
South Korea,KOR,2016,73681
South Korea,KOR,2017,72587
South Korea,KOR,2018,74368
Spain,ESP,1993,1632929
Spain,ESP,1994,2343600
Spain,ESP,1995,2590400
Spain,ESP,1996,3751000
Spain,ESP,1997,4451502
Spain,ESP,1998,4349100
Spain,ESP,1999,3768600
Spain,ESP,2000,3991752
Spain,ESP,2001,4981901
Spain,ESP,2002,4425373
Spain,ESP,2003,4338700
Spain,ESP,2004,4831147
Spain,ESP,2005,3981370
Spain,ESP,2006,3355722
Spain,ESP,2007,3610937
Spain,ESP,2008,3628600
Spain,ESP,2009,3515617
Spain,ESP,2010,3324821
Spain,ESP,2011,4199927
Spain,ESP,2012,4262116
Spain,ESP,2013,4885000
Spain,ESP,2014,4776190
Spain,ESP,2015,4564416
Spain,ESP,2016,4069508
Spain,ESP,2017,3775645
Spain,ESP,2018,3842519
Swaziland,SWZ,1993,83815
Swaziland,SWZ,1994,83657
Swaziland,SWZ,1995,149190
Swaziland,SWZ,1996,119028
Swaziland,SWZ,1997,137726
Swaziland,SWZ,1998,118074
Swaziland,SWZ,1999,124057
Swaziland,SWZ,2000,112779
Swaziland,SWZ,2001,82536
Swaziland,SWZ,2002,67639
Swaziland,SWZ,2003,69273
Swaziland,SWZ,2004,68087
Swaziland,SWZ,2005,74540
Swaziland,SWZ,2006,67127
Swaziland,SWZ,2007,26170
Swaziland,SWZ,2008,60012
Swaziland,SWZ,2009,75068
Swaziland,SWZ,2010,84685
Swaziland,SWZ,2011,75418
Swaziland,SWZ,2012,81934
Swaziland,SWZ,2013,118871
Swaziland,SWZ,2014,87195
Swaziland,SWZ,2015,83410
Swaziland,SWZ,2016,87170
Swaziland,SWZ,2017,89936
Swaziland,SWZ,2018,91247
Switzerland,CHE,1993,186916
Switzerland,CHE,1994,249434
Switzerland,CHE,1995,218132
Switzerland,CHE,1996,196500
Switzerland,CHE,1997,187727
Switzerland,CHE,1998,191813
Switzerland,CHE,1999,192338
Switzerland,CHE,2000,212400
Switzerland,CHE,2001,217600
Switzerland,CHE,2002,189000
Switzerland,CHE,2003,90700
Switzerland,CHE,2004,180900
Switzerland,CHE,2005,198900
Switzerland,CHE,2006,152400
Switzerland,CHE,2007,177600
Switzerland,CHE,2008,170699
Switzerland,CHE,2009,174035
Switzerland,CHE,2010,143502
Switzerland,CHE,2011,178000
Switzerland,CHE,2012,175000
Switzerland,CHE,2013,153000
Switzerland,CHE,2014,169000
Switzerland,CHE,2015,113000
Switzerland,CHE,2016,144406
Switzerland,CHE,2017,162454
Switzerland,CHE,2018,134834
Syria,SYR,1993,200005
Syria,SYR,1994,203200
Syria,SYR,1995,199000
Syria,SYR,1996,250000
Syria,SYR,1997,303260
Syria,SYR,1998,285009
Syria,SYR,1999,181000
Syria,SYR,2000,190504
Syria,SYR,2001,215663
Syria,SYR,2002,231888
Syria,SYR,2003,226680
Syria,SYR,2004,210166
Syria,SYR,2005,187200
Syria,SYR,2006,158930
Syria,SYR,2007,177036
Syria,SYR,2008,281300
Syria,SYR,2009,183255
Syria,SYR,2010,133100
Syria,SYR,2011,298368
Syria,SYR,2012,257684
Syria,SYR,2013,109145
Syria,SYR,2014,67080
Syria,SYR,2015,144636
Syria,SYR,2016,181949
Syria,SYR,2017,185780
Syria,SYR,2018,185145
Taiwan,TWN,1993,405999
Taiwan,TWN,1994,397118
Taiwan,TWN,1995,375571
Taiwan,TWN,1996,395412
Taiwan,TWN,1997,337617
Taiwan,TWN,1998,243612
Taiwan,TWN,1999,201195
Taiwan,TWN,2000,178315
Taiwan,TWN,2001,165995
Taiwan,TWN,2002,188915
Taiwan,TWN,2003,167909
Taiwan,TWN,2004,144297
Taiwan,TWN,2005,133473
Taiwan,TWN,2006,128433
Taiwan,TWN,2007,118870
Taiwan,TWN,2008,118097
Taiwan,TWN,2009,133560
Taiwan,TWN,2010,115788
Taiwan,TWN,2011,123232
Taiwan,TWN,2012,105184
Taiwan,TWN,2013,132905
Taiwan,TWN,2014,165800
Taiwan,TWN,2015,165307
Taiwan,TWN,2016,164750
Taiwan,TWN,2017,185299
Taiwan,TWN,2018,174759
Tajikistan,TJK,1993,33500
Tajikistan,TJK,1994,18000
Tajikistan,TJK,1995,19372
Tajikistan,TJK,1996,90047
Tajikistan,TJK,1997,30306
Tajikistan,TJK,1998,35511
Tajikistan,TJK,1999,35707
Tajikistan,TJK,2000,37762
Tajikistan,TJK,2001,34296
Tajikistan,TJK,2002,55379
Tajikistan,TJK,2003,94850
Tajikistan,TJK,2004,112954
Tajikistan,TJK,2005,155813
Tajikistan,TJK,2006,138885
Tajikistan,TJK,2007,130075
Tajikistan,TJK,2008,136428
Tajikistan,TJK,2009,142515
Tajikistan,TJK,2010,151061
Tajikistan,TJK,2011,154881
Tajikistan,TJK,2012,174857
Tajikistan,TJK,2013,175357
Tajikistan,TJK,2014,194194
Tajikistan,TJK,2015,200519
Tajikistan,TJK,2016,208113
Tajikistan,TJK,2017,218448
Tajikistan,TJK,2018,237355
Tanzania,TZA,1993,2282200
Tanzania,TZA,1994,1485800
Tanzania,TZA,1995,2874400
Tanzania,TZA,1996,2822000
Tanzania,TZA,1997,1831200
Tanzania,TZA,1998,2684600
Tanzania,TZA,1999,2420940
Tanzania,TZA,2000,1965400
Tanzania,TZA,2001,2652810
Tanzania,TZA,2002,4408420
Tanzania,TZA,2003,2613970
Tanzania,TZA,2004,4651370
Tanzania,TZA,2005,3131610
Tanzania,TZA,2006,3423020
Tanzania,TZA,2007,3659000
Tanzania,TZA,2008,5440710
Tanzania,TZA,2009,3326200
Tanzania,TZA,2010,4733070
Tanzania,TZA,2011,4340823
Tanzania,TZA,2012,5104248
Tanzania,TZA,2013,5356350
Tanzania,TZA,2014,6737197
Tanzania,TZA,2015,5902776
Tanzania,TZA,2016,5862927
Tanzania,TZA,2017,5918296
Tanzania,TZA,2018,5986905
Thailand,THA,1993,3328228
Thailand,THA,1994,3965339
Thailand,THA,1995,4154518
Thailand,THA,1996,4532610
Thailand,THA,1997,3831647
Thailand,THA,1998,4617455
Thailand,THA,1999,4286440
Thailand,THA,2000,4472903
Thailand,THA,2001,4496960
Thailand,THA,2002,4259289
Thailand,THA,2003,4248989
Thailand,THA,2004,4341474
Thailand,THA,2005,4093634
Thailand,THA,2006,3918332
Thailand,THA,2007,3890218
Thailand,THA,2008,4249354
Thailand,THA,2009,4616119
Thailand,THA,2010,4860746
Thailand,THA,2011,4972952
Thailand,THA,2012,4947530
Thailand,THA,2013,4876180
Thailand,THA,2014,4804670
Thailand,THA,2015,4729527
Thailand,THA,2016,4814560
Thailand,THA,2017,4958699
Thailand,THA,2018,5004125
Turkey,TUR,1993,2500000
Turkey,TUR,1994,1850000
Turkey,TUR,1995,1900000
Turkey,TUR,1996,2000000
Turkey,TUR,1997,2080000
Turkey,TUR,1998,2300000
Turkey,TUR,1999,2297000
Turkey,TUR,2000,2300000
Turkey,TUR,2001,2200000
Turkey,TUR,2002,2100000
Turkey,TUR,2003,2800000
Turkey,TUR,2004,3000000
Turkey,TUR,2005,4200000
Turkey,TUR,2006,3811000
Turkey,TUR,2007,3535000
Turkey,TUR,2008,4274000
Turkey,TUR,2009,4250000
Turkey,TUR,2010,4310000
Turkey,TUR,2011,4200000
Turkey,TUR,2012,4600000
Turkey,TUR,2013,5900000
Turkey,TUR,2014,5950000
Turkey,TUR,2015,6400000
Turkey,TUR,2016,6400000
Turkey,TUR,2017,5900000
Turkey,TUR,2018,5700000
Turkmenistan,TKM,1993,214000
Turkmenistan,TKM,1994,150000
Turkmenistan,TKM,1995,121450
Turkmenistan,TKM,1996,14800
Turkmenistan,TKM,1997,5300
Turkmenistan,TKM,1998,7800
Turkmenistan,TKM,1999,8200
Turkmenistan,TKM,2000,9700
Turkmenistan,TKM,2001,10000
Turkmenistan,TKM,2002,15000
Turkmenistan,TKM,2003,20000
Turkmenistan,TKM,2004,15000
Turkmenistan,TKM,2005,16000
Turkmenistan,TKM,2006,16000
Turkmenistan,TKM,2007,2600
Turkmenistan,TKM,2008,2750
Turkmenistan,TKM,2009,5440
Turkmenistan,TKM,2010,5610
Turkmenistan,TKM,2011,5510
Turkmenistan,TKM,2012,48000
Turkmenistan,TKM,2013,52000
Turkmenistan,TKM,2014,50000
Turkmenistan,TKM,2015,51000
Turkmenistan,TKM,2016,50000
Turkmenistan,TKM,2017,50333
Turkmenistan,TKM,2018,40000
Uganda,UGA,1993,804000
Uganda,UGA,1994,850000
Uganda,UGA,1995,913000
Uganda,UGA,1996,759000
Uganda,UGA,1997,740000
Uganda,UGA,1998,924000
Uganda,UGA,1999,1053000
Uganda,UGA,2000,1096000
Uganda,UGA,2001,1174000
Uganda,UGA,2002,1217000
Uganda,UGA,2003,1300000
Uganda,UGA,2004,1080000
Uganda,UGA,2005,1237000
Uganda,UGA,2006,1258029
Uganda,UGA,2007,1261803
Uganda,UGA,2008,2314909
Uganda,UGA,2009,2354664
Uganda,UGA,2010,2373501
Uganda,UGA,2011,2551000
Uganda,UGA,2012,2734000
Uganda,UGA,2013,2748000
Uganda,UGA,2014,2763000
Uganda,UGA,2015,2647453
Uganda,UGA,2016,2670203
Uganda,UGA,2017,2991835
Uganda,UGA,2018,2964017
Ukraine,UKR,1993,3786000
Ukraine,UKR,1994,1539400
Ukraine,UKR,1995,3391800
Ukraine,UKR,1996,1837000
Ukraine,UKR,1997,5339500
Ukraine,UKR,1998,2300800
Ukraine,UKR,1999,1736900
Ukraine,UKR,2000,3848100
Ukraine,UKR,2001,3640700
Ukraine,UKR,2002,4180300
Ukraine,UKR,2003,6875100
Ukraine,UKR,2004,8866800
Ukraine,UKR,2005,7166600
Ukraine,UKR,2006,6425600
Ukraine,UKR,2007,7421100
Ukraine,UKR,2008,11446800
Ukraine,UKR,2009,10486300
Ukraine,UKR,2010,11953000
Ukraine,UKR,2011,22837900
Ukraine,UKR,2012,20961300
Ukraine,UKR,2013,30949550
Ukraine,UKR,2014,28496810
Ukraine,UKR,2015,23327570
Ukraine,UKR,2016,28074610
Ukraine,UKR,2017,24668750
Ukraine,UKR,2018,35801050
United Arab Emirates,ARE,1993,3727
United Arab Emirates,ARE,1994,3900
United Arab Emirates,ARE,1995,4000
United Arab Emirates,ARE,1996,4100
United Arab Emirates,ARE,1997,4200
United Arab Emirates,ARE,1998,3949
United Arab Emirates,ARE,1999,3835
United Arab Emirates,ARE,2000,3673
United Arab Emirates,ARE,2001,3484
United Arab Emirates,ARE,2002,3018
United Arab Emirates,ARE,2003,2358
United Arab Emirates,ARE,2004,2190
United Arab Emirates,ARE,2005,2133
United Arab Emirates,ARE,2006,2191
United Arab Emirates,ARE,2007,1733
United Arab Emirates,ARE,2008,2243
United Arab Emirates,ARE,2009,3278
United Arab Emirates,ARE,2010,5226
United Arab Emirates,ARE,2011,4590
United Arab Emirates,ARE,2012,3779
United Arab Emirates,ARE,2013,772
United Arab Emirates,ARE,2014,2580
United Arab Emirates,ARE,2015,3695
United Arab Emirates,ARE,2016,5988
United Arab Emirates,ARE,2017,17143
United Arab Emirates,ARE,2018,8942
United States,USA,1993,160985760
United States,USA,1994,255294970
United States,USA,1995,187969950
United States,USA,1996,234517750
United States,USA,1997,233864300
United States,USA,1998,247882020
United States,USA,1999,239548580
United States,USA,2000,251853900
United States,USA,2001,241376650
United States,USA,2002,227766880
United States,USA,2003,256229020
United States,USA,2004,299875570
United States,USA,2005,282262550
United States,USA,2006,267502850
United States,USA,2007,331177280
United States,USA,2008,305911450
United States,USA,2009,331921050
United States,USA,2010,315617920
United States,USA,2011,312788890
United States,USA,2012,273192400
United States,USA,2013,351271870
United States,USA,2014,361091140
United States,USA,2015,345486340
United States,USA,2016,412262180
United States,USA,2017,397602890
United States,USA,2018,392450840
Uruguay,URY,1993,138400
Uruguay,URY,1994,89700
Uruguay,URY,1995,117000
Uruguay,URY,1996,128100
Uruguay,URY,1997,162100
Uruguay,URY,1998,203300
Uruguay,URY,1999,242500
Uruguay,URY,2000,64700
Uruguay,URY,2001,266800
Uruguay,URY,2002,163400
Uruguay,URY,2003,178500
Uruguay,URY,2004,223000
Uruguay,URY,2005,251000
Uruguay,URY,2006,205000
Uruguay,URY,2007,337763
Uruguay,URY,2008,334700
Uruguay,URY,2009,269800
Uruguay,URY,2010,529100
Uruguay,URY,2011,286200
Uruguay,URY,2012,528000
Uruguay,URY,2013,692600
Uruguay,URY,2014,564500
Uruguay,URY,2015,479000
Uruguay,URY,2016,471000
Uruguay,URY,2017,309000
Uruguay,URY,2018,816000
Uzbekistan,UZB,1993,403300
Uzbekistan,UZB,1994,275900
Uzbekistan,UZB,1995,185500
Uzbekistan,UZB,1996,137200
Uzbekistan,UZB,1997,136700
Uzbekistan,UZB,1998,123800
Uzbekistan,UZB,1999,167900
Uzbekistan,UZB,2000,130600
Uzbekistan,UZB,2001,141300
Uzbekistan,UZB,2002,147100
Uzbekistan,UZB,2003,146300
Uzbekistan,UZB,2004,156400
Uzbekistan,UZB,2005,164340
Uzbekistan,UZB,2006,194228
Uzbekistan,UZB,2007,207400
Uzbekistan,UZB,2008,230800
Uzbekistan,UZB,2009,230800
Uzbekistan,UZB,2010,231600
Uzbekistan,UZB,2011,256289
Uzbekistan,UZB,2012,328090
Uzbekistan,UZB,2013,360112
Uzbekistan,UZB,2014,411630
Uzbekistan,UZB,2015,439551
Uzbekistan,UZB,2016,491919
Uzbekistan,UZB,2017,389427
Uzbekistan,UZB,2018,413165
Venezuela,VEN,1993,987784
Venezuela,VEN,1994,1094495
Venezuela,VEN,1995,1166732
Venezuela,VEN,1996,1033292
Venezuela,VEN,1997,1199219
Venezuela,VEN,1998,983121
Venezuela,VEN,1999,1149450
Venezuela,VEN,2000,1689551
Venezuela,VEN,2001,1801061
Venezuela,VEN,2002,1392029
Venezuela,VEN,2003,1823237
Venezuela,VEN,2004,2126256
Venezuela,VEN,2005,2193460
Venezuela,VEN,2006,2336834
Venezuela,VEN,2007,2570869
Venezuela,VEN,2008,2638010
Venezuela,VEN,2009,2183345
Venezuela,VEN,2010,2372452
Venezuela,VEN,2011,2033934
Venezuela,VEN,2012,2107861
Venezuela,VEN,2013,2457263
Venezuela,VEN,2014,2306741
Venezuela,VEN,2015,1439875
Venezuela,VEN,2016,1465379
Venezuela,VEN,2017,1050000
Venezuela,VEN,2018,1318418
Yemen,YEM,1993,74687
Yemen,YEM,1994,69102
Yemen,YEM,1995,57925
Yemen,YEM,1996,50384
Yemen,YEM,1997,52378
Yemen,YEM,1998,61842
Yemen,YEM,1999,47077
Yemen,YEM,2000,47625
Yemen,YEM,2001,50373
Yemen,YEM,2002,41169
Yemen,YEM,2003,32841
Yemen,YEM,2004,32410
Yemen,YEM,2005,31108
Yemen,YEM,2006,65890
Yemen,YEM,2007,86600
Yemen,YEM,2008,65813
Yemen,YEM,2009,56087
Yemen,YEM,2010,89454
Yemen,YEM,2011,67367
Yemen,YEM,2012,78534
Yemen,YEM,2013,75177
Yemen,YEM,2014,65331
Yemen,YEM,2015,42465
Yemen,YEM,2016,36892
Yemen,YEM,2017,36887
Yemen,YEM,2018,42986
Zambia,ZMB,1993,1597767
Zambia,ZMB,1994,1020749
Zambia,ZMB,1995,737835
Zambia,ZMB,1996,1409485
Zambia,ZMB,1997,960188
Zambia,ZMB,1998,638134
Zambia,ZMB,1999,822056
Zambia,ZMB,2000,1040000
Zambia,ZMB,2001,802000
Zambia,ZMB,2002,606172
Zambia,ZMB,2003,1157860
Zambia,ZMB,2004,1214000
Zambia,ZMB,2005,866187
Zambia,ZMB,2006,1424400
Zambia,ZMB,2007,1366158
Zambia,ZMB,2008,1211566
Zambia,ZMB,2009,1887010
Zambia,ZMB,2010,2795483
Zambia,ZMB,2011,3020380
Zambia,ZMB,2012,2852687
Zambia,ZMB,2013,2532800
Zambia,ZMB,2014,3350671
Zambia,ZMB,2015,2618221
Zambia,ZMB,2016,2873052
Zambia,ZMB,2017,3606549
Zambia,ZMB,2018,2394907
Zimbabwe,ZWE,1993,2063003
Zimbabwe,ZWE,1994,2109283
Zimbabwe,ZWE,1995,884962
Zimbabwe,ZWE,1996,2065347
Zimbabwe,ZWE,1997,1552703
Zimbabwe,ZWE,1998,1195929
Zimbabwe,ZWE,1999,1606588
Zimbabwe,ZWE,2000,1619651
Zimbabwe,ZWE,2001,1526328
Zimbabwe,ZWE,2002,604758
Zimbabwe,ZWE,2003,1058786
Zimbabwe,ZWE,2004,2357152
Zimbabwe,ZWE,2005,1255822
Zimbabwe,ZWE,2006,1997403
Zimbabwe,ZWE,2007,1509210
Zimbabwe,ZWE,2008,496000
Zimbabwe,ZWE,2009,700000
Zimbabwe,ZWE,2010,1192399
Zimbabwe,ZWE,2011,1010473
Zimbabwe,ZWE,2012,1095954
Zimbabwe,ZWE,2013,939282
Zimbabwe,ZWE,2014,974956
Zimbabwe,ZWE,2015,642793
Zimbabwe,ZWE,2016,511816
Zimbabwe,ZWE,2017,608954
Zimbabwe,ZWE,2018,730437
