Country,Code,Year,Rice_Prod_Tones
Afghanistan,AFG,1993,2881874
Afghanistan,AFG,1994,3030114
Afghanistan,AFG,1995,3112309
Afghanistan,AFG,1996,3128695
Afghanistan,AFG,1997,3549523
Afghanistan,AFG,1998,3725656
Afghanistan,AFG,1999,3163156
Afghanistan,AFG,2000,1853420
Afghanistan,AFG,2001,2027414
Afghanistan,AFG,2002,3607796
Afghanistan,AFG,2003,4236478
Afghanistan,AFG,2004,3405821
Afghanistan,AFG,2005,5263495
Afghanistan,AFG,2006,4458180
Afghanistan,AFG,2007,5602184
Afghanistan,AFG,2008,3746204
Afghanistan,AFG,2009,6299215
Afghanistan,AFG,2010,5733224
Afghanistan,AFG,2011,4457244
Afghanistan,AFG,2012,6212500
Afghanistan,AFG,2013,6349802
Afghanistan,AFG,2014,6569158
Afghanistan,AFG,2015,5679621
Afghanistan,AFG,2016,5418579
Afghanistan,AFG,2017,4787357
Afghanistan,AFG,2018,4023293
Albania,ALB,1993,665525
Albania,ALB,1994,646026
Albania,ALB,1995,645400
Albania,ALB,1996,503714
Albania,ALB,1997,602043
Albania,ALB,1998,605746
Albania,ALB,1999,497500
Albania,ALB,2000,565800
Albania,ALB,2001,502500
Albania,ALB,2002,518800
Albania,ALB,2003,488500
Albania,ALB,2004,498800
Albania,ALB,2005,511200
Albania,ALB,2006,507500
Albania,ALB,2007,493600
Albania,ALB,2008,608500
Albania,ALB,2009,630900
Albania,ALB,2010,693800
Albania,ALB,2011,701200
Albania,ALB,2012,697400
Albania,ALB,2013,702870
Albania,ALB,2014,700370
Albania,ALB,2015,695000
Albania,ALB,2016,698430
Albania,ALB,2017,701734
Albania,ALB,2018,678196
Algeria,DZA,1993,1453024
Algeria,DZA,1994,964330
Algeria,DZA,1995,2139320
Algeria,DZA,1996,4901321
Algeria,DZA,1997,869917
Algeria,DZA,1998,3025933
Algeria,DZA,1999,2020901
Algeria,DZA,2000,934511
Algeria,DZA,2001,2659455
Algeria,DZA,2002,1953192
Algeria,DZA,2003,4266246
Algeria,DZA,2004,4033104
Algeria,DZA,2005,3527694
Algeria,DZA,2006,4017985
Algeria,DZA,2007,3602140
Algeria,DZA,2008,1535891
Algeria,DZA,2009,5253366
Algeria,DZA,2010,4211266
Algeria,DZA,2011,4247443
Algeria,DZA,2012,5137370
Algeria,DZA,2013,4912444
Algeria,DZA,2014,3435428
Algeria,DZA,2015,3761155
Algeria,DZA,2016,3445124
Algeria,DZA,2017,3478068
Algeria,DZA,2018,6064776
Angola,AGO,1993,320668
Angola,AGO,1994,278007
Angola,AGO,1995,289673
Angola,AGO,1996,514714
Angola,AGO,1997,444892
Angola,AGO,1998,606282
Angola,AGO,1999,538718
Angola,AGO,2000,517712
Angola,AGO,2001,599343
Angola,AGO,2002,732191
Angola,AGO,2003,732935
Angola,AGO,2004,738012
Angola,AGO,2005,912006
Angola,AGO,2006,722029
Angola,AGO,2007,779420
Angola,AGO,2008,751909
Angola,AGO,2009,1052085
Angola,AGO,2010,1176051
Angola,AGO,2011,1405097
Angola,AGO,2012,502388
Angola,AGO,2013,1662075
Angola,AGO,2014,1809112
Angola,AGO,2015,2004183
Angola,AGO,2016,2403611
Angola,AGO,2017,2869848
Angola,AGO,2018,2425950
Argentina,ARG,1993,25231557
Argentina,ARG,1994,23498336
Argentina,ARG,1995,25862253
Argentina,ARG,1996,23806786
Argentina,ARG,1997,36525178
Argentina,ARG,1998,39957959
Argentina,ARG,1999,31605465
Argentina,ARG,2000,37786051
Argentina,ARG,2001,36342005
Argentina,ARG,2002,34636444
Argentina,ARG,2003,32036198
Argentina,ARG,2004,34099430
Argentina,ARG,2005,41260995
Argentina,ARG,2006,31865768
Argentina,ARG,2007,41996707
Argentina,ARG,2008,44316885
Argentina,ARG,2009,25585516
Argentina,ARG,2010,39852742
Argentina,ARG,2011,50087907
Argentina,ARG,2012,46927523
Argentina,ARG,2013,50183284
Argentina,ARG,2014,50347472
Argentina,ARG,2015,55461006
Argentina,ARG,2016,60679212
Argentina,ARG,2017,75954364
Argentina,ARG,2018,70135483
Armenia,ARM,1993,306410
Armenia,ARM,1994,227620
Armenia,ARM,1995,248200
Armenia,ARM,1996,312800
Armenia,ARM,1997,254180
Armenia,ARM,1998,322730
Armenia,ARM,1999,292212
Armenia,ARM,2000,216970
Armenia,ARM,2001,360144
Armenia,ARM,2002,407583
Armenia,ARM,2003,305303
Armenia,ARM,2004,451641
Armenia,ARM,2005,391829
Armenia,ARM,2006,208587
Armenia,ARM,2007,447554
Armenia,ARM,2008,409182
Armenia,ARM,2009,369077
Armenia,ARM,2010,321954
Armenia,ARM,2011,435470
Armenia,ARM,2012,451049
Armenia,ARM,2013,543659
Armenia,ARM,2014,574673
Armenia,ARM,2015,595757
Armenia,ARM,2016,598966
Armenia,ARM,2017,298029
Armenia,ARM,2018,334342
Australia,AUS,1993,26487742
Australia,AUS,1994,15050667
Australia,AUS,1995,27010792
Australia,AUS,1996,35329136
Australia,AUS,1997,30776723
Australia,AUS,1998,32896210
Australia,AUS,1999,34905997
Australia,AUS,2000,34080405
Australia,AUS,2001,34170808
Australia,AUS,2002,38193110
Australia,AUS,2003,17407311
Australia,AUS,2004,42199935
Australia,AUS,2005,34244263
Australia,AUS,2006,40171096
Australia,AUS,2007,17717697
Australia,AUS,2008,26860349
Australia,AUS,2009,34120179
Australia,AUS,2010,33399378
Australia,AUS,2011,39732229
Australia,AUS,2012,43056488
Australia,AUS,2013,35202584
Australia,AUS,2014,38146807
Australia,AUS,2015,36965052
Australia,AUS,2016,35137981
Australia,AUS,2017,49779576
Australia,AUS,2018,33649390
Austria,AUT,1993,4206456
Austria,AUT,1994,4435935
Austria,AUT,1995,4451882
Austria,AUT,1996,4494852
Austria,AUT,1997,5010607
Austria,AUT,1998,4772665
Austria,AUT,1999,4809095
Austria,AUT,2000,4494383
Austria,AUT,2001,4837094
Austria,AUT,2002,4762612
Austria,AUT,2003,4269510
Austria,AUT,2004,5323714
Austria,AUT,2005,4907057
Austria,AUT,2006,4467510
Austria,AUT,2007,4766039
Austria,AUT,2008,5756464
Austria,AUT,2009,5164152
Austria,AUT,2010,4866648
Austria,AUT,2011,5712207
Austria,AUT,2012,4883379
Austria,AUT,2013,4599433
Austria,AUT,2014,5720309
Austria,AUT,2015,4853895
Austria,AUT,2016,5701697
Austria,AUT,2017,4874849
Austria,AUT,2018,4813238
Azerbaijan,AZE,1993,1136613
Azerbaijan,AZE,1994,1023873
Azerbaijan,AZE,1995,908324
Azerbaijan,AZE,1996,996717
Azerbaijan,AZE,1997,1071125
Azerbaijan,AZE,1998,911787
Azerbaijan,AZE,1999,1060020
Azerbaijan,AZE,2000,1488787
Azerbaijan,AZE,2001,1949799
Azerbaijan,AZE,2002,2127643
Azerbaijan,AZE,2003,1987996
Azerbaijan,AZE,2004,2083229
Azerbaijan,AZE,2005,2053419
Azerbaijan,AZE,2006,2009929
Azerbaijan,AZE,2007,1942462
Azerbaijan,AZE,2008,2418665
Azerbaijan,AZE,2009,2901911
Azerbaijan,AZE,2010,1927470
Azerbaijan,AZE,2011,2369593
Azerbaijan,AZE,2012,2706026
Azerbaijan,AZE,2013,2854963
Azerbaijan,AZE,2014,2297104
Azerbaijan,AZE,2015,2897615
Azerbaijan,AZE,2016,2963870
Azerbaijan,AZE,2017,2819227
Azerbaijan,AZE,2018,3177830
Bangladesh,BGD,1993,19210386
Bangladesh,BGD,1994,17959188
Bangladesh,BGD,1995,18913248
Bangladesh,BGD,1996,20235469
Bangladesh,BGD,1997,20298899
Bangladesh,BGD,1998,21684065
Bangladesh,BGD,1999,24937810
Bangladesh,BGD,2000,26973043
Bangladesh,BGD,2001,25951758
Bangladesh,BGD,2002,26822986
Bangladesh,BGD,2003,27240927
Bangladesh,BGD,2004,25692466
Bangladesh,BGD,2005,27894816
Bangladesh,BGD,2006,28467276
Bangladesh,BGD,2007,30462027
Bangladesh,BGD,2008,33381714
Bangladesh,BGD,2009,33703901
Bangladesh,BGD,2010,35192470
Bangladesh,BGD,2011,35769573
Bangladesh,BGD,2012,35985513
Bangladesh,BGD,2013,37196655
Bangladesh,BGD,2014,37989528
Bangladesh,BGD,2015,38187159
Bangladesh,BGD,2016,37461493
Bangladesh,BGD,2017,40464340
Bangladesh,BGD,2018,42030871
Belarus,BLR,1993,7329074
Belarus,BLR,1994,5951815
Belarus,BLR,1995,5329555
Belarus,BLR,1996,5496095
Belarus,BLR,1997,5937335
Belarus,BLR,1998,4510976
Belarus,BLR,1999,3427316
Belarus,BLR,2000,4579256
Belarus,BLR,2001,4885397
Belarus,BLR,2002,5723737
Belarus,BLR,2003,5132062
Belarus,BLR,2004,6604944
Belarus,BLR,2005,6104299
Belarus,BLR,2006,5700181
Belarus,BLR,2007,7029909
Belarus,BLR,2008,8728461
Belarus,BLR,2009,8169504
Belarus,BLR,2010,6741684
Belarus,BLR,2011,7996331
Belarus,BLR,2012,8843848
Belarus,BLR,2013,7233152
Belarus,BLR,2014,9033775
Belarus,BLR,2015,8186980
Belarus,BLR,2016,7075658
Belarus,BLR,2017,7529412
Belarus,BLR,2018,5813869
Bhutan,BTN,1993,102909
Bhutan,BTN,1994,116926
Bhutan,BTN,1995,132884
Bhutan,BTN,1996,145832
Bhutan,BTN,1997,153447
Bhutan,BTN,1998,152072
Bhutan,BTN,1999,135615
Bhutan,BTN,2000,91898
Bhutan,BTN,2001,101680
Bhutan,BTN,2002,78986
Bhutan,BTN,2003,91495
Bhutan,BTN,2004,135879
Bhutan,BTN,2005,169993
Bhutan,BTN,2006,160506
Bhutan,BTN,2007,166067
Bhutan,BTN,2008,140236
Bhutan,BTN,2009,121443
Bhutan,BTN,2010,120779
Bhutan,BTN,2011,158116
Bhutan,BTN,2012,141821
Bhutan,BTN,2013,133506
Bhutan,BTN,2014,141388
Bhutan,BTN,2015,148897
Bhutan,BTN,2016,148345
Bhutan,BTN,2017,160014
Bhutan,BTN,2018,165057
Bolivia,BOL,1993,1039632
Bolivia,BOL,1994,874528
Bolivia,BOL,1995,1001437
Bolivia,BOL,1996,1024205
Bolivia,BOL,1997,859842
Bolivia,BOL,1998,1059155
Bolivia,BOL,1999,1051840
Bolivia,BOL,2000,1144727
Bolivia,BOL,2001,1214079
Bolivia,BOL,2002,1229168
Bolivia,BOL,2003,1321550
Bolivia,BOL,2004,1145650
Bolivia,BOL,2005,1500206
Bolivia,BOL,2006,1717295
Bolivia,BOL,2007,1616215
Bolivia,BOL,2008,1940485
Bolivia,BOL,2009,2242058
Bolivia,BOL,2010,1986479
Bolivia,BOL,2011,1845480
Bolivia,BOL,2012,1967480
Bolivia,BOL,2013,2355755
Bolivia,BOL,2014,2288050
Bolivia,BOL,2015,2759314
Bolivia,BOL,2016,2525292
Bolivia,BOL,2017,2119627
Bolivia,BOL,2018,3087220
Bosnia and Herzegovina,BIH,1993,962300
Bosnia and Herzegovina,BIH,1994,847400
Bosnia and Herzegovina,BIH,1995,671360
Bosnia and Herzegovina,BIH,1996,841400
Bosnia and Herzegovina,BIH,1997,1242059
Bosnia and Herzegovina,BIH,1998,1326660
Bosnia and Herzegovina,BIH,1999,1368792
Bosnia and Herzegovina,BIH,2000,930230
Bosnia and Herzegovina,BIH,2001,1137981
Bosnia and Herzegovina,BIH,2002,1307700
Bosnia and Herzegovina,BIH,2003,793364
Bosnia and Herzegovina,BIH,2004,1438704
Bosnia and Herzegovina,BIH,2005,1349772
Bosnia and Herzegovina,BIH,2006,1340995
Bosnia and Herzegovina,BIH,2007,1000576
Bosnia and Herzegovina,BIH,2008,1374701
Bosnia and Herzegovina,BIH,2009,1390724
Bosnia and Herzegovina,BIH,2010,1104907
Bosnia and Herzegovina,BIH,2011,1118257
Bosnia and Herzegovina,BIH,2012,905975
Bosnia and Herzegovina,BIH,2013,1222498
Bosnia and Herzegovina,BIH,2014,1082655
Bosnia and Herzegovina,BIH,2015,1137236
Bosnia and Herzegovina,BIH,2016,1657556
Bosnia and Herzegovina,BIH,2017,1167005
Bosnia and Herzegovina,BIH,2018,1743762
Botswana,BWA,1993,46376
Botswana,BWA,1994,55405
Botswana,BWA,1995,62769
Botswana,BWA,1996,89530
Botswana,BWA,1997,43946
Botswana,BWA,1998,14934
Botswana,BWA,1999,20827
Botswana,BWA,2000,24576
Botswana,BWA,2001,23080
Botswana,BWA,2002,34479
Botswana,BWA,2003,35885
Botswana,BWA,2004,26672
Botswana,BWA,2005,36513
Botswana,BWA,2006,43810
Botswana,BWA,2007,31312
Botswana,BWA,2008,36741
Botswana,BWA,2009,55378
Botswana,BWA,2010,50345
Botswana,BWA,2011,74024
Botswana,BWA,2012,37457
Botswana,BWA,2013,19366
Botswana,BWA,2014,50249
Botswana,BWA,2015,44184
Botswana,BWA,2016,37798
Botswana,BWA,2017,23470
Botswana,BWA,2018,36284
Brazil,BRA,1993,39707733
Brazil,BRA,1994,42335249
Brazil,BRA,1995,45903544
Brazil,BRA,1996,39555735
Brazil,BRA,1997,42093715
Brazil,BRA,1998,38172565
Brazil,BRA,1999,43732634
Brazil,BRA,2000,42819384
Brazil,BRA,2001,53734060
Brazil,BRA,2002,47397081
Brazil,BRA,2003,64012906
Brazil,BRA,2004,59532120
Brazil,BRA,2005,51277702
Brazil,BRA,2006,55310592
Brazil,BRA,2007,65758407
Brazil,BRA,2008,75728999
Brazil,BRA,2009,66701960
Brazil,BRA,2010,71418569
Brazil,BRA,2011,73098437
Brazil,BRA,2012,86062134
Brazil,BRA,2013,96978137
Brazil,BRA,2014,97347709
Brazil,BRA,2015,101931526
Brazil,BRA,2016,80630661
Brazil,BRA,2017,113828600
Brazil,BRA,2018,99152256
Bulgaria,BGR,1993,5694239
Bulgaria,BGR,1994,6440644
Bulgaria,BGR,1995,6541722
Bulgaria,BGR,1996,3400579
Bulgaria,BGR,1997,6184070
Bulgaria,BGR,1998,5374761
Bulgaria,BGR,1999,5219110
Bulgaria,BGR,2000,4382751
Bulgaria,BGR,2001,6070627
Bulgaria,BGR,2002,6764415
Bulgaria,BGR,2003,3806207
Bulgaria,BGR,2004,7453458
Bulgaria,BGR,2005,5832366
Bulgaria,BGR,2006,5525167
Bulgaria,BGR,2007,3860031
Bulgaria,BGR,2008,7002713
Bulgaria,BGR,2009,6228622
Bulgaria,BGR,2010,7117324
Bulgaria,BGR,2011,7501255
Bulgaria,BGR,2012,6969743
Bulgaria,BGR,2013,9135242
Bulgaria,BGR,2014,9512387
Bulgaria,BGR,2015,8547760
Bulgaria,BGR,2016,8730650
Bulgaria,BGR,2017,9456358
Bulgaria,BGR,2018,9910882
Burundi,BDI,1993,286313
Burundi,BDI,1994,211994
Burundi,BDI,1995,260106
Burundi,BDI,1996,258726
Burundi,BDI,1997,283078
Burundi,BDI,1998,246886
Burundi,BDI,1999,244994
Burundi,BDI,2000,237526
Burundi,BDI,2001,263359
Burundi,BDI,2002,271533
Burundi,BDI,2003,262190
Burundi,BDI,2004,269100
Burundi,BDI,2005,274325
Burundi,BDI,2006,274156
Burundi,BDI,2007,278598
Burundi,BDI,2008,274589
Burundi,BDI,2009,284498
Burundi,BDI,2010,295033
Burundi,BDI,2011,307221
Burundi,BDI,2012,235371
Burundi,BDI,2013,240250
Burundi,BDI,2014,213874
Burundi,BDI,2015,246927
Burundi,BDI,2016,418944
Burundi,BDI,2017,324037
Burundi,BDI,2018,407263
Cameroon,CMR,1993,976930
Cameroon,CMR,1994,948743
Cameroon,CMR,1995,1168103
Cameroon,CMR,1996,1284393
Cameroon,CMR,1997,1255241
Cameroon,CMR,1998,1394063
Cameroon,CMR,1999,1162816
Cameroon,CMR,2000,1254628
Cameroon,CMR,2001,1335619
Cameroon,CMR,2002,1484094
Cameroon,CMR,2003,1571365
Cameroon,CMR,2004,1667930
Cameroon,CMR,2005,1854384
Cameroon,CMR,2006,2074621
Cameroon,CMR,2007,2345697
Cameroon,CMR,2008,2450116
Cameroon,CMR,2009,2775432
Cameroon,CMR,2010,2960860
Cameroon,CMR,2011,2930104
Cameroon,CMR,2012,3168863
Cameroon,CMR,2013,3132517
Cameroon,CMR,2014,3306818
Cameroon,CMR,2015,3574369
Cameroon,CMR,2016,3843550
Cameroon,CMR,2017,3962104
Cameroon,CMR,2018,4087750
Canada,CAN,1993,51483100
Canada,CAN,1994,46618500
Canada,CAN,1995,49344200
Canada,CAN,1996,58494100
Canada,CAN,1997,49606900
Canada,CAN,1998,50984500
Canada,CAN,1999,54112600
Canada,CAN,2000,51090400
Canada,CAN,2001,43391400
Canada,CAN,2002,36046900
Canada,CAN,2003,49197200
Canada,CAN,2004,50778200
Canada,CAN,2005,50962400
Canada,CAN,2006,48577300
Canada,CAN,2007,48005300
Canada,CAN,2008,56030400
Canada,CAN,2009,49691900
Canada,CAN,2010,46122200
Canada,CAN,2011,48337200
Canada,CAN,2012,51839900
Canada,CAN,2013,66528601
Canada,CAN,2014,51683501
Canada,CAN,2015,53563000
Canada,CAN,2016,58904067
Canada,CAN,2017,56377700
Canada,CAN,2018,58095800
Chad,TCD,1993,609384
Chad,TCD,1994,1144717
Chad,TCD,1995,881016
Chad,TCD,1996,845195
Chad,TCD,1997,948441
Chad,TCD,1998,1258338
Chad,TCD,1999,1197090
Chad,TCD,2000,899194
Chad,TCD,2001,1283942
Chad,TCD,2002,1167475
Chad,TCD,2003,1576173
Chad,TCD,2004,1182572
Chad,TCD,2005,1775956
Chad,TCD,2006,1960725
Chad,TCD,2007,1936611
Chad,TCD,2008,1869740
Chad,TCD,2009,1537543
Chad,TCD,2010,3185606
Chad,TCD,2011,1599675
Chad,TCD,2012,3109504
Chad,TCD,2013,2496529
Chad,TCD,2014,2647399
Chad,TCD,2015,2371450
Chad,TCD,2016,2787846
Chad,TCD,2017,2629137
Chad,TCD,2018,2935546
Chile,CHL,1993,2599536
Chile,CHL,1994,2574623
Chile,CHL,1995,2717215
Chile,CHL,1996,2526681
Chile,CHL,1997,3048178
Chile,CHL,1998,3063321
Chile,CHL,1999,2147637
Chile,CHL,2000,2544785
Chile,CHL,2001,3067929
Chile,CHL,2002,3332930
Chile,CHL,2003,3645942
Chile,CHL,2004,3959689
Chile,CHL,2005,3950165
Chile,CHL,2006,3512349
Chile,CHL,2007,2818526
Chile,CHL,2008,3261904
Chile,CHL,2009,3083091
Chile,CHL,2010,3556936
Chile,CHL,2011,3906933
Chile,CHL,2012,3414912
Chile,CHL,2013,3960631
Chile,CHL,2014,3433836
Chile,CHL,2015,3734456
Chile,CHL,2016,3814458
Chile,CHL,2017,3428431
Chile,CHL,2018,3597230
China,CHN,1993,348074733
China,CHN,1994,337187986
China,CHN,1995,356293978
China,CHN,1996,387827346
China,CHN,1997,378408385
China,CHN,1998,391604411
China,CHN,1999,388458129
China,CHN,2000,344128427
China,CHN,2001,338688284
China,CHN,2002,339966289
China,CHN,2003,322607678
China,CHN,2004,353049763
China,CHN,2005,368745904
China,CHN,2006,391769358
China,CHN,2007,395406064
China,CHN,2008,415739463
China,CHN,2009,417782315
China,CHN,2010,432248912
China,CHN,2011,453683641
China,CHN,2012,472586837
China,CHN,2013,486090382
China,CHN,2014,489981432
China,CHN,2015,552027342
China,CHN,2016,547188490
China,CHN,2017,548474031
China,CHN,2018,540881954
Colombia,COL,1993,2992573
Colombia,COL,1994,3078749
Colombia,COL,1995,2854964
Colombia,COL,1996,2624194
Colombia,COL,1997,2597707
Colombia,COL,1998,2260969
Colombia,COL,1999,2683752
Colombia,COL,2000,2878150
Colombia,COL,2001,2834954
Colombia,COL,2002,2938389
Colombia,COL,2003,3484148
Colombia,COL,2004,3611558
Colombia,COL,2005,3367912
Colombia,COL,2006,3035158
Colombia,COL,2007,3312656
Colombia,COL,2008,3524390
Colombia,COL,2009,3357364
Colombia,COL,2010,2878478
Colombia,COL,2011,3133919
Colombia,COL,2012,3503380
Colombia,COL,2013,3156479
Colombia,COL,2014,3321684
Colombia,COL,2015,3174914
Colombia,COL,2016,3382730
Colombia,COL,2017,3572028
Colombia,COL,2018,3651144
Croatia,HRV,1993,2737666
Croatia,HRV,1994,2600256
Croatia,HRV,1995,2764527
Croatia,HRV,1996,2766037
Croatia,HRV,1997,3182961
Croatia,HRV,1998,3214303
Croatia,HRV,1999,2887907
Croatia,HRV,2000,2310525
Croatia,HRV,2001,2826686
Croatia,HRV,2002,3077664
Croatia,HRV,2003,2015938
Croatia,HRV,2004,3067104
Croatia,HRV,2005,3039957
Croatia,HRV,2006,3035940
Croatia,HRV,2007,2536186
Croatia,HRV,2008,3726750
Croatia,HRV,2009,3442567
Croatia,HRV,2010,3014507
Croatia,HRV,2011,2835284
Croatia,HRV,2012,2694564
Croatia,HRV,2013,3195466
Croatia,HRV,2014,3001477
Croatia,HRV,2015,2802791
Croatia,HRV,2016,3573872
Croatia,HRV,2017,2659648
Croatia,HRV,2018,3244847
Czech Republic,CZE,1993,6485852
Czech Republic,CZE,1994,6798604
Czech Republic,CZE,1995,6619711
Czech Republic,CZE,1996,6661644
Czech Republic,CZE,1997,6999309
Czech Republic,CZE,1998,6681420
Czech Republic,CZE,1999,6940576
Czech Republic,CZE,2000,6467637
Czech Republic,CZE,2001,7353491
Czech Republic,CZE,2002,6784829
Czech Republic,CZE,2003,5780887
Czech Republic,CZE,2004,8803796
Czech Republic,CZE,2005,7677321
Czech Republic,CZE,2006,6402586
Czech Republic,CZE,2007,7157365
Czech Republic,CZE,2008,8374003
Czech Republic,CZE,2009,7836375
Czech Republic,CZE,2010,6882070
Czech Republic,CZE,2011,8289282
Czech Republic,CZE,2012,6600024
Czech Republic,CZE,2013,7516944
Czech Republic,CZE,2014,8783608
Czech Republic,CZE,2015,8187774
Czech Republic,CZE,2016,8600552
Czech Republic,CZE,2017,7460864
Czech Republic,CZE,2018,6975004
Democratic Republic of Congo,COD,1993,1464495
Democratic Republic of Congo,COD,1994,1518025
Democratic Republic of Congo,COD,1995,1357228
Democratic Republic of Congo,COD,1996,1440907
Democratic Republic of Congo,COD,1997,1424587
Democratic Republic of Congo,COD,1998,1500638
Democratic Republic of Congo,COD,1999,1476203
Democratic Republic of Congo,COD,2000,1459558
Democratic Republic of Congo,COD,2001,1437495
Democratic Republic of Congo,COD,2002,1415765
Democratic Republic of Congo,COD,2003,1416518
Democratic Republic of Congo,COD,2004,1417357
Democratic Republic of Congo,COD,2005,1418185
Democratic Republic of Congo,COD,2006,1418974
Democratic Republic of Congo,COD,2007,1419742
Democratic Republic of Congo,COD,2008,1420456
Democratic Republic of Congo,COD,2009,1421341
Democratic Republic of Congo,COD,2010,1422332
Democratic Republic of Congo,COD,2011,1423195
Democratic Republic of Congo,COD,2012,2428826
Democratic Republic of Congo,COD,2013,2587085
Democratic Republic of Congo,COD,2014,2754891
Democratic Republic of Congo,COD,2015,2775334
Democratic Republic of Congo,COD,2016,2715455
Democratic Republic of Congo,COD,2017,2734940
Democratic Republic of Congo,COD,2018,2791312
Ecuador,ECU,1993,1481149
Ecuador,ECU,1994,1584753
Ecuador,ECU,1995,1471368
Ecuador,ECU,1996,1596197
Ecuador,ECU,1997,1658035
Ecuador,ECU,1998,1137760
Ecuador,ECU,1999,1417233
Ecuador,ECU,2000,1470058
Ecuador,ECU,2001,1226131
Ecuador,ECU,2002,1580171
Ecuador,ECU,2003,1593903
Ecuador,ECU,2004,2015022
Ecuador,ECU,2005,1814094
Ecuador,ECU,2006,1778708
Ecuador,ECU,2007,2149505
Ecuador,ECU,2008,1806110
Ecuador,ECU,2009,1911975
Ecuador,ECU,2010,2163858
Ecuador,ECU,2011,1995720
Ecuador,ECU,2012,2408298
Ecuador,ECU,2013,2231859
Ecuador,ECU,2014,2627705
Ecuador,ECU,2015,3014910
Ecuador,ECU,2016,2166059
Ecuador,ECU,2017,2183791
Ecuador,ECU,2018,2261829
Egypt,EGY,1993,13576706
Egypt,EGY,1994,13485599
Egypt,EGY,1995,14502816
Egypt,EGY,1996,14912009
Egypt,EGY,1997,16246483
Egypt,EGY,1998,16474515
Egypt,EGY,1999,17463519
Egypt,EGY,2000,18107410
Egypt,EGY,2001,16820573
Egypt,EGY,2002,18161212
Egypt,EGY,2003,18625231
Egypt,EGY,2004,18707822
Egypt,EGY,2005,20383745
Egypt,EGY,2006,20269015
Egypt,EGY,2007,19309250
Egypt,EGY,2008,21327649
Egypt,EGY,2009,20918608
Egypt,EGY,2010,18023019
Egypt,EGY,2011,20124441
Egypt,EGY,2012,21787353
Egypt,EGY,2013,22217289
Egypt,EGY,2014,21503021
Egypt,EGY,2015,21537167
Egypt,EGY,2016,21620881
Egypt,EGY,2017,21271198
Egypt,EGY,2018,20419837
Eritrea,ERI,1993,86850
Eritrea,ERI,1994,253390
Eritrea,ERI,1995,124145
Eritrea,ERI,1996,85361
Eritrea,ERI,1997,99380
Eritrea,ERI,1998,457811
Eritrea,ERI,1999,318828
Eritrea,ERI,2000,124549
Eritrea,ERI,2001,219052
Eritrea,ERI,2002,54530
Eritrea,ERI,2003,105944
Eritrea,ERI,2004,108798
Eritrea,ERI,2005,335563
Eritrea,ERI,2006,377202
Eritrea,ERI,2007,461996
Eritrea,ERI,2008,105788
Eritrea,ERI,2009,226899
Eritrea,ERI,2010,231050
Eritrea,ERI,2011,312366
Eritrea,ERI,2012,304057
Eritrea,ERI,2013,297926
Eritrea,ERI,2014,301577
Eritrea,ERI,2015,305853
Eritrea,ERI,2016,304510
Eritrea,ERI,2017,305471
Eritrea,ERI,2018,312655
Ethiopia,ETH,1993,5301495
Ethiopia,ETH,1994,5251009
Ethiopia,ETH,1995,6747659
Ethiopia,ETH,1996,9385741
Ethiopia,ETH,1997,9480811
Ethiopia,ETH,1998,7206000
Ethiopia,ETH,1999,8388256
Ethiopia,ETH,2000,8014835
Ethiopia,ETH,2001,9580621
Ethiopia,ETH,2002,8995203
Ethiopia,ETH,2003,9528451
Ethiopia,ETH,2004,10136086
Ethiopia,ETH,2005,12746242
Ethiopia,ETH,2006,12668606
Ethiopia,ETH,2007,12231999
Ethiopia,ETH,2008,13235976
Ethiopia,ETH,2009,15499887
Ethiopia,ETH,2010,17731095
Ethiopia,ETH,2011,18780453
Ethiopia,ETH,2012,19610845
Ethiopia,ETH,2013,21544700
Ethiopia,ETH,2014,23563766
Ethiopia,ETH,2015,25448581
Ethiopia,ETH,2016,25339437
Ethiopia,ETH,2017,25942716
Ethiopia,ETH,2018,25143703
France,FRA,1993,55378935
France,FRA,1994,53142329
France,FRA,1995,53242481
France,FRA,1996,62213457
France,FRA,1997,62989319
France,FRA,1998,67909246
France,FRA,1999,64227802
France,FRA,2000,65693621
France,FRA,2001,60266602
France,FRA,2002,69665534
France,FRA,2003,55064018
France,FRA,2004,70603684
France,FRA,2005,64176000
France,FRA,2006,61788882
France,FRA,2007,59546371
France,FRA,2008,70380895
France,FRA,2009,70327494
France,FRA,2010,65799186
France,FRA,2011,63911463
France,FRA,2012,68300408
France,FRA,2013,67510774
France,FRA,2014,72551512
France,FRA,2015,72848928
France,FRA,2016,54371965
France,FRA,2017,68699427
France,FRA,2018,62715918
Georgia,GEO,1993,402751
Georgia,GEO,1994,470638
Georgia,GEO,1995,501476
Georgia,GEO,1996,630103
Georgia,GEO,1997,891707
Georgia,GEO,1998,588570
Georgia,GEO,1999,771064
Georgia,GEO,2000,417752
Georgia,GEO,2001,703620
Georgia,GEO,2002,661681
Georgia,GEO,2003,741924
Georgia,GEO,2004,662715
Georgia,GEO,2005,680281
Georgia,GEO,2006,320140
Georgia,GEO,2007,418724
Georgia,GEO,2008,467111
Georgia,GEO,2009,375640
Georgia,GEO,2010,220200
Georgia,GEO,2011,404700
Georgia,GEO,2012,377300
Georgia,GEO,2013,490624
Georgia,GEO,2014,378206
Georgia,GEO,2015,363413
Georgia,GEO,2016,431639
Georgia,GEO,2017,295719
Georgia,GEO,2018,371461
Germany,DEU,1993,35547425
Germany,DEU,1994,36328713
Germany,DEU,1995,39863871
Germany,DEU,1996,42135618
Germany,DEU,1997,45485681
Germany,DEU,1998,44574851
Germany,DEU,1999,44452029
Germany,DEU,2000,45271234
Germany,DEU,2001,49709326
Germany,DEU,2002,43391325
Germany,DEU,2003,39426039
Germany,DEU,2004,51097000
Germany,DEU,2005,45980200
Germany,DEU,2006,43474800
Germany,DEU,2007,40632149
Germany,DEU,2008,50104858
Germany,DEU,2009,49750199
Germany,DEU,2010,44038739
Germany,DEU,2011,41920400
Germany,DEU,2012,45396500
Germany,DEU,2013,47757100
Germany,DEU,2014,52010400
Germany,DEU,2015,48866800
Germany,DEU,2016,45364400
Germany,DEU,2017,45556800
Germany,DEU,2018,37955800
Greece,GRC,1993,4809940
Greece,GRC,1994,5204744
Greece,GRC,1995,4830873
Greece,GRC,1996,4816964
Greece,GRC,1997,4896893
Greece,GRC,1998,4546142
Greece,GRC,1999,4497005
Greece,GRC,2000,4879892
Greece,GRC,2001,4888608
Greece,GRC,2002,4770302
Greece,GRC,2003,4653541
Greece,GRC,2004,5012273
Greece,GRC,2005,5018582
Greece,GRC,2006,4625714
Greece,GRC,2007,4547023
Greece,GRC,2008,5505520
Greece,GRC,2009,5172157
Greece,GRC,2010,4653174
Greece,GRC,2011,4785374
Greece,GRC,2012,4694728
Greece,GRC,2013,4796771
Greece,GRC,2014,4187573
Greece,GRC,2015,4209439
Greece,GRC,2016,3869982
Greece,GRC,2017,3597807
Greece,GRC,2018,2962760
Guatemala,GTM,1993,1430476
Guatemala,GTM,1994,1283236
Guatemala,GTM,1995,1153454
Guatemala,GTM,1996,1132485
Guatemala,GTM,1997,946546
Guatemala,GTM,1998,1154780
Guatemala,GTM,1999,1118122
Guatemala,GTM,2000,1145668
Guatemala,GTM,2001,1285274
Guatemala,GTM,2002,1293664
Guatemala,GTM,2003,1313857
Guatemala,GTM,2004,1342890
Guatemala,GTM,2005,1437830
Guatemala,GTM,2006,1550265
Guatemala,GTM,2007,1661891
Guatemala,GTM,2008,1784406
Guatemala,GTM,2009,1693912
Guatemala,GTM,2010,1706514
Guatemala,GTM,2011,1744366
Guatemala,GTM,2012,1793742
Guatemala,GTM,2013,1865366
Guatemala,GTM,2014,1889716
Guatemala,GTM,2015,1927936
Guatemala,GTM,2016,1975247
Guatemala,GTM,2017,2027104
Guatemala,GTM,2018,1993576
Honduras,HND,1993,681070
Honduras,HND,1994,661812
Honduras,HND,1995,758106
Honduras,HND,1996,771104
Honduras,HND,1997,740204
Honduras,HND,1998,581062
Honduras,HND,1999,558031
Honduras,HND,2000,604160
Honduras,HND,2001,599309
Honduras,HND,2002,576238
Honduras,HND,2003,589750
Honduras,HND,2004,520499
Honduras,HND,2005,548604
Honduras,HND,2006,586462
Honduras,HND,2007,736885
Honduras,HND,2008,643576
Honduras,HND,2009,687253
Honduras,HND,2010,618810
Honduras,HND,2011,619228
Honduras,HND,2012,603882
Honduras,HND,2013,673680
Honduras,HND,2014,647782
Honduras,HND,2015,698455
Honduras,HND,2016,679125
Honduras,HND,2017,737229
Honduras,HND,2018,770814
Hungary,HUN,1993,8544131
Hungary,HUN,1994,11743965
Hungary,HUN,1995,11294567
Hungary,HUN,1996,11341633
Hungary,HUN,1997,14136694
Hungary,HUN,1998,13035045
Hungary,HUN,1999,11389555
Hungary,HUN,2000,10032302
Hungary,HUN,2001,15043335
Hungary,HUN,2002,11700042
Hungary,HUN,2003,8765858
Hungary,HUN,2004,16776128
Hungary,HUN,2005,16209319
Hungary,HUN,2006,14464773
Hungary,HUN,2007,9649597
Hungary,HUN,2008,16837325
Hungary,HUN,2009,13586459
Hungary,HUN,2010,12267397
Hungary,HUN,2011,13675125
Hungary,HUN,2012,10368987
Hungary,HUN,2013,13607033
Hungary,HUN,2014,16610746
Hungary,HUN,2015,14142038
Hungary,HUN,2016,16640300
Hungary,HUN,2017,14013183
Hungary,HUN,2018,14888677
India,IND,1993,168533700
India,IND,1994,171102280
India,IND,1995,171570980
India,IND,1996,177958400
India,IND,1997,182040300
India,IND,1998,183901685
India,IND,1999,191418472
India,IND,2000,192485382
India,IND,2001,196377096
India,IND,2002,170762517
India,IND,2003,192373963
India,IND,2004,188321368
India,IND,2005,194146690
India,IND,2006,196452970
India,IND,2007,212344094
India,IND,2008,217539312
India,IND,2009,205604286
India,IND,2010,219898626
India,IND,2011,235279300
India,IND,2012,240742600
India,IND,2013,241895910
India,IND,2014,243662400
India,IND,2015,232205180
India,IND,2016,243337900
India,IND,2017,257529500
India,IND,2018,260850860
Iran,IRN,1993,16026718
Iran,IRN,1994,15940228
Iran,IRN,1995,16424941
Iran,IRN,1996,15208103
Iran,IRN,1997,15005290
Iran,IRN,1998,18061892
Iran,IRN,1999,13415175
Iran,IRN,2000,12220798
Iran,IRN,2001,14280765
Iran,IRN,2002,18912299
Iran,IRN,2003,19971919
Iran,IRN,2004,21141052
Iran,IRN,2005,21003084
Iran,IRN,2006,21600065
Iran,IRN,2007,23190379
Iran,IRN,2008,11521472
Iran,IRN,2009,17241032
Iran,IRN,2010,18768062
Iran,IRN,2011,14387903
Iran,IRN,2012,14991242
Iran,IRN,2013,15611822
Iran,IRN,2014,16769397
Iran,IRN,2015,17473792
Iran,IRN,2016,21453352
Iran,IRN,2017,19669918
Iran,IRN,2018,19983618
Iraq,IRQ,1993,3171310
Iraq,IRQ,1994,2702611
Iraq,IRQ,1995,2435215
Iraq,IRQ,1996,2914610
Iraq,IRQ,1997,2134278
Iraq,IRQ,1998,2331650
Iraq,IRQ,1999,1544580
Iraq,IRQ,2000,884500
Iraq,IRQ,2001,1776279
Iraq,IRQ,2002,4041620
Iraq,IRQ,2003,3491517
Iraq,IRQ,2004,3233667
Iraq,IRQ,2005,3605253
Iraq,IRQ,2006,3664621
Iraq,IRQ,2007,3621602
Iraq,IRQ,2008,2142775
Iraq,IRQ,2009,2592479
Iraq,IRQ,2010,4310492
Iraq,IRQ,2011,4191857
Iraq,IRQ,2012,4670624
Iraq,IRQ,2013,6348058
Iraq,IRQ,2014,6914398
Iraq,IRQ,2015,3434829
Iraq,IRQ,2016,3961025
Iraq,IRQ,2017,3646241
Iraq,IRQ,2018,4199141
Israel,ISR,1993,297039
Israel,ISR,1994,183954
Israel,ISR,1995,309380
Israel,ISR,1996,264167
Israel,ISR,1997,187073
Israel,ISR,1998,248700
Israel,ISR,1999,123030
Israel,ISR,2000,182870
Israel,ISR,2001,241640
Israel,ISR,2002,271105
Israel,ISR,2003,305620
Israel,ISR,2004,273338
Israel,ISR,2005,307620
Israel,ISR,2006,245106
Israel,ISR,2007,283464
Israel,ISR,2008,198843
Israel,ISR,2009,257009
Israel,ISR,2010,241056
Israel,ISR,2011,273520
Israel,ISR,2012,356388
Israel,ISR,2013,336558
Israel,ISR,2014,372420
Israel,ISR,2015,321736
Israel,ISR,2016,305210
Israel,ISR,2017,220355
Israel,ISR,2018,209321
Italy,ITA,1993,19336830
Italy,ITA,1994,18733419
Italy,ITA,1995,19239181
Italy,ITA,1996,20425754
Italy,ITA,1997,19436193
Italy,ITA,1998,20266977
Italy,ITA,1999,20592452
Italy,ITA,2000,20251440
Italy,ITA,2001,19509265
Italy,ITA,2002,20791853
Italy,ITA,2003,17397378
Italy,ITA,2004,22775903
Italy,ITA,2005,20952656
Italy,ITA,2006,19733989
Italy,ITA,2007,19837769
Italy,ITA,2008,21150870
Italy,ITA,2009,17166153
Italy,ITA,2010,17997943
Italy,ITA,2011,19024918
Italy,ITA,2012,18060833
Italy,ITA,2013,17737438
Italy,ITA,2014,18935273
Italy,ITA,2015,17189303
Italy,ITA,2016,17690635
Italy,ITA,2017,15719575
Italy,ITA,2018,15843271
Japan,JPN,1993,7476321
Japan,JPN,1994,10800195
Japan,JPN,1995,9647911
Japan,JPN,1996,9362354
Japan,JPN,1997,9146947
Japan,JPN,1998,8203930
Japan,JPN,1999,8463570
Japan,JPN,2000,8845688
Japan,JPN,2001,8485283
Japan,JPN,2002,8484556
Japan,JPN,2003,7580782
Japan,JPN,2004,8360088
Japan,JPN,2005,8656883
Japan,JPN,2006,8180424
Japan,JPN,2007,8397479
Japan,JPN,2008,8478517
Japan,JPN,2009,7934249
Japan,JPN,2010,7835482
Japan,JPN,2011,7953992
Japan,JPN,2012,8181699
Japan,JPN,2013,8204211
Japan,JPN,2014,8090151
Japan,JPN,2015,7877051
Japan,JPN,2016,7697305
Japan,JPN,2017,7649833
Japan,JPN,2018,7457488
Jordan,JOR,1993,94231
Jordan,JOR,1994,83583
Jordan,JOR,1995,98821
Jordan,JOR,1996,81643
Jordan,JOR,1997,82239
Jordan,JOR,1998,75791
Jordan,JOR,1999,26738
Jordan,JOR,2000,57133
Jordan,JOR,2001,47643
Jordan,JOR,2002,114722
Jordan,JOR,2003,79751
Jordan,JOR,2004,53413
Jordan,JOR,2005,102406
Jordan,JOR,2006,61917
Jordan,JOR,2007,53296
Jordan,JOR,2008,47461
Jordan,JOR,2009,60906
Jordan,JOR,2010,87266
Jordan,JOR,2011,83062
Jordan,JOR,2012,84041
Jordan,JOR,2013,102175
Jordan,JOR,2014,90747
Jordan,JOR,2015,95320
Jordan,JOR,2016,107867
Jordan,JOR,2017,101560
Jordan,JOR,2018,91196
Kazakhstan,KAZ,1993,21396501
Kazakhstan,KAZ,1994,16304994
Kazakhstan,KAZ,1995,9414898
Kazakhstan,KAZ,1996,11134682
Kazakhstan,KAZ,1997,12273948
Kazakhstan,KAZ,1998,6301549
Kazakhstan,KAZ,1999,14181933
Kazakhstan,KAZ,2000,11468034
Kazakhstan,KAZ,2001,15799112
Kazakhstan,KAZ,2002,15859793
Kazakhstan,KAZ,2003,14647278
Kazakhstan,KAZ,2004,12245813
Kazakhstan,KAZ,2005,13655498
Kazakhstan,KAZ,2006,16376526
Kazakhstan,KAZ,2007,19984021
Kazakhstan,KAZ,2008,15445216
Kazakhstan,KAZ,2009,20661332
Kazakhstan,KAZ,2010,11991657
Kazakhstan,KAZ,2011,26710127
Kazakhstan,KAZ,2012,12671805
Kazakhstan,KAZ,2013,18042387
Kazakhstan,KAZ,2014,16985405
Kazakhstan,KAZ,2015,18445331
Kazakhstan,KAZ,2016,20261498
Kazakhstan,KAZ,2017,19966019
Kazakhstan,KAZ,2018,20035213
Kenya,KEN,1993,2523650
Kenya,KEN,1994,3608428
Kenya,KEN,1995,3215225
Kenya,KEN,1996,2652301
Kenya,KEN,1997,2686690
Kenya,KEN,1998,2913356
Kenya,KEN,1999,2784694
Kenya,KEN,2000,2573919
Kenya,KEN,2001,3354663
Kenya,KEN,2002,3030533
Kenya,KEN,2003,3338010
Kenya,KEN,2004,3182607
Kenya,KEN,2005,3564209
Kenya,KEN,2006,3914659
Kenya,KEN,2007,3598098
Kenya,KEN,2008,2858824
Kenya,KEN,2009,2884831
Kenya,KEN,2010,4318954
Kenya,KEN,2011,4021542
Kenya,KEN,2012,4665563
Kenya,KEN,2013,4495232
Kenya,KEN,2014,4189788
Kenya,KEN,2015,4484317
Kenya,KEN,2016,3859388
Kenya,KEN,2017,4231241
Kenya,KEN,2018,4795475
Kuwait,KWT,1993,787
Kuwait,KWT,1994,1235
Kuwait,KWT,1995,1961
Kuwait,KWT,1996,3417
Kuwait,KWT,1997,3616
Kuwait,KWT,1998,6148
Kuwait,KWT,1999,6343
Kuwait,KWT,2000,7996
Kuwait,KWT,2001,9251
Kuwait,KWT,2002,13633
Kuwait,KWT,2003,21809
Kuwait,KWT,2004,9630
Kuwait,KWT,2005,10078
Kuwait,KWT,2006,14576
Kuwait,KWT,2007,23234
Kuwait,KWT,2008,15747
Kuwait,KWT,2009,13651
Kuwait,KWT,2010,20303
Kuwait,KWT,2011,35457
Kuwait,KWT,2012,26862
Kuwait,KWT,2013,33254
Kuwait,KWT,2014,53636
Kuwait,KWT,2015,9312
Kuwait,KWT,2016,5257
Kuwait,KWT,2017,6103
Kuwait,KWT,2018,11216
Kyrgyzstan,KGZ,1993,1536801
Kyrgyzstan,KGZ,1994,1058491
Kyrgyzstan,KGZ,1995,908849
Kyrgyzstan,KGZ,1996,1322355
Kyrgyzstan,KGZ,1997,1606492
Kyrgyzstan,KGZ,1998,1603859
Kyrgyzstan,KGZ,1999,1612613
Kyrgyzstan,KGZ,2000,1543766
Kyrgyzstan,KGZ,2001,1789043
Kyrgyzstan,KGZ,2002,1705287
Kyrgyzstan,KGZ,2003,1627524
Kyrgyzstan,KGZ,2004,1702789
Kyrgyzstan,KGZ,2005,1615866
Kyrgyzstan,KGZ,2006,1497775
Kyrgyzstan,KGZ,2007,1411806
Kyrgyzstan,KGZ,2008,1434465
Kyrgyzstan,KGZ,2009,1851207
Kyrgyzstan,KGZ,2010,1503322
Kyrgyzstan,KGZ,2011,1498212
Kyrgyzstan,KGZ,2012,1349359
Kyrgyzstan,KGZ,2013,1719201
Kyrgyzstan,KGZ,2014,1346398
Kyrgyzstan,KGZ,2015,1743341
Kyrgyzstan,KGZ,2016,1752025
Kyrgyzstan,KGZ,2017,1708240
Kyrgyzstan,KGZ,2018,1769899
Lebanon,LBN,1993,80905
Lebanon,LBN,1994,79109
Lebanon,LBN,1995,100385
Lebanon,LBN,1996,93796
Lebanon,LBN,1997,89657
Lebanon,LBN,1998,102843
Lebanon,LBN,1999,93000
Lebanon,LBN,2000,122800
Lebanon,LBN,2001,152950
Lebanon,LBN,2002,140144
Lebanon,LBN,2003,145836
Lebanon,LBN,2004,165057
Lebanon,LBN,2005,177240
Lebanon,LBN,2006,189400
Lebanon,LBN,2007,153370
Lebanon,LBN,2008,177000
Lebanon,LBN,2009,146600
Lebanon,LBN,2010,111785
Lebanon,LBN,2011,158638
Lebanon,LBN,2012,188629
Lebanon,LBN,2013,178659
Lebanon,LBN,2014,176626
Lebanon,LBN,2015,175300
Lebanon,LBN,2016,181172
Lebanon,LBN,2017,163621
Lebanon,LBN,2018,170738
Lesotho,LSO,1993,153256
Lesotho,LSO,1994,222853
Lesotho,LSO,1995,81221
Lesotho,LSO,1996,257418
Lesotho,LSO,1997,206026
Lesotho,LSO,1998,171933
Lesotho,LSO,1999,173865
Lesotho,LSO,2000,149723
Lesotho,LSO,2001,254960
Lesotho,LSO,2002,149947
Lesotho,LSO,2003,116475
Lesotho,LSO,2004,109280
Lesotho,LSO,2005,111647
Lesotho,LSO,2006,118736
Lesotho,LSO,2007,72685
Lesotho,LSO,2008,74020
Lesotho,LSO,2009,75442
Lesotho,LSO,2010,173193
Lesotho,LSO,2011,103973
Lesotho,LSO,2012,101482
Lesotho,LSO,2013,107674
Lesotho,LSO,2014,108484
Lesotho,LSO,2015,82945
Lesotho,LSO,2016,25806
Lesotho,LSO,2017,216143
Lesotho,LSO,2018,124917
Libya,LBY,1993,180161
Libya,LBY,1994,165155
Libya,LBY,1995,146511
Libya,LBY,1996,159800
Libya,LBY,1997,206200
Libya,LBY,1998,212700
Libya,LBY,1999,212700
Libya,LBY,2000,221780
Libya,LBY,2001,217800
Libya,LBY,2002,217100
Libya,LBY,2003,216700
Libya,LBY,2004,218465
Libya,LBY,2005,233600
Libya,LBY,2006,213470
Libya,LBY,2007,213770
Libya,LBY,2008,213200
Libya,LBY,2009,215350
Libya,LBY,2010,243539
Libya,LBY,2011,275210
Libya,LBY,2012,307527
Libya,LBY,2013,305900
Libya,LBY,2014,304294
Libya,LBY,2015,299697
Libya,LBY,2016,268282
Libya,LBY,2017,252817
Libya,LBY,2018,242231
Lithuania,LTU,1993,2681042
Lithuania,LTU,1994,2106742
Lithuania,LTU,1995,1915042
Lithuania,LTU,1996,2623642
Lithuania,LTU,1997,2953842
Lithuania,LTU,1998,2725441
Lithuania,LTU,1999,2057892
Lithuania,LTU,2000,2667602
Lithuania,LTU,2001,2356160
Lithuania,LTU,2002,2539100
Lithuania,LTU,2003,2625800
Lithuania,LTU,2004,2859400
Lithuania,LTU,2005,2811100
Lithuania,LTU,2006,1857800
Lithuania,LTU,2007,3017000
Lithuania,LTU,2008,3421900
Lithuania,LTU,2009,3806600
Lithuania,LTU,2010,2796700
Lithuania,LTU,2011,3225900
Lithuania,LTU,2012,4656600
Lithuania,LTU,2013,4474800
Lithuania,LTU,2014,5123200
Lithuania,LTU,2015,6066749
Lithuania,LTU,2016,5120821
Lithuania,LTU,2017,5074188
Lithuania,LTU,2018,3999500
Macedonia,MKD,1993,475785
Macedonia,MKD,1994,644815
Macedonia,MKD,1995,722772
Macedonia,MKD,1996,538215
Macedonia,MKD,1997,601421
Macedonia,MKD,1998,652291
Macedonia,MKD,1999,632035
Macedonia,MKD,2000,557867
Macedonia,MKD,2001,471869
Macedonia,MKD,2002,552641
Macedonia,MKD,2003,467346
Macedonia,MKD,2004,677046
Macedonia,MKD,2005,640441
Macedonia,MKD,2006,597526
Macedonia,MKD,2007,463539
Macedonia,MKD,2008,607669
Macedonia,MKD,2009,602440
Macedonia,MKD,2010,533009
Macedonia,MKD,2011,545902
Macedonia,MKD,2012,451676
Macedonia,MKD,2013,552605
Macedonia,MKD,2014,619081
Macedonia,MKD,2015,473720
Macedonia,MKD,2016,632729
Macedonia,MKD,2017,442098
Macedonia,MKD,2018,591811
Madagascar,MDG,1993,1874827
Madagascar,MDG,1994,1732119
Madagascar,MDG,1995,1826124
Madagascar,MDG,1996,1852477
Madagascar,MDG,1997,1890166
Madagascar,MDG,1998,1795133
Madagascar,MDG,1999,1900178
Madagascar,MDG,2000,1834173
Madagascar,MDG,2001,1966414
Madagascar,MDG,2002,1919829
Madagascar,MDG,2003,2195325
Madagascar,MDG,2004,2380554
Madagascar,MDG,2005,2664910
Madagascar,MDG,2006,2742889
Madagascar,MDG,2007,2827336
Madagascar,MDG,2008,3052089
Madagascar,MDG,2009,3463608
Madagascar,MDG,2010,3581978
Madagascar,MDG,2011,3307790
Madagascar,MDG,2012,3494581
Madagascar,MDG,2013,2795436
Madagascar,MDG,2014,3025750
Madagascar,MDG,2015,2818467
Madagascar,MDG,2016,2867802
Madagascar,MDG,2017,2689340
Madagascar,MDG,2018,2910665
Malawi,MWI,1993,2115383
Malawi,MWI,1994,1094020
Malawi,MWI,1995,1755777
Malawi,MWI,1996,1919192
Malawi,MWI,1997,1452934
Malawi,MWI,1998,1881154
Malawi,MWI,1999,2604606
Malawi,MWI,2000,2607191
Malawi,MWI,2001,1834656
Malawi,MWI,2002,1679932
Malawi,MWI,2003,2113814
Malawi,MWI,2004,1701436
Malawi,MWI,2005,1288636
Malawi,MWI,2006,2755828
Malawi,MWI,2007,3402454
Malawi,MWI,2008,2807583
Malawi,MWI,2009,3762687
Malawi,MWI,2010,3573618
Malawi,MWI,2011,3885766
Malawi,MWI,2012,3795708
Malawi,MWI,2013,3850633
Malawi,MWI,2014,4202717
Malawi,MWI,2015,2964622
Malawi,MWI,2016,2503858
Malawi,MWI,2017,3671135
Malawi,MWI,2018,2887768
Mali,MLI,1993,2085604
Mali,MLI,1994,2301232
Mali,MLI,1995,2030435
Mali,MLI,1996,2010386
Mali,MLI,1997,1945536
Mali,MLI,1998,2308973
Mali,MLI,1999,2651579
Mali,MLI,2000,2062840
Mali,MLI,2001,2270700
Mali,MLI,2002,2287517
Mali,MLI,2003,3096934
Mali,MLI,2004,2605897
Mali,MLI,2005,3083784
Mali,MLI,2006,3342629
Mali,MLI,2007,3525153
Mali,MLI,2008,4274122
Mali,MLI,2009,5519756
Mali,MLI,2010,4907318
Mali,MLI,2011,5197955
Mali,MLI,2012,5863578
Mali,MLI,2013,6335416
Mali,MLI,2014,6259323
Mali,MLI,2015,7278797
Mali,MLI,2016,7923655
Mali,MLI,2017,7961135
Mali,MLI,2018,9104898
Mauritania,MRT,1993,147062
Mauritania,MRT,1994,191750
Mauritania,MRT,1995,204057
Mauritania,MRT,1996,212128
Mauritania,MRT,1997,126808
Mauritania,MRT,1998,155575
Mauritania,MRT,1999,165148
Mauritania,MRT,2000,154312
Mauritania,MRT,2001,104576
Mauritania,MRT,2002,86990
Mauritania,MRT,2003,154043
Mauritania,MRT,2004,86536
Mauritania,MRT,2005,146795
Mauritania,MRT,2006,143869
Mauritania,MRT,2007,155045
Mauritania,MRT,2008,162177
Mauritania,MRT,2009,152665
Mauritania,MRT,2010,233703
Mauritania,MRT,2011,146471
Mauritania,MRT,2012,282504
Mauritania,MRT,2013,244308
Mauritania,MRT,2014,275653
Mauritania,MRT,2015,240715
Mauritania,MRT,2016,256521
Mauritania,MRT,2017,271454
Mauritania,MRT,2018,262788
Mexico,MEX,1993,25105389
Mexico,MEX,1994,26686553
Mexico,MEX,1995,26761588
Mexico,MEX,1996,29181133
Mexico,MEX,1997,27909208
Mexico,MEX,1998,28972381
Mexico,MEX,1999,27304319
Mexico,MEX,2000,27878025
Mexico,MEX,2001,30985316
Mexico,MEX,2002,28697581
Mexico,MEX,2003,31245220
Mexico,MEX,2004,32222295
Mexico,MEX,2005,28965883
Mexico,MEX,2006,32045733
Mexico,MEX,2007,34215055
Mexico,MEX,2008,36034428
Mexico,MEX,2009,31198082
Mexico,MEX,2010,34853047
Mexico,MEX,2011,28350974
Mexico,MEX,2012,33554676
Mexico,MEX,2013,33150436
Mexico,MEX,2014,36449294
Mexico,MEX,2015,34625920
Mexico,MEX,2016,38380715
Mexico,MEX,2017,37399402
Mexico,MEX,2018,35974485
Moldova,MDA,1993,3218589
Moldova,MDA,1994,1627891
Moldova,MDA,1995,2610779
Moldova,MDA,1996,1976169
Moldova,MDA,1997,3486746
Moldova,MDA,1998,2428062
Moldova,MDA,1999,2141579
Moldova,MDA,2000,1905097
Moldova,MDA,2001,2550044
Moldova,MDA,2002,2539059
Moldova,MDA,2003,2000680
Moldova,MDA,2004,2942574
Moldova,MDA,2005,2771711
Moldova,MDA,2006,2222357
Moldova,MDA,2007,1825348
Moldova,MDA,2008,3132303
Moldova,MDA,2009,2149173
Moldova,MDA,2010,2386009
Moldova,MDA,2011,2466400
Moldova,MDA,2012,2055650
Moldova,MDA,2013,2654337
Moldova,MDA,2014,2886891
Moldova,MDA,2015,2183323
Moldova,MDA,2016,2954175
Moldova,MDA,2017,3285836
Moldova,MDA,2018,3421119
Morocco,MAR,1993,2800049
Morocco,MAR,1994,9615470
Morocco,MAR,1995,1782074
Morocco,MAR,1996,10085535
Morocco,MAR,1997,4087001
Morocco,MAR,1998,6622850
Morocco,MAR,1999,3831754
Morocco,MAR,2000,1988257
Morocco,MAR,2001,4590170
Morocco,MAR,2002,5278980
Morocco,MAR,2003,7963491
Morocco,MAR,2004,8588811
Morocco,MAR,2005,4265089
Morocco,MAR,2006,9224755
Morocco,MAR,2007,2493983
Morocco,MAR,2008,5315465
Morocco,MAR,2009,10427056
Morocco,MAR,2010,7817656
Morocco,MAR,2011,8683393
Morocco,MAR,2012,5288057
Morocco,MAR,2013,9861983
Morocco,MAR,2014,6926340
Morocco,MAR,2015,11667618
Morocco,MAR,2016,3543830
Morocco,MAR,2017,9767635
Morocco,MAR,2018,10367674
Mozambique,MOZ,1993,743366
Mozambique,MOZ,1994,757223
Mozambique,MOZ,1995,1088708
Mozambique,MOZ,1996,1332004
Mozambique,MOZ,1997,1469960
Mozambique,MOZ,1998,1623608
Mozambique,MOZ,1999,1751629
Mozambique,MOZ,2000,1527340
Mozambique,MOZ,2001,1451615
Mozambique,MOZ,2002,1330247
Mozambique,MOZ,2003,1475828
Mozambique,MOZ,2004,1297469
Mozambique,MOZ,2005,1120647
Mozambique,MOZ,2006,1693104
Mozambique,MOZ,2007,1404303
Mozambique,MOZ,2008,1425721
Mozambique,MOZ,2009,2179393
Mozambique,MOZ,2010,2716826
Mozambique,MOZ,2011,2841564
Mozambique,MOZ,2012,2691050
Mozambique,MOZ,2013,1421354
Mozambique,MOZ,2014,1666305
Mozambique,MOZ,2015,1461220
Mozambique,MOZ,2016,1677352
Mozambique,MOZ,2017,1572334
Mozambique,MOZ,2018,1872518
Myanmar,MMR,1993,11464842
Myanmar,MMR,1994,12444974
Myanmar,MMR,1995,12291923
Myanmar,MMR,1996,12130199
Myanmar,MMR,1997,11668430
Myanmar,MMR,1998,11910303
Myanmar,MMR,1999,14230067
Myanmar,MMR,2000,14796462
Myanmar,MMR,2001,15331056
Myanmar,MMR,2002,15353287
Myanmar,MMR,2003,16363323
Myanmar,MMR,2004,17537520
Myanmar,MMR,2005,19662349
Myanmar,MMR,2006,21879045
Myanmar,MMR,2007,22317518
Myanmar,MMR,2008,23130920
Myanmar,MMR,2009,23295950
Myanmar,MMR,2010,23365074
Myanmar,MMR,2011,21128636
Myanmar,MMR,2012,19611325
Myanmar,MMR,2013,19840538
Myanmar,MMR,2014,19995026
Myanmar,MMR,2015,19906812
Myanmar,MMR,2016,19559888
Myanmar,MMR,2017,19585933
Myanmar,MMR,2018,19549814
Namibia,NAM,1993,74900
Namibia,NAM,1994,116234
Namibia,NAM,1995,70885
Namibia,NAM,1996,89320
Namibia,NAM,1997,157984
Namibia,NAM,1998,121180
Namibia,NAM,1999,73899
Namibia,NAM,2000,120979
Namibia,NAM,2001,121744
Namibia,NAM,2002,87998
Namibia,NAM,2003,97334
Namibia,NAM,2004,127535
Namibia,NAM,2005,129138
Namibia,NAM,2006,186008
Namibia,NAM,2007,116183
Namibia,NAM,2008,112580
Namibia,NAM,2009,111738
Namibia,NAM,2010,118358
Namibia,NAM,2011,118339
Namibia,NAM,2012,165800
Namibia,NAM,2013,86600
Namibia,NAM,2014,111718
Namibia,NAM,2015,113040
Namibia,NAM,2016,74368
Namibia,NAM,2017,137559
Namibia,NAM,2018,152898
Nepal,NPL,1993,4608589
Nepal,NPL,1994,4406834
Nepal,NPL,1995,4886043
Nepal,NPL,1996,5142774
Nepal,NPL,1997,5137954
Nepal,NPL,1998,5157927
Nepal,NPL,1999,5313129
Nepal,NPL,2000,5711504
Nepal,NPL,2001,5733163
Nepal,NPL,2002,5844619
Nepal,NPL,2003,5990781
Nepal,NPL,2004,6270303
Nepal,NPL,2005,6346078
Nepal,NPL,2006,6262054
Nepal,NPL,2007,6111090
Nepal,NPL,2008,6645402
Nepal,NPL,2009,6616041
Nepal,NPL,2010,6431043
Nepal,NPL,2011,7130110
Nepal,NPL,2012,7768663
Nepal,NPL,2013,7080286
Nepal,NPL,2014,7882013
Nepal,NPL,2015,7671632
Nepal,NPL,2016,7182689
Nepal,NPL,2017,8017194
Nepal,NPL,2018,8214587
Netherlands,NLD,1993,1466100
Netherlands,NLD,1994,1354800
Netherlands,NLD,1995,1504900
Netherlands,NLD,1996,1659400
Netherlands,NLD,1997,1450290
Netherlands,NLD,1998,1497400
Netherlands,NLD,1999,1367600
Netherlands,NLD,2000,1732100
Netherlands,NLD,2001,1671600
Netherlands,NLD,2002,1655207
Netherlands,NLD,2003,1739331
Netherlands,NLD,2004,1748400
Netherlands,NLD,2005,1705043
Netherlands,NLD,2006,1674669
Netherlands,NLD,2007,1547600
Netherlands,NLD,2008,1963010
Netherlands,NLD,2009,1994422
Netherlands,NLD,2010,1803153
Netherlands,NLD,2011,1609679
Netherlands,NLD,2012,1730981
Netherlands,NLD,2013,1755536
Netherlands,NLD,2014,1700506
Netherlands,NLD,2015,1671654
Netherlands,NLD,2016,1355219
Netherlands,NLD,2017,1392686
Netherlands,NLD,2018,1340532
New Zealand,NZL,1993,803099
New Zealand,NZL,1994,843015
New Zealand,NZL,1995,752049
New Zealand,NZL,1996,904022
New Zealand,NZL,1997,980100
New Zealand,NZL,1998,869300
New Zealand,NZL,1999,872700
New Zealand,NZL,2000,855511
New Zealand,NZL,2001,940393
New Zealand,NZL,2002,939377
New Zealand,NZL,2003,944472
New Zealand,NZL,2004,763040
New Zealand,NZL,2005,871437
New Zealand,NZL,2006,788645
New Zealand,NZL,2007,926928
New Zealand,NZL,2008,999287
New Zealand,NZL,2009,1124280
New Zealand,NZL,2010,1001296
New Zealand,NZL,2011,999389
New Zealand,NZL,2012,1168496
New Zealand,NZL,2013,1103221
New Zealand,NZL,2014,1097943
New Zealand,NZL,2015,1114618
New Zealand,NZL,2016,1096490
New Zealand,NZL,2017,936995
New Zealand,NZL,2018,977781
Niger,NER,1993,2241093
Niger,NER,1994,1844054
Niger,NER,1995,2229345
Niger,NER,1996,2072006
Niger,NER,1997,1822579
Niger,NER,1998,2958587
Niger,NER,1999,2823098
Niger,NER,2000,2106304
Niger,NER,2001,3084565
Niger,NER,2002,3298992
Niger,NER,2003,3349199
Niger,NER,2004,2660162
Niger,NER,2005,3648393
Niger,NER,2006,4008471
Niger,NER,2007,3827005
Niger,NER,2008,4863502
Niger,NER,2009,3481600
Niger,NER,2010,5229874
Niger,NER,2011,3594413
Niger,NER,2012,5311101
Niger,NER,2013,4332279
Niger,NER,2014,4880597
Niger,NER,2015,5434082
Niger,NER,2016,5817371
Niger,NER,2017,5861849
Niger,NER,2018,6066028
Nigeria,NGA,1993,19069955
Nigeria,NGA,1994,19565009
Nigeria,NGA,1995,21540240
Nigeria,NGA,1996,20625374
Nigeria,NGA,1997,20764756
Nigeria,NGA,1998,20949425
Nigeria,NGA,1999,21313759
Nigeria,NGA,2000,20271766
Nigeria,NGA,2001,19173584
Nigeria,NGA,2002,20397976
Nigeria,NGA,2003,21698372
Nigeria,NGA,2004,23210778
Nigeria,NGA,2005,24843189
Nigeria,NGA,2006,27518014
Nigeria,NGA,2007,26110062
Nigeria,NGA,2008,28817393
Nigeria,NGA,2009,20086729
Nigeria,NGA,2010,23160948
Nigeria,NGA,2011,19163525
Nigeria,NGA,2012,19617956
Nigeria,NGA,2013,18011524
Nigeria,NGA,2014,22518444
Nigeria,NGA,2015,23368738
Nigeria,NGA,2016,25844846
Nigeria,NGA,2017,23415687
Nigeria,NGA,2018,23948771
North Korea,PRK,1993,7542929
North Korea,PRK,1994,6157059
North Korea,PRK,1995,3133672
North Korea,PRK,1996,2139142
North Korea,PRK,1997,2377509
North Korea,PRK,1998,3671769
North Korea,PRK,1999,3071781
North Korea,PRK,2000,2379230
North Korea,PRK,2001,3193657
North Korea,PRK,2002,3483062
North Korea,PRK,2003,3645748
North Korea,PRK,2004,3695790
North Korea,PRK,2005,3785128
North Korea,PRK,2006,3850160
North Korea,PRK,2007,3269957
North Korea,PRK,2008,3727482
North Korea,PRK,2009,3659622
North Korea,PRK,2010,3707013
North Korea,PRK,2011,3869001
North Korea,PRK,2012,4242491
North Korea,PRK,2013,4233373
North Korea,PRK,2014,4347817
North Korea,PRK,2015,4506768
North Korea,PRK,2016,4129469
North Korea,PRK,2017,4048908
North Korea,PRK,2018,3516535
Oman,OMN,1993,32684
Oman,OMN,1994,32811
Oman,OMN,1995,32949
Oman,OMN,1996,32992
Oman,OMN,1997,32964
Oman,OMN,1998,32453
Oman,OMN,1999,33017
Oman,OMN,2000,33163
Oman,OMN,2001,33461
Oman,OMN,2002,33534
Oman,OMN,2003,33305
Oman,OMN,2004,37746
Oman,OMN,2005,32858
Oman,OMN,2006,31176
Oman,OMN,2007,32482
Oman,OMN,2008,30429
Oman,OMN,2009,61769
Oman,OMN,2010,46034
Oman,OMN,2011,58015
Oman,OMN,2012,52464
Oman,OMN,2013,50873
Oman,OMN,2014,40693
Oman,OMN,2015,78955
Oman,OMN,2016,63171
Oman,OMN,2017,63391
Oman,OMN,2018,64754
Pakistan,PAK,1993,21874297
Pakistan,PAK,1994,20616623
Pakistan,PAK,1995,23055183
Pakistan,PAK,1996,23244552
Pakistan,PAK,1997,23095267
Pakistan,PAK,1998,25650404
Pakistan,PAK,1999,25181189
Pakistan,PAK,2000,28061801
Pakistan,PAK,2001,25108941
Pakistan,PAK,2002,24935839
Pakistan,PAK,2003,26542124
Pakistan,PAK,2004,27801412
Pakistan,PAK,2005,30736974
Pakistan,PAK,2006,30311419
Pakistan,PAK,2007,33033282
Pakistan,PAK,2008,32055576
Pakistan,PAK,2009,34709141
Pakistan,PAK,2010,32402020
Pakistan,PAK,2011,36227460
Pakistan,PAK,2012,33731168
Pakistan,PAK,2013,36624150
Pakistan,PAK,2014,38397912
Pakistan,PAK,2015,37684469
Pakistan,PAK,2016,39133791
Pakistan,PAK,2017,40578781
Pakistan,PAK,2018,39144483
Paraguay,PRY,1993,929069
Paraguay,PRY,1994,907670
Paraguay,PRY,1995,1103869
Paraguay,PRY,1996,1271363
Paraguay,PRY,1997,1533471
Paraguay,PRY,1998,1177842
Paraguay,PRY,1999,1104980
Paraguay,PRY,2000,980028
Paraguay,PRY,2001,1592662
Paraguay,PRY,2002,1514009
Paraguay,PRY,2003,1871457
Paraguay,PRY,2004,1937478
Paraguay,PRY,2005,1715234
Paraguay,PRY,2006,2381815
Paraguay,PRY,2007,2920653
Paraguay,PRY,2008,3394354
Paraguay,PRY,2009,3094540
Paraguay,PRY,2010,4870598
Paraguay,PRY,2011,5231601
Paraguay,PRY,2012,5028882
Paraguay,PRY,2013,6066801
Paraguay,PRY,2014,4663768
Paraguay,PRY,2015,6805098
Paraguay,PRY,2016,6976486
Paraguay,PRY,2017,6900088
Paraguay,PRY,2018,6771627
Peru,PER,1993,1690846
Peru,PER,1994,1938675
Peru,PER,1995,1752145
Peru,PER,1996,2140543
Peru,PER,1997,2107111
Peru,PER,1998,2329322
Peru,PER,1999,2744421
Peru,PER,2000,2923965
Peru,PER,2001,3062502
Peru,PER,2002,3138923
Peru,PER,2003,3209989
Peru,PER,2004,2823901
Peru,PER,2005,3309942
Peru,PER,2006,3276968
Peru,PER,2007,3281485
Peru,PER,2008,3773910
Peru,PER,2009,4053793
Peru,PER,2010,3925480
Peru,PER,2011,3742696
Peru,PER,2012,4209856
Peru,PER,2013,4233371
Peru,PER,2014,4044575
Peru,PER,2015,4420090
Peru,PER,2016,4125159
Peru,PER,2017,4103225
Peru,PER,2018,4459427
Poland,POL,1993,23417080
Poland,POL,1994,21763445
Poland,POL,1995,25905314
Poland,POL,1996,25297819
Poland,POL,1997,25399486
Poland,POL,1998,27158723
Poland,POL,1999,25750319
Poland,POL,2000,22340612
Poland,POL,2001,26960313
Poland,POL,2002,26877272
Poland,POL,2003,23390757
Poland,POL,2004,29635147
Poland,POL,2005,26927924
Poland,POL,2006,21775931
Poland,POL,2007,27142811
Poland,POL,2008,27664297
Poland,POL,2009,29826416
Poland,POL,2010,27228098
Poland,POL,2011,26767403
Poland,POL,2012,28543870
Poland,POL,2013,28455154
Poland,POL,2014,31945433
Poland,POL,2015,28002726
Poland,POL,2016,29849223
Poland,POL,2017,31924964
Poland,POL,2018,26779782
Portugal,PRT,1993,1455960
Portugal,PRT,1994,1586449
Portugal,PRT,1995,1352779
Portugal,PRT,1996,1550115
Portugal,PRT,1997,1454975
Portugal,PRT,1998,1344457
Portugal,PRT,1999,1605113
Portugal,PRT,2000,1566915
Portugal,PRT,2001,1254760
Portugal,PRT,2002,1454245
Portugal,PRT,2003,1142328
Portugal,PRT,2004,1323092
Portugal,PRT,2005,781141
Portugal,PRT,2006,1148064
Portugal,PRT,2007,1014021
Portugal,PRT,2008,1261408
Portugal,PRT,2009,1064359
Portugal,PRT,2010,962522
Portugal,PRT,2011,1095811
Portugal,PRT,2012,1115864
Portugal,PRT,2013,1302415
Portugal,PRT,2014,1277540
Portugal,PRT,2015,1178625
Portugal,PRT,2016,1081712
Portugal,PRT,2017,1066040
Portugal,PRT,2018,1039074
Qatar,QAT,1993,5368
Qatar,QAT,1994,3940
Qatar,QAT,1995,4256
Qatar,QAT,1996,5195
Qatar,QAT,1997,5768
Qatar,QAT,1998,5750
Qatar,QAT,1999,7102
Qatar,QAT,2000,7215
Qatar,QAT,2001,6584
Qatar,QAT,2002,6467
Qatar,QAT,2003,7083
Qatar,QAT,2004,5490
Qatar,QAT,2005,7094
Qatar,QAT,2006,6740
Qatar,QAT,2007,5002
Qatar,QAT,2008,3150
Qatar,QAT,2009,2220
Qatar,QAT,2010,2665
Qatar,QAT,2011,1700
Qatar,QAT,2012,1908
Qatar,QAT,2013,2259
Qatar,QAT,2014,2455
Qatar,QAT,2015,1801
Qatar,QAT,2016,1377
Qatar,QAT,2017,1374
Qatar,QAT,2018,2308
Romania,ROU,1993,15480917
Romania,ROU,1994,18178706
Romania,ROU,1995,19874813
Romania,ROU,1996,14191996
Romania,ROU,1997,22103771
Romania,ROU,1998,15451007
Romania,ROU,1999,17036076
Romania,ROU,2000,10476324
Romania,ROU,2001,18870440
Romania,ROU,2002,14356305
Romania,ROU,2003,12964320
Romania,ROU,2004,24398028
Romania,ROU,2005,19343030
Romania,ROU,2006,15753190
Romania,ROU,2007,7805662
Romania,ROU,2008,16810152
Romania,ROU,2009,14848837
Romania,ROU,2010,16692374
Romania,ROU,2011,20820428
Romania,ROU,2012,12807201
Romania,ROU,2013,20878879
Romania,ROU,2014,22055698
Romania,ROU,2015,19316247
Romania,ROU,2016,21750286
Romania,ROU,2017,27124461
Romania,ROU,2018,31538842
Russia,RUS,1993,95996249
Russia,RUS,1994,78476692
Russia,RUS,1995,61748021
Russia,RUS,1996,67312285
Russia,RUS,1997,86601255
Russia,RUS,1998,46716076
Russia,RUS,1999,53630981
Russia,RUS,2000,64048115
Russia,RUS,2001,83138470
Russia,RUS,2002,84567779
Russia,RUS,2003,65186239
Russia,RUS,2004,75829556
Russia,RUS,2005,76002018
Russia,RUS,2006,76267906
Russia,RUS,2007,79972900
Russia,RUS,2008,106172036
Russia,RUS,2009,95311457
Russia,RUS,2010,59265875
Russia,RUS,2011,91429409
Russia,RUS,2012,68403199
Russia,RUS,2013,90053635
Russia,RUS,2014,102789330
Russia,RUS,2015,102078059
Russia,RUS,2016,117395522
Russia,RUS,2017,130966774
Russia,RUS,2018,109492147
Rwanda,RWA,1993,229103
Rwanda,RWA,1994,128574
Rwanda,RWA,1995,141630
Rwanda,RWA,1996,181232
Rwanda,RWA,1997,220168
Rwanda,RWA,1998,191584
Rwanda,RWA,1999,176034
Rwanda,RWA,2000,235824
Rwanda,RWA,2001,279510
Rwanda,RWA,2002,301462
Rwanda,RWA,2003,288381
Rwanda,RWA,2004,303562
Rwanda,RWA,2005,392603
Rwanda,RWA,2006,349567
Rwanda,RWA,2007,335660
Rwanda,RWA,2008,376680
Rwanda,RWA,2009,527210
Rwanda,RWA,2010,650711
Rwanda,RWA,2011,744764
Rwanda,RWA,2012,780014
Rwanda,RWA,2013,899644
Rwanda,RWA,2014,784923
Rwanda,RWA,2015,581375
Rwanda,RWA,2016,626763
Rwanda,RWA,2017,598530
Rwanda,RWA,2018,666238
Saudi Arabia,SAU,1993,5042521
Saudi Arabia,SAU,1994,4859501
Saudi Arabia,SAU,1995,2668863
Saudi Arabia,SAU,1996,1931516
Saudi Arabia,SAU,1997,2338534
Saudi Arabia,SAU,1998,2201566
Saudi Arabia,SAU,1999,2454119
Saudi Arabia,SAU,2000,2167394
Saudi Arabia,SAU,2001,2591615
Saudi Arabia,SAU,2002,2852747
Saudi Arabia,SAU,2003,2948817
Saudi Arabia,SAU,2004,3189319
Saudi Arabia,SAU,2005,3006637
Saudi Arabia,SAU,2006,3042777
Saudi Arabia,SAU,2007,2960073
Saudi Arabia,SAU,2008,2431704
Saudi Arabia,SAU,2009,1585994
Saudi Arabia,SAU,2010,1565155
Saudi Arabia,SAU,2011,1414016
Saudi Arabia,SAU,2012,1084597
Saudi Arabia,SAU,2013,881553
Saudi Arabia,SAU,2014,1502341
Saudi Arabia,SAU,2015,1549853
Saudi Arabia,SAU,2016,1441921
Saudi Arabia,SAU,2017,1429022
Saudi Arabia,SAU,2018,1378867
Slovakia,SVK,1993,3150687
Slovakia,SVK,1994,3701137
Slovakia,SVK,1995,3490485
Slovakia,SVK,1996,3322455
Slovakia,SVK,1997,3741302
Slovakia,SVK,1998,3485708
Slovakia,SVK,1999,2829922
Slovakia,SVK,2000,2202543
Slovakia,SVK,2001,3212188
Slovakia,SVK,2002,3197881
Slovakia,SVK,2003,2490571
Slovakia,SVK,2004,3797352
Slovakia,SVK,2005,3585251
Slovakia,SVK,2006,2928803
Slovakia,SVK,2007,2793485
Slovakia,SVK,2008,4137019
Slovakia,SVK,2009,3332824
Slovakia,SVK,2010,2554376
Slovakia,SVK,2011,3714041
Slovakia,SVK,2012,3035810
Slovakia,SVK,2013,3411961
Slovakia,SVK,2014,4707655
Slovakia,SVK,2015,3805712
Slovakia,SVK,2016,4847544
Slovakia,SVK,2017,3484061
Slovakia,SVK,2018,4037761
Slovenia,SVN,1993,421684
Slovenia,SVN,1994,528787
Slovenia,SVN,1995,510937
Slovenia,SVN,1996,489042
Slovenia,SVN,1997,545220
Slovenia,SVN,1998,558625
Slovenia,SVN,1999,479997
Slovenia,SVN,2000,496964
Slovenia,SVN,2001,499565
Slovenia,SVN,2002,614326
Slovenia,SVN,2003,402240
Slovenia,SVN,2004,586833
Slovenia,SVN,2005,579486
Slovenia,SVN,2006,496875
Slovenia,SVN,2007,535319
Slovenia,SVN,2008,583181
Slovenia,SVN,2009,536505
Slovenia,SVN,2010,572622
Slovenia,SVN,2011,611690
Slovenia,SVN,2012,580413
Slovenia,SVN,2013,461462
Slovenia,SVN,2014,653111
Slovenia,SVN,2015,628408
Slovenia,SVN,2016,642479
Slovenia,SVN,2017,551216
Slovenia,SVN,2018,600948
Somalia,SOM,1993,163260
Somalia,SOM,1994,404660
Somalia,SOM,1995,284254
Somalia,SOM,1996,281069
Somalia,SOM,1997,304399
Somalia,SOM,1998,200448
Somalia,SOM,1999,297887
Somalia,SOM,2000,391742
Somalia,SOM,2001,427730
Somalia,SOM,2002,437854
Somalia,SOM,2003,398828
Somalia,SOM,2004,360476
Somalia,SOM,2005,350877
Somalia,SOM,2006,255524
Somalia,SOM,2007,191642
Somalia,SOM,2008,227254
Somalia,SOM,2009,227909
Somalia,SOM,2010,352958
Somalia,SOM,2011,117451
Somalia,SOM,2012,383561
Somalia,SOM,2013,382587
Somalia,SOM,2014,244167
Somalia,SOM,2015,239722
Somalia,SOM,2016,141905
Somalia,SOM,2017,189186
Somalia,SOM,2018,272450
South Africa,ZAF,1993,12804463
South Africa,ZAF,1994,15984671
South Africa,ZAF,1995,7513369
South Africa,ZAF,1996,13669052
South Africa,ZAF,1997,13253433
South Africa,ZAF,1998,10231314
South Africa,ZAF,1999,10058530
South Africa,ZAF,2000,14548010
South Africa,ZAF,2001,10713683
South Africa,ZAF,2002,13047226
South Africa,ZAF,2003,11818087
South Africa,ZAF,2004,12025859
South Africa,ZAF,2005,14174106
South Africa,ZAF,2006,9451262
South Africa,ZAF,2007,9506764
South Africa,ZAF,2008,15338479
South Africa,ZAF,2009,14569856
South Africa,ZAF,2010,14699911
South Africa,ZAF,2011,12927344
South Africa,ZAF,2012,14555169
South Africa,ZAF,2013,14153569
South Africa,ZAF,2014,16616871
South Africa,ZAF,2015,11909230
South Africa,ZAF,2016,10196523
South Africa,ZAF,2017,18862977
South Africa,ZAF,2018,14970914
South Korea,KOR,1993,4682421
South Korea,KOR,1994,4885351
South Korea,KOR,1995,4639785
South Korea,KOR,1996,5133309
South Korea,KOR,1997,5171925
South Korea,KOR,1998,4809526
South Korea,KOR,1999,5042809
South Korea,KOR,2000,5038713
South Korea,KOR,2001,5280065
South Korea,KOR,2002,4763515
South Korea,KOR,2003,4351817
South Korea,KOR,2004,4771277
South Korea,KOR,2005,4578977
South Korea,KOR,2006,4441348
South Korea,KOR,2007,4250158
South Korea,KOR,2008,4598509
South Korea,KOR,2009,4592421
South Korea,KOR,2010,4085700
South Korea,KOR,2011,3955676
South Korea,KOR,2012,3804387
South Korea,KOR,2013,3935098
South Korea,KOR,2014,3975186
South Korea,KOR,2015,4054594
South Korea,KOR,2016,3958153
South Korea,KOR,2017,3727269
South Korea,KOR,2018,3698848
Spain,ESP,1993,17388127
Spain,ESP,1994,15113329
Spain,ESP,1995,11483569
Spain,ESP,1996,22141551
Spain,ESP,1997,19086193
Spain,ESP,1998,22313954
Spain,ESP,1999,17729481
Spain,ESP,2000,24306231
Spain,ESP,2001,17787114
Spain,ESP,2002,21469498
Spain,ESP,2003,21160599
Spain,ESP,2004,24548495
Spain,ESP,2005,13966960
Spain,ESP,2006,18847422
Spain,ESP,2007,24298058
Spain,ESP,2008,23773826
Spain,ESP,2009,17590653
Spain,ESP,2010,19571050
Spain,ESP,2011,21788268
Spain,ESP,2012,17247711
Spain,ESP,2013,25076249
Spain,ESP,2014,20294399
Spain,ESP,2015,19867251
Spain,ESP,2016,23778602
Spain,ESP,2017,16375555
Spain,ESP,2018,24093825
Swaziland,SWZ,1993,85222
Swaziland,SWZ,1994,85568
Swaziland,SWZ,1995,151735
Swaziland,SWZ,1996,120505
Swaziland,SWZ,1997,139045
Swaziland,SWZ,1998,119141
Swaziland,SWZ,1999,125024
Swaziland,SWZ,2000,113814
Swaziland,SWZ,2001,83504
Swaziland,SWZ,2002,68573
Swaziland,SWZ,2003,70262
Swaziland,SWZ,2004,69066
Swaziland,SWZ,2005,75488
Swaziland,SWZ,2006,68070
Swaziland,SWZ,2007,27062
Swaziland,SWZ,2008,60839
Swaziland,SWZ,2009,75916
Swaziland,SWZ,2010,85797
Swaziland,SWZ,2011,76730
Swaziland,SWZ,2012,83484
Swaziland,SWZ,2013,120669
Swaziland,SWZ,2014,88993
Swaziland,SWZ,2015,84964
Swaziland,SWZ,2016,88592
Swaziland,SWZ,2017,91341
Swaziland,SWZ,2018,92649
Switzerland,CHE,1993,1252968
Switzerland,CHE,1994,1213740
Switzerland,CHE,1995,1245612
Switzerland,CHE,1996,1317471
Switzerland,CHE,1997,1194083
Switzerland,CHE,1998,1240975
Switzerland,CHE,1999,1028481
Switzerland,CHE,2000,1169500
Switzerland,CHE,2001,1079600
Switzerland,CHE,2002,1087700
Switzerland,CHE,2003,847200
Switzerland,CHE,2004,1089000
Switzerland,CHE,2005,1056500
Switzerland,CHE,2006,1013200
Switzerland,CHE,2007,1012697
Switzerland,CHE,2008,1002471
Switzerland,CHE,2009,1006184
Switzerland,CHE,2010,924003
Switzerland,CHE,2011,999473
Switzerland,CHE,2012,950518
Switzerland,CHE,2013,867294
Switzerland,CHE,2014,994406
Switzerland,CHE,2015,910072
Switzerland,CHE,2016,743880
Switzerland,CHE,2017,976614
Switzerland,CHE,2018,882055
Syria,SYR,1993,5387269
Syria,SYR,1994,5393295
Syria,SYR,1995,6094093
Syria,SYR,1996,5989735
Syria,SYR,1997,4322487
Syria,SYR,1998,5271231
Syria,SYR,1999,3301339
Syria,SYR,2000,3512791
Syria,SYR,2001,5161232
Syria,SYR,2002,5932429
Syria,SYR,2003,6227315
Syria,SYR,2004,5281248
Syria,SYR,2005,5631256
Syria,SYR,2006,6302288
Syria,SYR,2007,5010856
Syria,SYR,2008,2684688
Syria,SYR,2009,4738674
Syria,SYR,2010,3900866
Syria,SYR,2011,4829179
Syria,SYR,2012,4600764
Syria,SYR,2013,4207811
Syria,SYR,2014,2696860
Syria,SYR,2015,3285573
Syria,SYR,2016,3307265
Syria,SYR,2017,3171048
Syria,SYR,2018,3239880
Taiwan,TWN,1993,2012944
Taiwan,TWN,1994,1882618
Taiwan,TWN,1995,1860536
Taiwan,TWN,1996,1751257
Taiwan,TWN,1997,1758050
Taiwan,TWN,1998,1528762
Taiwan,TWN,1999,1513983
Taiwan,TWN,2000,1477651
Taiwan,TWN,2001,1338882
Taiwan,TWN,2002,1411006
Taiwan,TWN,2003,1286426
Taiwan,TWN,2004,1114606
Taiwan,TWN,2005,1121608
Taiwan,TWN,2006,1173700
Taiwan,TWN,2007,1034286
Taiwan,TWN,2008,1093831
Taiwan,TWN,2009,1188309
Taiwan,TWN,2010,1094131
Taiwan,TWN,2011,1243043
Taiwan,TWN,2012,1250592
Taiwan,TWN,2013,1201450
Taiwan,TWN,2014,1331096
Taiwan,TWN,2015,1231428
Taiwan,TWN,2016,1232292
Taiwan,TWN,2017,1364840
Taiwan,TWN,2018,1485111
Tajikistan,TJK,1993,259176
Tajikistan,TJK,1994,208775
Tajikistan,TJK,1995,235157
Tajikistan,TJK,1996,380477
Tajikistan,TJK,1997,544757
Tajikistan,TJK,1998,477203
Tajikistan,TJK,1999,458578
Tajikistan,TJK,2000,517695
Tajikistan,TJK,2001,464406
Tajikistan,TJK,2002,670842
Tajikistan,TJK,2003,846412
Tajikistan,TJK,2004,843209
Tajikistan,TJK,2005,882131
Tajikistan,TJK,2006,876722
Tajikistan,TJK,2007,889200
Tajikistan,TJK,2008,891522
Tajikistan,TJK,2009,1378750
Tajikistan,TJK,2010,1356967
Tajikistan,TJK,2011,1009199
Tajikistan,TJK,2012,1148019
Tajikistan,TJK,2013,1302813
Tajikistan,TJK,2014,1231347
Tajikistan,TJK,2015,1295471
Tajikistan,TJK,2016,1334952
Tajikistan,TJK,2017,1332960
Tajikistan,TJK,2018,1188721
Tanzania,TZA,1993,3703137
Tanzania,TZA,1994,2748338
Tanzania,TZA,1995,4446962
Tanzania,TZA,1996,4605147
Tanzania,TZA,1997,3181396
Tanzania,TZA,1998,4184024
Tanzania,TZA,1999,3767306
Tanzania,TZA,2000,3362693
Tanzania,TZA,2001,4248326
Tanzania,TZA,2002,6043307
Tanzania,TZA,2003,3744463
Tanzania,TZA,2004,6354154
Tanzania,TZA,2005,5005461
Tanzania,TZA,2006,5343911
Tanzania,TZA,2007,5955245
Tanzania,TZA,2008,7178880
Tanzania,TZA,2009,5362817
Tanzania,TZA,2010,7760708
Tanzania,TZA,2011,7206452
Tanzania,TZA,2012,7520236
Tanzania,TZA,2013,8136336
Tanzania,TZA,2014,9952585
Tanzania,TZA,2015,9030423
Tanzania,TZA,2016,9096030
Tanzania,TZA,2017,9109445
Tanzania,TZA,2018,9299958
Thailand,THA,1993,15874696
Thailand,THA,1994,18317206
Thailand,THA,1995,19081849
Thailand,THA,1996,19707358
Thailand,THA,1997,19765047
Thailand,THA,1998,20155542
Thailand,THA,1999,20611737
Thailand,THA,2000,21923240
Thailand,THA,2001,24132659
Thailand,THA,2002,23375620
Thailand,THA,2003,24358381
Thailand,THA,2004,23788921
Thailand,THA,2005,24756870
Thailand,THA,2006,24138691
Thailand,THA,2007,25851810
Thailand,THA,2008,25905995
Thailand,THA,2009,26538284
Thailand,THA,2010,29000234
Thailand,THA,2011,30705324
Thailand,THA,2012,30688864
Thailand,THA,2013,29730009
Thailand,THA,2014,26899813
Thailand,THA,2015,23573050
Thailand,THA,2016,22054494
Thailand,THA,2017,27130473
Thailand,THA,2018,26844675
Turkey,TUR,1993,31658525
Turkey,TUR,1994,26933800
Turkey,TUR,1995,28085310
Turkey,TUR,1996,29235860
Turkey,TUR,1997,29655600
Turkey,TUR,1998,33071077
Turkey,TUR,1999,28763700
Turkey,TUR,2000,32123544
Turkey,TUR,2001,29443680
Turkey,TUR,2002,30702770
Turkey,TUR,2003,30674724
Turkey,TUR,2004,33982240
Turkey,TUR,2005,36264400
Turkey,TUR,2006,34404877
Turkey,TUR,2007,29034229
Turkey,TUR,2008,29029063
Turkey,TUR,2009,33319877
Turkey,TUR,2010,32478495
Turkey,TUR,2011,34895355
Turkey,TUR,2012,33077825
Turkey,TUR,2013,37175910
Turkey,TUR,2014,32431615
Turkey,TUR,2015,38326078
Turkey,TUR,2016,34970255
Turkey,TUR,2017,35826457
Turkey,TUR,2018,34082608
Turkmenistan,TKM,1993,979563
Turkmenistan,TKM,1994,1089364
Turkmenistan,TKM,1995,1075876
Turkmenistan,TKM,1996,531214
Turkmenistan,TKM,1997,750342
Turkmenistan,TKM,1998,1273838
Turkmenistan,TKM,1999,1555711
Turkmenistan,TKM,2000,1741909
Turkmenistan,TKM,2001,1819013
Turkmenistan,TKM,2002,2434360
Turkmenistan,TKM,2003,2630537
Turkmenistan,TKM,2004,2748370
Turkmenistan,TKM,2005,2995040
Turkmenistan,TKM,2006,3444045
Turkmenistan,TKM,2007,1112203
Turkmenistan,TKM,2008,1021800
Turkmenistan,TKM,2009,1437450
Turkmenistan,TKM,2010,1525040
Turkmenistan,TKM,2011,1195588
Turkmenistan,TKM,2012,1351278
Turkmenistan,TKM,2013,1770044
Turkmenistan,TKM,2014,1366710
Turkmenistan,TKM,2015,1573710
Turkmenistan,TKM,2016,1756710
Turkmenistan,TKM,2017,1163710
Turkmenistan,TKM,2018,1145679
Uganda,UGA,1993,1855358
Uganda,UGA,1994,1910359
Uganda,UGA,1995,2004359
Uganda,UGA,1996,1560694
Uganda,UGA,1997,1598360
Uganda,UGA,1998,2055030
Uganda,UGA,1999,2146365
Uganda,UGA,2000,2075703
Uganda,UGA,2001,2271038
Uganda,UGA,2002,2328040
Uganda,UGA,2003,2464044
Uganda,UGA,2004,2233707
Uganda,UGA,2005,2475051
Uganda,UGA,2006,2505747
Uganda,UGA,2007,2578435
Uganda,UGA,2008,3069826
Uganda,UGA,2009,3136218
Uganda,UGA,2010,3197760
Uganda,UGA,2011,3423174
Uganda,UGA,2012,3475842
Uganda,UGA,2013,3437238
Uganda,UGA,2014,3478565
Uganda,UGA,2015,3362775
Uganda,UGA,2016,3409668
Uganda,UGA,2017,3724003
Uganda,UGA,2018,3669790
Ukraine,UKR,1993,42710154
Ukraine,UKR,1994,32834664
Ukraine,UKR,1995,32333327
Ukraine,UKR,1996,23421735
Ukraine,UKR,1997,34373075
Ukraine,UKR,1998,25677860
Ukraine,UKR,1999,23939290
Ukraine,UKR,2000,23784254
Ukraine,UKR,2001,38863176
Ukraine,UKR,2002,37959598
Ukraine,UKR,2003,27466012
Ukraine,UKR,2004,40969927
Ukraine,UKR,2005,37227031
Ukraine,UKR,2006,33485488
Ukraine,UKR,2007,28909294
Ukraine,UKR,2008,52713801
Ukraine,UKR,2009,45365825
Ukraine,UKR,2010,38636703
Ukraine,UKR,2011,56206686
Ukraine,UKR,2012,45696958
Ukraine,UKR,2013,62639280
Ukraine,UKR,2014,63371617
Ukraine,UKR,2015,59606364
Ukraine,UKR,2016,65196305
Ukraine,UKR,2017,60664443
Ukraine,UKR,2018,69086300
United Arab Emirates,ARE,1993,4492
United Arab Emirates,ARE,1994,4952
United Arab Emirates,ARE,1995,4972
United Arab Emirates,ARE,1996,4701
United Arab Emirates,ARE,1997,4498
United Arab Emirates,ARE,1998,4309
United Arab Emirates,ARE,1999,4047
United Arab Emirates,ARE,2000,4037
United Arab Emirates,ARE,2001,3643
United Arab Emirates,ARE,2002,3134
United Arab Emirates,ARE,2003,2373
United Arab Emirates,ARE,2004,2210
United Arab Emirates,ARE,2005,2157
United Arab Emirates,ARE,2006,2217
United Arab Emirates,ARE,2007,1860
United Arab Emirates,ARE,2008,2378
United Arab Emirates,ARE,2009,3401
United Arab Emirates,ARE,2010,5336
United Arab Emirates,ARE,2011,4590
United Arab Emirates,ARE,2012,3779
United Arab Emirates,ARE,2013,772
United Arab Emirates,ARE,2014,2694
United Arab Emirates,ARE,2015,3809
United Arab Emirates,ARE,2016,6101
United Arab Emirates,ARE,2017,17257
United Arab Emirates,ARE,2018,9056
United Kingdom,GBR,1993,19481622
United Kingdom,GBR,1994,19945396
United Kingdom,GBR,1995,21859745
United Kingdom,GBR,1996,24510178
United Kingdom,GBR,1997,23523248
United Kingdom,GBR,1998,22767929
United Kingdom,GBR,1999,22123808
United Kingdom,GBR,2000,23988441
United Kingdom,GBR,2001,18958946
United Kingdom,GBR,2002,22965900
United Kingdom,GBR,2003,21494212
United Kingdom,GBR,2004,22009971
United Kingdom,GBR,2005,20994000
United Kingdom,GBR,2006,20840385
United Kingdom,GBR,2007,19123516
United Kingdom,GBR,2008,24282470
United Kingdom,GBR,2009,21619013
United Kingdom,GBR,2010,20946145
United Kingdom,GBR,2011,21484952
United Kingdom,GBR,2012,19515045
United Kingdom,GBR,2013,20083467
United Kingdom,GBR,2014,24468841
United Kingdom,GBR,2015,24734564
United Kingdom,GBR,2016,21964131
United Kingdom,GBR,2017,23000066
United Kingdom,GBR,2018,21084346
United States,USA,1993,256747359
United States,USA,1994,352947544
United States,USA,1995,274974952
United States,USA,1996,333188184
United States,USA,1997,333818135
United States,USA,1998,346639803
United States,USA,1999,332252402
United States,USA,2000,339748455
United States,USA,2001,321743062
United States,USA,2002,293956978
United States,USA,2003,345228260
United States,USA,2004,385514023
United States,USA,2005,363070535
United States,USA,2006,335397665
United States,USA,2007,412134283
United States,USA,2008,399322626
United States,USA,2009,415345413
United States,USA,2010,397454335
United States,USA,2011,382751792
United States,USA,2012,353190120
United States,USA,2013,431439282
United States,USA,2014,439492617
United States,USA,2015,428965519
United States,USA,2016,500079639
United States,USA,2017,464155016
United States,USA,2018,464564516
Uruguay,URY,1993,1257380
Uruguay,URY,1994,1295206
Uruguay,URY,1995,1542246
Uruguay,URY,1996,1897466
Uruguay,URY,1997,1716115
Uruguay,URY,1998,1673093
Uruguay,URY,1999,1751634
Uruguay,URY,2000,1446776
Uruguay,URY,2001,1375403
Uruguay,URY,2002,1357538
Uruguay,URY,2003,1404576
Uruguay,URY,2004,1896696
Uruguay,URY,2005,1950817
Uruguay,URY,2006,2060621
Uruguay,URY,2007,2210441
Uruguay,URY,2008,2502053
Uruguay,URY,2009,3331483
Uruguay,URY,2010,3504426
Uruguay,URY,2011,3174372
Uruguay,URY,2012,4128854
Uruguay,URY,2013,3055887
Uruguay,URY,2014,3568812
Uruguay,URY,2015,3185357
Uruguay,URY,2016,3493993
Uruguay,URY,2017,2638927
Uruguay,URY,2018,2933391
Uzbekistan,UZB,1993,2077694
Uzbekistan,UZB,1994,2426943
Uzbekistan,UZB,1995,3273509
Uzbekistan,UZB,1996,3360386
Uzbekistan,UZB,1997,3821239
Uzbekistan,UZB,1998,4203891
Uzbekistan,UZB,1999,4375914
Uzbekistan,UZB,2000,4050191
Uzbekistan,UZB,2001,4232630
Uzbekistan,UZB,2002,5713995
Uzbekistan,UZB,2003,6204484
Uzbekistan,UZB,2004,5936563
Uzbekistan,UZB,2005,6477394
Uzbekistan,UZB,2006,6562536
Uzbekistan,UZB,2007,6687833
Uzbekistan,UZB,2008,6660138
Uzbekistan,UZB,2009,7313465
Uzbekistan,UZB,2010,7390317
Uzbekistan,UZB,2011,7023389
Uzbekistan,UZB,2012,7323133
Uzbekistan,UZB,2013,7591687
Uzbekistan,UZB,2014,7772410
Uzbekistan,UZB,2015,7872229
Uzbekistan,UZB,2016,15105325
Uzbekistan,UZB,2017,13150442
Uzbekistan,UZB,2018,11645040
Venezuela,VEN,1993,1943294
Venezuela,VEN,1994,2026634
Venezuela,VEN,1995,2176153
Venezuela,VEN,1996,1990326
Venezuela,VEN,1997,2149155
Venezuela,VEN,1998,1900188
Venezuela,VEN,1999,1994210
Venezuela,VEN,2000,2723003
Venezuela,VEN,2001,2863340
Venezuela,VEN,2002,2346400
Venezuela,VEN,2003,2890423
Venezuela,VEN,2004,3339584
Venezuela,VEN,2005,3249430
Venezuela,VEN,2006,3670384
Venezuela,VEN,2007,3656788
Venezuela,VEN,2008,3743742
Venezuela,VEN,2009,3345397
Venezuela,VEN,2010,3365288
Venezuela,VEN,2011,3089944
Venezuela,VEN,2012,2963449
Venezuela,VEN,2013,3332998
Venezuela,VEN,2014,3212129
Venezuela,VEN,2015,2027461
Venezuela,VEN,2016,1690207
Venezuela,VEN,2017,1340271
Venezuela,VEN,2018,1685972
Yemen,YEM,1993,833846
Yemen,YEM,1994,802012
Yemen,YEM,1995,810177
Yemen,YEM,1996,659902
Yemen,YEM,1997,646169
Yemen,YEM,1998,832987
Yemen,YEM,1999,693713
Yemen,YEM,2000,672237
Yemen,YEM,2001,700141
Yemen,YEM,2002,559760
Yemen,YEM,2003,417937
Yemen,YEM,2004,490277
Yemen,YEM,2005,562230
Yemen,YEM,2006,809204
Yemen,YEM,2007,1028875
Yemen,YEM,2008,713739
Yemen,YEM,2009,674488
Yemen,YEM,2010,1012945
Yemen,YEM,2011,816555
Yemen,YEM,2012,909741
Yemen,YEM,2013,863334
Yemen,YEM,2014,699962
Yemen,YEM,2015,459246
Yemen,YEM,2016,357068
Yemen,YEM,2017,358355
Yemen,YEM,2018,478317
Zambia,ZMB,1993,1751728
Zambia,ZMB,1994,1185847
Zambia,ZMB,1995,866455
Zambia,ZMB,1996,1568446
Zambia,ZMB,1997,1132975
Zambia,ZMB,1998,795462
Zambia,ZMB,1999,998197
Zambia,ZMB,2000,1203415
Zambia,ZMB,2001,946382
Zambia,ZMB,2002,750471
Zambia,ZMB,2003,1360899
Zambia,ZMB,2004,1374989
Zambia,ZMB,2005,1062713
Zambia,ZMB,2006,1599328
Zambia,ZMB,2007,1531225
Zambia,ZMB,2008,1388247
Zambia,ZMB,2009,2185729
Zambia,ZMB,2010,3083423
Zambia,ZMB,2011,3357227
Zambia,ZMB,2012,3188262
Zambia,ZMB,2013,2885143
Zambia,ZMB,2014,3635513
Zambia,ZMB,2015,2898281
Zambia,ZMB,2016,3103418
Zambia,ZMB,2017,3884411
Zambia,ZMB,2018,2592269
Zimbabwe,ZWE,1993,2566828
Zimbabwe,ZWE,1994,2563006
Zimbabwe,ZWE,1995,1029320
Zimbabwe,ZWE,1996,2520986
Zimbabwe,ZWE,1997,1967602
Zimbabwe,ZWE,1998,1557834
Zimbabwe,ZWE,1999,1986120
Zimbabwe,ZWE,2000,1961782
Zimbabwe,ZWE,2001,1851356
Zimbabwe,ZWE,2002,855084
Zimbabwe,ZWE,2003,1357179
Zimbabwe,ZWE,2004,2873431
Zimbabwe,ZWE,2005,1610381
Zimbabwe,ZWE,2006,2487166
Zimbabwe,ZWE,2007,1856294
Zimbabwe,ZWE,2008,692357
Zimbabwe,ZWE,2009,873553
Zimbabwe,ZWE,2010,1387950
Zimbabwe,ZWE,2011,1172386
Zimbabwe,ZWE,2012,1283865
Zimbabwe,ZWE,2013,1151843
Zimbabwe,ZWE,2014,1210236
Zimbabwe,ZWE,2015,799163
Zimbabwe,ZWE,2016,674817
Zimbabwe,ZWE,2017,894825
Zimbabwe,ZWE,2018,950376
