Country,Code,Year,Rice_Yield_Hg_Per_Ha
Afghanistan,AFG,1993,10950
Afghanistan,AFG,1994,10991
Afghanistan,AFG,1995,11659
Afghanistan,AFG,1996,11624
Afghanistan,AFG,1997,13000
Afghanistan,AFG,1998,13344
Afghanistan,AFG,1999,12488
Afghanistan,AFG,2000,7703
Afghanistan,AFG,2001,9682
Afghanistan,AFG,2002,16121
Afghanistan,AFG,2003,14100
Afghanistan,AFG,2004,12770
Afghanistan,AFG,2005,17371
Afghanistan,AFG,2006,14915
Afghanistan,AFG,2007,18544
Afghanistan,AFG,2008,13803
Afghanistan,AFG,2009,19734
Afghanistan,AFG,2010,19356
Afghanistan,AFG,2011,15806
Afghanistan,AFG,2012,19766
Afghanistan,AFG,2013,19950
Afghanistan,AFG,2014,19640
Afghanistan,AFG,2015,20836
Afghanistan,AFG,2016,19394
Afghanistan,AFG,2017,19785
Afghanistan,AFG,2018,21035
Albania,ALB,1993,26843
Albania,ALB,1994,24609
Albania,ALB,1995,28415
Albania,ALB,1996,24509
Albania,ALB,1997,28333
Albania,ALB,1998,28721
Albania,ALB,1999,27981
Albania,ALB,2000,31751
Albania,ALB,2001,30308
Albania,ALB,2002,32919
Albania,ALB,2003,31857
Albania,ALB,2004,34663
Albania,ALB,2005,34621
Albania,ALB,2006,36026
Albania,ALB,2007,37284
Albania,ALB,2008,40812
Albania,ALB,2009,43153
Albania,ALB,2010,47618
Albania,ALB,2011,47507
Albania,ALB,2012,48838
Albania,ALB,2013,49498
Albania,ALB,2014,48926
Albania,ALB,2015,48738
Albania,ALB,2016,47164
Albania,ALB,2017,48130
Albania,ALB,2018,48405
Algeria,DZA,1993,7415
Algeria,DZA,1994,7491
Algeria,DZA,1995,8293
Algeria,DZA,1996,13377
Algeria,DZA,1997,7797
Algeria,DZA,1998,8462
Algeria,DZA,1999,10699
Algeria,DZA,2000,8831
Algeria,DZA,2001,11068
Algeria,DZA,2002,10585
Algeria,DZA,2003,14702
Algeria,DZA,2004,13440
Algeria,DZA,2005,15007
Algeria,DZA,2006,15036
Algeria,DZA,2007,12534
Algeria,DZA,2008,10339
Algeria,DZA,2009,16539
Algeria,DZA,2010,14742
Algeria,DZA,2011,16433
Algeria,DZA,2012,16775
Algeria,DZA,2013,18131
Algeria,DZA,2014,13691
Algeria,DZA,2015,14001
Algeria,DZA,2016,10203
Algeria,DZA,2017,9903
Algeria,DZA,2018,17587
Angola,AGO,1993,2669
Angola,AGO,1994,2911
Angola,AGO,1995,3929
Angola,AGO,1996,6472
Angola,AGO,1997,5623
Angola,AGO,1998,6978
Angola,AGO,1999,6175
Angola,AGO,2000,5623
Angola,AGO,2001,5837
Angola,AGO,2002,6258
Angola,AGO,2003,6429
Angola,AGO,2004,4888
Angola,AGO,2005,5815
Angola,AGO,2006,4451
Angola,AGO,2007,4633
Angola,AGO,2008,6503
Angola,AGO,2009,5688
Angola,AGO,2010,6262
Angola,AGO,2011,6587
Angola,AGO,2012,5442
Angola,AGO,2013,8083
Angola,AGO,2014,8813
Angola,AGO,2015,9751
Angola,AGO,2016,7734
Angola,AGO,2017,7492
Angola,AGO,2018,7475
Argentina,ARG,1993,30297
Argentina,ARG,1994,27458
Argentina,ARG,1995,28700
Argentina,ARG,1996,26759
Argentina,ARG,1997,29810
Argentina,ARG,1998,37870
Argentina,ARG,1999,32574
Argentina,ARG,2000,34450
Argentina,ARG,2001,33691
Argentina,ARG,2002,32601
Argentina,ARG,2003,32942
Argentina,ARG,2004,36123
Argentina,ARG,2005,40792
Argentina,ARG,2006,36722
Argentina,ARG,2007,42384
Argentina,ARG,2008,40641
Argentina,ARG,2009,32115
Argentina,ARG,2010,47987
Argentina,ARG,2011,45591
Argentina,ARG,2012,41006
Argentina,ARG,2013,47475
Argentina,ARG,2014,47868
Argentina,ARG,2015,47350
Argentina,ARG,2016,51639
Argentina,ARG,2017,53736
Argentina,ARG,2018,46413
Armenia,ARM,1993,16889
Armenia,ARM,1994,14399
Armenia,ARM,1995,18590
Armenia,ARM,1996,18772
Armenia,ARM,1997,13658
Armenia,ARM,1998,17684
Armenia,ARM,1999,17765
Armenia,ARM,2000,13830
Armenia,ARM,2001,18787
Armenia,ARM,2002,22047
Armenia,ARM,2003,15671
Armenia,ARM,2004,22808
Armenia,ARM,2005,19387
Armenia,ARM,2006,13239
Armenia,ARM,2007,25926
Armenia,ARM,2008,24050
Armenia,ARM,2009,22503
Armenia,ARM,2010,20682
Armenia,ARM,2011,27890
Armenia,ARM,2012,26505
Armenia,ARM,2013,30725
Armenia,ARM,2014,31816
Armenia,ARM,2015,31321
Armenia,ARM,2016,30761
Armenia,ARM,2017,19751
Armenia,ARM,2018,26236
Australia,AUS,1993,19560
Australia,AUS,1994,12371
Australia,AUS,1995,18451
Australia,AUS,1996,21105
Australia,AUS,1997,19249
Australia,AUS,1998,19599
Australia,AUS,1999,20834
Australia,AUS,2000,19414
Australia,AUS,2001,19287
Australia,AUS,2002,21749
Australia,AUS,2003,10122
Australia,AUS,2004,21072
Australia,AUS,2005,16890
Australia,AUS,2006,20943
Australia,AUS,2007,9783
Australia,AUS,2008,13324
Australia,AUS,2009,16504
Australia,AUS,2010,16583
Australia,AUS,2011,20849
Australia,AUS,2012,22158
Australia,AUS,2013,19151
Australia,AUS,2014,21228
Australia,AUS,2015,20148
Australia,AUS,2016,20698
Australia,AUS,2017,26599
Australia,AUS,2018,20228
Austria,AUT,1993,50888
Austria,AUT,1994,53917
Austria,AUT,1995,55020
Austria,AUT,1996,53910
Austria,AUT,1997,59009
Austria,AUT,1998,56753
Austria,AUT,1999,59269
Austria,AUT,2000,54039
Austria,AUT,2001,58562
Austria,AUT,2002,58310
Austria,AUT,2003,52554
Austria,AUT,2004,64955
Austria,AUT,2005,61331
Austria,AUT,2006,57218
Austria,AUT,2007,58441
Austria,AUT,2008,68073
Austria,AUT,2009,61495
Austria,AUT,2010,59031
Austria,AUT,2011,70567
Austria,AUT,2012,60029
Austria,AUT,2013,58468
Austria,AUT,2014,70467
Austria,AUT,2015,61981
Austria,AUT,2016,72464
Austria,AUT,2017,62606
Austria,AUT,2018,61600
Azerbaijan,AZE,1993,16174
Azerbaijan,AZE,1994,16222
Azerbaijan,AZE,1995,15049
Azerbaijan,AZE,1996,16041
Azerbaijan,AZE,1997,16639
Azerbaijan,AZE,1998,15744
Azerbaijan,AZE,1999,20697
Azerbaijan,AZE,2000,23236
Azerbaijan,AZE,2001,25926
Azerbaijan,AZE,2002,26164
Azerbaijan,AZE,2003,25973
Azerbaijan,AZE,2004,25845
Azerbaijan,AZE,2005,25896
Azerbaijan,AZE,2006,25972
Azerbaijan,AZE,2007,26657
Azerbaijan,AZE,2008,27400
Azerbaijan,AZE,2009,26054
Azerbaijan,AZE,2010,20193
Azerbaijan,AZE,2011,24831
Azerbaijan,AZE,2012,26585
Azerbaijan,AZE,2013,26908
Azerbaijan,AZE,2014,23427
Azerbaijan,AZE,2015,30825
Azerbaijan,AZE,2016,30032
Azerbaijan,AZE,2017,29367
Azerbaijan,AZE,2018,30100
Bangladesh,BGD,1993,18051
Bangladesh,BGD,1994,16890
Bangladesh,BGD,1995,17703
Bangladesh,BGD,1996,18406
Bangladesh,BGD,1997,18350
Bangladesh,BGD,1998,19676
Bangladesh,BGD,1999,21349
Bangladesh,BGD,2000,23109
Bangladesh,BGD,2001,22595
Bangladesh,BGD,2002,23147
Bangladesh,BGD,2003,23686
Bangladesh,BGD,2004,23403
Bangladesh,BGD,2005,24959
Bangladesh,BGD,2006,25467
Bangladesh,BGD,2007,27315
Bangladesh,BGD,2008,27979
Bangladesh,BGD,2009,28299
Bangladesh,BGD,2010,29099
Bangladesh,BGD,2011,29584
Bangladesh,BGD,2012,29959
Bangladesh,BGD,2013,30852
Bangladesh,BGD,2014,31228
Bangladesh,BGD,2015,31413
Bangladesh,BGD,2016,31764
Bangladesh,BGD,2017,32554
Bangladesh,BGD,2018,33108
Belarus,BLR,1993,27911
Belarus,BLR,1994,22683
Belarus,BLR,1995,20632
Belarus,BLR,1996,21910
Belarus,BLR,1997,24057
Belarus,BLR,1998,18899
Belarus,BLR,1999,15015
Belarus,BLR,2000,19497
Belarus,BLR,2001,20007
Belarus,BLR,2002,24778
Belarus,BLR,2003,24330
Belarus,BLR,2004,29861
Belarus,BLR,2005,28485
Belarus,BLR,2006,25505
Belarus,BLR,2007,28809
Belarus,BLR,2008,35497
Belarus,BLR,2009,33679
Belarus,BLR,2010,28083
Belarus,BLR,2011,32414
Belarus,BLR,2012,34791
Belarus,BLR,2013,30078
Belarus,BLR,2014,37205
Belarus,BLR,2015,36902
Belarus,BLR,2016,32073
Belarus,BLR,2017,33587
Belarus,BLR,2018,27248
Bhutan,BTN,1993,10259
Bhutan,BTN,1994,11356
Bhutan,BTN,1995,12137
Bhutan,BTN,1996,13186
Bhutan,BTN,1997,13924
Bhutan,BTN,1998,14109
Bhutan,BTN,1999,13509
Bhutan,BTN,2000,12390
Bhutan,BTN,2001,12815
Bhutan,BTN,2002,13380
Bhutan,BTN,2003,15396
Bhutan,BTN,2004,26433
Bhutan,BTN,2005,20605
Bhutan,BTN,2006,19121
Bhutan,BTN,2007,17395
Bhutan,BTN,2008,23159
Bhutan,BTN,2009,18277
Bhutan,BTN,2010,20618
Bhutan,BTN,2011,24032
Bhutan,BTN,2012,24884
Bhutan,BTN,2013,24588
Bhutan,BTN,2014,26510
Bhutan,BTN,2015,29474
Bhutan,BTN,2016,28453
Bhutan,BTN,2017,28571
Bhutan,BTN,2018,29404
Bolivia,BOL,1993,14347
Bolivia,BOL,1994,13039
Bolivia,BOL,1995,14349
Bolivia,BOL,1996,14515
Bolivia,BOL,1997,12631
Bolivia,BOL,1998,13674
Bolivia,BOL,1999,12638
Bolivia,BOL,2000,15105
Bolivia,BOL,2001,16358
Bolivia,BOL,2002,15999
Bolivia,BOL,2003,17741
Bolivia,BOL,2004,14765
Bolivia,BOL,2005,17417
Bolivia,BOL,2006,19327
Bolivia,BOL,2007,16440
Bolivia,BOL,2008,19059
Bolivia,BOL,2009,22111
Bolivia,BOL,2010,21109
Bolivia,BOL,2011,18986
Bolivia,BOL,2012,19561
Bolivia,BOL,2013,16167
Bolivia,BOL,2014,18293
Bolivia,BOL,2015,21437
Bolivia,BOL,2016,20037
Bolivia,BOL,2017,17166
Bolivia,BOL,2018,22049
Bosnia and Herzegovina,BIH,1993,35040
Bosnia and Herzegovina,BIH,1994,36060
Bosnia and Herzegovina,BIH,1995,35863
Bosnia and Herzegovina,BIH,1996,35368
Bosnia and Herzegovina,BIH,1997,35237
Bosnia and Herzegovina,BIH,1998,34812
Bosnia and Herzegovina,BIH,1999,37564
Bosnia and Herzegovina,BIH,2000,25502
Bosnia and Herzegovina,BIH,2001,32017
Bosnia and Herzegovina,BIH,2002,38282
Bosnia and Herzegovina,BIH,2003,25216
Bosnia and Herzegovina,BIH,2004,44335
Bosnia and Herzegovina,BIH,2005,42533
Bosnia and Herzegovina,BIH,2006,42908
Bosnia and Herzegovina,BIH,2007,32232
Bosnia and Herzegovina,BIH,2008,44271
Bosnia and Herzegovina,BIH,2009,45031
Bosnia and Herzegovina,BIH,2010,38530
Bosnia and Herzegovina,BIH,2011,37249
Bosnia and Herzegovina,BIH,2012,30006
Bosnia and Herzegovina,BIH,2013,40269
Bosnia and Herzegovina,BIH,2014,39774
Bosnia and Herzegovina,BIH,2015,38121
Bosnia and Herzegovina,BIH,2016,51917
Bosnia and Herzegovina,BIH,2017,37321
Bosnia and Herzegovina,BIH,2018,54879
Botswana,BWA,1993,4243
Botswana,BWA,1994,2238
Botswana,BWA,1995,4584
Botswana,BWA,1996,3234
Botswana,BWA,1997,2768
Botswana,BWA,1998,2467
Botswana,BWA,1999,2285
Botswana,BWA,2000,1526
Botswana,BWA,2001,5544
Botswana,BWA,2002,3573
Botswana,BWA,2003,12145
Botswana,BWA,2004,2743
Botswana,BWA,2005,4386
Botswana,BWA,2006,3724
Botswana,BWA,2007,6392
Botswana,BWA,2008,3608
Botswana,BWA,2009,3636
Botswana,BWA,2010,3716
Botswana,BWA,2011,4523
Botswana,BWA,2012,3672
Botswana,BWA,2013,2176
Botswana,BWA,2014,3052
Botswana,BWA,2015,9405
Botswana,BWA,2016,3998
Botswana,BWA,2017,3207
Botswana,BWA,2018,3774
Brazil,BRA,1993,21706
Brazil,BRA,1994,21100
Brazil,BRA,1995,23239
Brazil,BRA,1996,22578
Brazil,BRA,1997,23655
Brazil,BRA,1998,24177
Brazil,BRA,1999,25083
Brazil,BRA,2000,24327
Brazil,BRA,2001,29608
Brazil,BRA,2002,26503
Brazil,BRA,2003,32127
Brazil,BRA,2004,29153
Brazil,BRA,2005,26551
Brazil,BRA,2006,30022
Brazil,BRA,2007,33647
Brazil,BRA,2008,36383
Brazil,BRA,2009,33222
Brazil,BRA,2010,38395
Brazil,BRA,2011,38040
Brazil,BRA,2012,43884
Brazil,BRA,2013,46387
Brazil,BRA,2014,44549
Brazil,BRA,2015,48072
Brazil,BRA,2016,40058
Brazil,BRA,2017,50262
Brazil,BRA,2018,46234
Bulgaria,BGR,1993,25111
Bulgaria,BGR,1994,27985
Bulgaria,BGR,1995,30687
Bulgaria,BGR,1996,19069
Bulgaria,BGR,1997,30096
Bulgaria,BGR,1998,26830
Bulgaria,BGR,1999,29455
Bulgaria,BGR,2000,24568
Bulgaria,BGR,2001,28955
Bulgaria,BGR,2002,31535
Bulgaria,BGR,2003,23664
Bulgaria,BGR,2004,40727
Bulgaria,BGR,2005,33831
Bulgaria,BGR,2006,35682
Bulgaria,BGR,2007,25171
Bulgaria,BGR,2008,40868
Bulgaria,BGR,2009,34051
Bulgaria,BGR,2010,40202
Bulgaria,BGR,2011,42400
Bulgaria,BGR,2012,36622
Bulgaria,BGR,2013,45517
Bulgaria,BGR,2014,48515
Bulgaria,BGR,2015,46573
Bulgaria,BGR,2016,48059
Bulgaria,BGR,2017,54684
Bulgaria,BGR,2018,54522
Burundi,BDI,1993,13319
Burundi,BDI,1994,12026
Burundi,BDI,1995,12877
Burundi,BDI,1996,13155
Burundi,BDI,1997,13320
Burundi,BDI,1998,12090
Burundi,BDI,1999,12128
Burundi,BDI,2000,11452
Burundi,BDI,2001,11917
Burundi,BDI,2002,12155
Burundi,BDI,2003,11914
Burundi,BDI,2004,12299
Burundi,BDI,2005,12418
Burundi,BDI,2006,11792
Burundi,BDI,2007,11998
Burundi,BDI,2008,11795
Burundi,BDI,2009,11869
Burundi,BDI,2010,11263
Burundi,BDI,2011,10496
Burundi,BDI,2012,10142
Burundi,BDI,2013,11145
Burundi,BDI,2014,12064
Burundi,BDI,2015,11433
Burundi,BDI,2016,13288
Burundi,BDI,2017,9910
Burundi,BDI,2018,11940
Cameroon,CMR,1993,9499
Cameroon,CMR,1994,9566
Cameroon,CMR,1995,11604
Cameroon,CMR,1996,13315
Cameroon,CMR,1997,13866
Cameroon,CMR,1998,13955
Cameroon,CMR,1999,18574
Cameroon,CMR,2000,17352
Cameroon,CMR,2001,16829
Cameroon,CMR,2002,16661
Cameroon,CMR,2003,16039
Cameroon,CMR,2004,15478
Cameroon,CMR,2005,16523
Cameroon,CMR,2006,16829
Cameroon,CMR,2007,16602
Cameroon,CMR,2008,16622
Cameroon,CMR,2009,16955
Cameroon,CMR,2010,16208
Cameroon,CMR,2011,16768
Cameroon,CMR,2012,15617
Cameroon,CMR,2013,16425
Cameroon,CMR,2014,16051
Cameroon,CMR,2015,15839
Cameroon,CMR,2016,16011
Cameroon,CMR,2017,16334
Cameroon,CMR,2018,16025
Canada,CAN,1993,26470
Canada,CAN,1994,25945
Canada,CAN,1995,26998
Canada,CAN,1996,28442
Canada,CAN,1997,25846
Canada,CAN,1998,27826
Canada,CAN,1999,30878
Canada,CAN,2000,28057
Canada,CAN,2001,24468
Canada,CAN,2002,23754
Canada,CAN,2003,27588
Canada,CAN,2004,31419
Canada,CAN,2005,32159
Canada,CAN,2006,30463
Canada,CAN,2007,29734
Canada,CAN,2008,33917
Canada,CAN,2009,32995
Canada,CAN,2010,35096
Canada,CAN,2011,35708
Canada,CAN,2012,34587
Canada,CAN,2013,41629
Canada,CAN,2014,36540
Canada,CAN,2015,36802
Canada,CAN,2016,42692
Canada,CAN,2017,40763
Canada,CAN,2018,38787
Chad,TCD,1993,4947
Chad,TCD,1994,7273
Chad,TCD,1995,5649
Chad,TCD,1996,5790
Chad,TCD,1997,5599
Chad,TCD,1998,6675
Chad,TCD,1999,6444
Chad,TCD,2000,5136
Chad,TCD,2001,6167
Chad,TCD,2002,6460
Chad,TCD,2003,8058
Chad,TCD,2004,6544
Chad,TCD,2005,7299
Chad,TCD,2006,7525
Chad,TCD,2007,7849
Chad,TCD,2008,7519
Chad,TCD,2009,5818
Chad,TCD,2010,7483
Chad,TCD,2011,6101
Chad,TCD,2012,9163
Chad,TCD,2013,7833
Chad,TCD,2014,8242
Chad,TCD,2015,7754
Chad,TCD,2016,8195
Chad,TCD,2017,7985
Chad,TCD,2018,8674
Chile,CHL,1993,41762
Chile,CHL,1994,44133
Chile,CHL,1995,43939
Chile,CHL,1996,41801
Chile,CHL,1997,44648
Chile,CHL,1998,49953
Chile,CHL,1999,40231
Chile,CHL,2000,42864
Chile,CHL,2001,48601
Chile,CHL,2002,51109
Chile,CHL,2003,53216
Chile,CHL,2004,56013
Chile,CHL,2005,57545
Chile,CHL,2006,59085
Chile,CHL,2007,56704
Chile,CHL,2008,57728
Chile,CHL,2009,53882
Chile,CHL,2010,67555
Chile,CHL,2011,68517
Chile,CHL,2012,61399
Chile,CHL,2013,68383
Chile,CHL,2014,60493
Chile,CHL,2015,69805
Chile,CHL,2016,67556
Chile,CHL,2017,66979
Chile,CHL,2018,70199
China,CHN,1993,38975
China,CHN,1994,38358
China,CHN,1995,39690
China,CHN,1996,41863
China,CHN,1997,40874
China,CHN,1998,42322
China,CHN,1999,42218
China,CHN,2000,40183
China,CHN,2001,40825
China,CHN,2002,41557
China,CHN,2003,41762
China,CHN,2004,44347
China,CHN,2005,44878
China,CHN,2006,45991
China,CHN,2007,45947
China,CHN,2008,48050
China,CHN,2009,47113
China,CHN,2010,47973
China,CHN,2011,49701
China,CHN,2012,50887
China,CHN,2013,51676
China,CHN,2014,51626
China,CHN,2015,52229
China,CHN,2016,52942
China,CHN,2017,53342
China,CHN,2018,53732
Colombia,COL,1993,21288
Colombia,COL,1994,21251
Colombia,COL,1995,21973
Colombia,COL,1996,22166
Colombia,COL,1997,23543
Colombia,COL,1998,23918
Colombia,COL,1999,24754
Colombia,COL,2000,25650
Colombia,COL,2001,25002
Colombia,COL,2002,27029
Colombia,COL,2003,29373
Colombia,COL,2004,29092
Colombia,COL,2005,29856
Colombia,COL,2006,27582
Colombia,COL,2007,29622
Colombia,COL,2008,29791
Colombia,COL,2009,28933
Colombia,COL,2010,27669
Colombia,COL,2011,27562
Colombia,COL,2012,30280
Colombia,COL,2013,26951
Colombia,COL,2014,33598
Colombia,COL,2015,34024
Colombia,COL,2016,33374
Colombia,COL,2017,35804
Colombia,COL,2018,34799
Croatia,HRV,1993,42557
Croatia,HRV,1994,41369
Croatia,HRV,1995,43657
Croatia,HRV,1996,45078
Croatia,HRV,1997,50079
Croatia,HRV,1998,46690
Croatia,HRV,1999,46042
Croatia,HRV,2000,41148
Croatia,HRV,2001,48403
Croatia,HRV,2002,53162
Croatia,HRV,2003,36010
Croatia,HRV,2004,54089
Croatia,HRV,2005,55928
Croatia,HRV,2006,54202
Croatia,HRV,2007,45581
Croatia,HRV,2008,66391
Croatia,HRV,2009,61098
Croatia,HRV,2010,54560
Croatia,HRV,2011,52200
Croatia,HRV,2012,45736
Croatia,HRV,2013,54449
Croatia,HRV,2014,60277
Croatia,HRV,2015,56950
Croatia,HRV,2016,66655
Croatia,HRV,2017,57048
Croatia,HRV,2018,69753
Czech Republic,CZE,1993,40195
Czech Republic,CZE,1994,40917
Czech Republic,CZE,1995,41793
Czech Republic,CZE,1996,41927
Czech Republic,CZE,1997,41327
Czech Republic,CZE,1998,39681
Czech Republic,CZE,1999,43466
Czech Republic,CZE,2000,39060
Czech Republic,CZE,2001,45086
Czech Republic,CZE,2002,43240
Czech Republic,CZE,2003,39408
Czech Republic,CZE,2004,54436
Czech Republic,CZE,2005,47416
Czech Republic,CZE,2006,41590
Czech Republic,CZE,2007,45220
Czech Republic,CZE,2008,53628
Czech Republic,CZE,2009,50739
Czech Republic,CZE,2010,46958
Czech Republic,CZE,2011,55926
Czech Republic,CZE,2012,45295
Czech Republic,CZE,2013,53093
Czech Republic,CZE,2014,62198
Czech Republic,CZE,2015,58806
Czech Republic,CZE,2016,63170
Czech Republic,CZE,2017,54975
Czech Republic,CZE,2018,52004
Democratic Republic of Congo,COD,1993,7202
Democratic Republic of Congo,COD,1994,7256
Democratic Republic of Congo,COD,1995,7027
Democratic Republic of Congo,COD,1996,7227
Democratic Republic of Congo,COD,1997,7456
Democratic Republic of Congo,COD,1998,7506
Democratic Republic of Congo,COD,1999,7297
Democratic Republic of Congo,COD,2000,7304
Democratic Republic of Congo,COD,2001,7313
Democratic Republic of Congo,COD,2002,7188
Democratic Republic of Congo,COD,2003,7184
Democratic Republic of Congo,COD,2004,7185
Democratic Republic of Congo,COD,2005,7184
Democratic Republic of Congo,COD,2006,7184
Democratic Republic of Congo,COD,2007,7184
Democratic Republic of Congo,COD,2008,7183
Democratic Republic of Congo,COD,2009,7183
Democratic Republic of Congo,COD,2010,7182
Democratic Republic of Congo,COD,2011,7178
Democratic Republic of Congo,COD,2012,7088
Democratic Republic of Congo,COD,2013,6990
Democratic Republic of Congo,COD,2014,6844
Democratic Republic of Congo,COD,2015,6848
Democratic Republic of Congo,COD,2016,6896
Democratic Republic of Congo,COD,2017,6861
Democratic Republic of Congo,COD,2018,6879
Ecuador,ECU,1993,15262
Ecuador,ECU,1994,15980
Ecuador,ECU,1995,15358
Ecuador,ECU,1996,15710
Ecuador,ECU,1997,15890
Ecuador,ECU,1998,14977
Ecuador,ECU,1999,16294
Ecuador,ECU,2000,17982
Ecuador,ECU,2001,14163
Ecuador,ECU,2002,18700
Ecuador,ECU,2003,20300
Ecuador,ECU,2004,22584
Ecuador,ECU,2005,22374
Ecuador,ECU,2006,22091
Ecuador,ECU,2007,24782
Ecuador,ECU,2008,23543
Ecuador,ECU,2009,23257
Ecuador,ECU,2010,24602
Ecuador,ECU,2011,20903
Ecuador,ECU,2012,26789
Ecuador,ECU,2013,23744
Ecuador,ECU,2014,30015
Ecuador,ECU,2015,36543
Ecuador,ECU,2016,30659
Ecuador,ECU,2017,29354
Ecuador,ECU,2018,32832
Egypt,EGY,1993,54400
Egypt,EGY,1994,52652
Egypt,EGY,1995,53189
Egypt,EGY,1996,58586
Egypt,EGY,1997,59384
Egypt,EGY,1998,62337
Egypt,EGY,1999,64510
Egypt,EGY,2000,65566
Egypt,EGY,2001,64337
Egypt,EGY,2002,66960
Egypt,EGY,2003,67681
Egypt,EGY,2004,67886
Egypt,EGY,2005,68513
Egypt,EGY,2006,67510
Egypt,EGY,2007,66320
Egypt,EGY,2008,66941
Egypt,EGY,2009,65801
Egypt,EGY,2010,60226
Egypt,EGY,2011,66243
Egypt,EGY,2012,66666
Egypt,EGY,2013,67097
Egypt,EGY,2014,65320
Egypt,EGY,2015,66238
Egypt,EGY,2016,67010
Egypt,EGY,2017,68677
Egypt,EGY,2018,66195
Eritrea,ERI,1993,2566
Eritrea,ERI,1994,7670
Eritrea,ERI,1995,4160
Eritrea,ERI,1996,2649
Eritrea,ERI,1997,2655
Eritrea,ERI,1998,9597
Eritrea,ERI,1999,7466
Eritrea,ERI,2000,3772
Eritrea,ERI,2001,6371
Eritrea,ERI,2002,1582
Eritrea,ERI,2003,2610
Eritrea,ERI,2004,2753
Eritrea,ERI,2005,7582
Eritrea,ERI,2006,7985
Eritrea,ERI,2007,9385
Eritrea,ERI,2008,2522
Eritrea,ERI,2009,5001
Eritrea,ERI,2010,5117
Eritrea,ERI,2011,6491
Eritrea,ERI,2012,6894
Eritrea,ERI,2013,6698
Eritrea,ERI,2014,6661
Eritrea,ERI,2015,6420
Eritrea,ERI,2016,6428
Eritrea,ERI,2017,6445
Eritrea,ERI,2018,6524
Ethiopia,ETH,1993,13121
Ethiopia,ETH,1994,9738
Ethiopia,ETH,1995,10330
Ethiopia,ETH,1996,12132
Ethiopia,ETH,1997,12633
Ethiopia,ETH,1998,11402
Ethiopia,ETH,1999,11240
Ethiopia,ETH,2000,11156
Ethiopia,ETH,2001,11973
Ethiopia,ETH,2002,13529
Ethiopia,ETH,2003,11228
Ethiopia,ETH,2004,11621
Ethiopia,ETH,2005,13610
Ethiopia,ETH,2006,15629
Ethiopia,ETH,2007,14386
Ethiopia,ETH,2008,14437
Ethiopia,ETH,2009,16787
Ethiopia,ETH,2010,18297
Ethiopia,ETH,2011,19585
Ethiopia,ETH,2012,20426
Ethiopia,ETH,2013,21899
Ethiopia,ETH,2014,23211
Ethiopia,ETH,2015,25514
Ethiopia,ETH,2016,24795
Ethiopia,ETH,2017,25083
Ethiopia,ETH,2018,23899
France,FRA,1993,65075
France,FRA,1994,65374
France,FRA,1995,64513
France,FRA,1996,70778
France,FRA,1997,68857
France,FRA,1998,74112
France,FRA,1999,72563
France,FRA,2000,72272
France,FRA,2001,67254
France,FRA,2002,74492
France,FRA,2003,61213
France,FRA,2004,75146
France,FRA,2005,69617
France,FRA,2006,67970
France,FRA,2007,65170
France,FRA,2008,72490
France,FRA,2009,74076
France,FRA,2010,70644
France,FRA,2011,69146
France,FRA,2012,72501
France,FRA,2013,70820
France,FRA,2014,75531
France,FRA,2015,75672
France,FRA,2016,56654
France,FRA,2017,73034
France,FRA,2018,68819
Georgia,GEO,1993,17680
Georgia,GEO,1994,20156
Georgia,GEO,1995,21509
Georgia,GEO,1996,24929
Georgia,GEO,1997,22035
Georgia,GEO,1998,15928
Georgia,GEO,1999,21102
Georgia,GEO,2000,13690
Georgia,GEO,2001,20122
Georgia,GEO,2002,18601
Georgia,GEO,2003,21369
Georgia,GEO,2004,20034
Georgia,GEO,2005,20116
Georgia,GEO,2006,15838
Georgia,GEO,2007,21145
Georgia,GEO,2008,20904
Georgia,GEO,2009,19078
Georgia,GEO,2010,12714
Georgia,GEO,2011,22013
Georgia,GEO,2012,21864
Georgia,GEO,2013,22006
Georgia,GEO,2014,20328
Georgia,GEO,2015,19593
Georgia,GEO,2016,25176
Georgia,GEO,2017,19801
Georgia,GEO,2018,25364
Germany,DEU,1993,57117
Germany,DEU,1994,58262
Germany,DEU,1995,61078
Germany,DEU,1996,62820
Germany,DEU,1997,64849
Germany,DEU,1998,63302
Germany,DEU,1999,66999
Germany,DEU,2000,64529
Germany,DEU,2001,70552
Germany,DEU,2002,62515
Germany,DEU,2003,57645
Germany,DEU,2004,73553
Germany,DEU,2005,67232
Germany,DEU,2006,64866
Germany,DEU,2007,61829
Germany,DEU,2008,71188
Germany,DEU,2009,72014
Germany,DEU,2010,66852
Germany,DEU,2011,64583
Germany,DEU,2012,69649
Germany,DEU,2013,73180
Germany,DEU,2014,80503
Germany,DEU,2015,74978
Germany,DEU,2016,71821
Germany,DEU,2017,72699
Germany,DEU,2018,62199
Greece,GRC,1993,35168
Greece,GRC,1994,38398
Greece,GRC,1995,36971
Greece,GRC,1996,36542
Greece,GRC,1997,37436
Greece,GRC,1998,35321
Greece,GRC,1999,36033
Greece,GRC,2000,38322
Greece,GRC,2001,38087
Greece,GRC,2002,37044
Greece,GRC,2003,36511
Greece,GRC,2004,39730
Greece,GRC,2005,40060
Greece,GRC,2006,38690
Greece,GRC,2007,38745
Greece,GRC,2008,44657
Greece,GRC,2009,42079
Greece,GRC,2010,40053
Greece,GRC,2011,42697
Greece,GRC,2012,41390
Greece,GRC,2013,43225
Greece,GRC,2014,42097
Greece,GRC,2015,41288
Greece,GRC,2016,41250
Greece,GRC,2017,42175
Greece,GRC,2018,37058
Guatemala,GTM,1993,17937
Guatemala,GTM,1994,18757
Guatemala,GTM,1995,18953
Guatemala,GTM,1996,17745
Guatemala,GTM,1997,14805
Guatemala,GTM,1998,16674
Guatemala,GTM,1999,17165
Guatemala,GTM,2000,17533
Guatemala,GTM,2001,20237
Guatemala,GTM,2002,20073
Guatemala,GTM,2003,20434
Guatemala,GTM,2004,21056
Guatemala,GTM,2005,22986
Guatemala,GTM,2006,25021
Guatemala,GTM,2007,22958
Guatemala,GTM,2008,20017
Guatemala,GTM,2009,19722
Guatemala,GTM,2010,19851
Guatemala,GTM,2011,19889
Guatemala,GTM,2012,20250
Guatemala,GTM,2013,20704
Guatemala,GTM,2014,20800
Guatemala,GTM,2015,21038
Guatemala,GTM,2016,21401
Guatemala,GTM,2017,21421
Guatemala,GTM,2018,21490
Honduras,HND,1993,13091
Honduras,HND,1994,12871
Honduras,HND,1995,15173
Honduras,HND,1996,15521
Honduras,HND,1997,15353
Honduras,HND,1998,10729
Honduras,HND,1999,11615
Honduras,HND,2000,13626
Honduras,HND,2001,14382
Honduras,HND,2002,13350
Honduras,HND,2003,15106
Honduras,HND,2004,13685
Honduras,HND,2005,14874
Honduras,HND,2006,15002
Honduras,HND,2007,16479
Honduras,HND,2008,16385
Honduras,HND,2009,16904
Honduras,HND,2010,16235
Honduras,HND,2011,16674
Honduras,HND,2012,15995
Honduras,HND,2013,16279
Honduras,HND,2014,17930
Honduras,HND,2015,17618
Honduras,HND,2016,18300
Honduras,HND,2017,17790
Honduras,HND,2018,17904
Hungary,HUN,1993,30837
Hungary,HUN,1994,39671
Hungary,HUN,1995,40625
Hungary,HUN,1996,39988
Hungary,HUN,1997,47849
Hungary,HUN,1998,45533
Hungary,HUN,1999,47052
Hungary,HUN,2000,36313
Hungary,HUN,2001,48841
Hungary,HUN,2002,39621
Hungary,HUN,2003,30376
Hungary,HUN,2004,55889
Hungary,HUN,2005,55255
Hungary,HUN,2006,50964
Hungary,HUN,2007,34909
Hungary,HUN,2008,57991
Hungary,HUN,2009,47139
Hungary,HUN,2010,47183
Hungary,HUN,2011,51040
Hungary,HUN,2012,37597
Hungary,HUN,2013,48304
Hungary,HUN,2014,58961
Hungary,HUN,2015,52422
Hungary,HUN,2016,64852
Hungary,HUN,2017,58338
Hungary,HUN,2018,62605
India,IND,1993,16842
India,IND,1994,17079
India,IND,1995,17252
India,IND,1996,17743
India,IND,1997,18174
India,IND,1998,18225
India,IND,1999,18750
India,IND,2000,18797
India,IND,2001,19585
India,IND,2002,18076
India,IND,2003,19510
India,IND,2004,19255
India,IND,2005,19508
India,IND,2006,19796
India,IND,2007,21059
India,IND,2008,21505
India,IND,2009,21159
India,IND,2010,21973
India,IND,2011,23382
India,IND,2012,24325
India,IND,2013,24360
India,IND,2014,24369
India,IND,2015,23329
India,IND,2016,24575
India,IND,2017,25968
India,IND,2018,26615
Iran,IRN,1993,16932
Iran,IRN,1994,17355
Iran,IRN,1995,18240
Iran,IRN,1996,17466
Iran,IRN,1997,17653
Iran,IRN,1998,20558
Iran,IRN,1999,19368
Iran,IRN,2000,17415
Iran,IRN,2001,18469
Iran,IRN,2002,21629
Iran,IRN,2003,22724
Iran,IRN,2004,23240
Iran,IRN,2005,22055
Iran,IRN,2006,22992
Iran,IRN,2007,23639
Iran,IRN,2008,16238
Iran,IRN,2009,19180
Iran,IRN,2010,20816
Iran,IRN,2011,16418
Iran,IRN,2012,16585
Iran,IRN,2013,17553
Iran,IRN,2014,19601
Iran,IRN,2015,21353
Iran,IRN,2016,25384
Iran,IRN,2017,21732
Iran,IRN,2018,22251
Iraq,IRQ,1993,6912
Iraq,IRQ,1994,7567
Iraq,IRQ,1995,7681
Iraq,IRQ,1996,8727
Iraq,IRQ,1997,7706
Iraq,IRQ,1998,8293
Iraq,IRQ,1999,5680
Iraq,IRQ,2000,3552
Iraq,IRQ,2001,6765
Iraq,IRQ,2002,12801
Iraq,IRQ,2003,11995
Iraq,IRQ,2004,11617
Iraq,IRQ,2005,9218
Iraq,IRQ,2006,12867
Iraq,IRQ,2007,12207
Iraq,IRQ,2008,13514
Iraq,IRQ,2009,17359
Iraq,IRQ,2010,16769
Iraq,IRQ,2011,17655
Iraq,IRQ,2012,22606
Iraq,IRQ,2013,21635
Iraq,IRQ,2014,20091
Iraq,IRQ,2015,26653
Iraq,IRQ,2016,30372
Iraq,IRQ,2017,26854
Iraq,IRQ,2018,25193
Israel,ISR,1993,30149
Israel,ISR,1994,18856
Israel,ISR,1995,31337
Israel,ISR,1996,27970
Israel,ISR,1997,19692
Israel,ISR,1998,24701
Israel,ISR,1999,16684
Israel,ISR,2000,24433
Israel,ISR,2001,24548
Israel,ISR,2002,26895
Israel,ISR,2003,33065
Israel,ISR,2004,30667
Israel,ISR,2005,29519
Israel,ISR,2006,23985
Israel,ISR,2007,27521
Israel,ISR,2008,24388
Israel,ISR,2009,31741
Israel,ISR,2010,30376
Israel,ISR,2011,36693
Israel,ISR,2012,42995
Israel,ISR,2013,41771
Israel,ISR,2014,45344
Israel,ISR,2015,45269
Israel,ISR,2016,49725
Israel,ISR,2017,35693
Israel,ISR,2018,30354
Italy,ITA,1993,47443
Italy,ITA,1994,45649
Italy,ITA,1995,45631
Italy,ITA,1996,48360
Italy,ITA,1997,46331
Italy,ITA,1998,49645
Italy,ITA,1999,49335
Italy,ITA,2000,48950
Italy,ITA,2001,47189
Italy,ITA,2002,48526
Italy,ITA,2003,41946
Italy,ITA,2004,53258
Italy,ITA,2005,52436
Italy,ITA,2006,51917
Italy,ITA,2007,50436
Italy,ITA,2008,52385
Italy,ITA,2009,49319
Italy,ITA,2010,51772
Italy,ITA,2011,55329
Italy,ITA,2012,51626
Italy,ITA,2013,51266
Italy,ITA,2014,55815
Italy,ITA,2015,52478
Italy,ITA,2016,54366
Italy,ITA,2017,50053
Italy,ITA,2018,51024
Japan,JPN,1993,30841
Japan,JPN,1994,44116
Japan,JPN,1995,41013
Japan,JPN,1996,42157
Japan,JPN,1997,41625
Japan,JPN,1998,39938
Japan,JPN,1999,41336
Japan,JPN,2000,43251
Japan,JPN,2001,42285
Japan,JPN,2002,42376
Japan,JPN,2003,38176
Japan,JPN,2004,41420
Japan,JPN,2005,42846
Japan,JPN,2006,40773
Japan,JPN,2007,42334
Japan,JPN,2008,43697
Japan,JPN,2009,40978
Japan,JPN,2010,40351
Japan,JPN,2011,41764
Japan,JPN,2012,42789
Japan,JPN,2013,42498
Japan,JPN,2014,42397
Japan,JPN,2015,42831
Japan,JPN,2016,42389
Japan,JPN,2017,42426
Japan,JPN,2018,41264
Jordan,JOR,1993,14418
Jordan,JOR,1994,13769
Jordan,JOR,1995,12838
Jordan,JOR,1996,14696
Jordan,JOR,1997,10218
Jordan,JOR,1998,11828
Jordan,JOR,1999,30110
Jordan,JOR,2000,17283
Jordan,JOR,2001,13736
Jordan,JOR,2002,12942
Jordan,JOR,2003,14179
Jordan,JOR,2004,13107
Jordan,JOR,2005,15245
Jordan,JOR,2006,9667
Jordan,JOR,2007,10494
Jordan,JOR,2008,11451
Jordan,JOR,2009,12441
Jordan,JOR,2010,19626
Jordan,JOR,2011,19041
Jordan,JOR,2012,15563
Jordan,JOR,2013,16602
Jordan,JOR,2014,14554
Jordan,JOR,2015,15187
Jordan,JOR,2016,19376
Jordan,JOR,2017,15963
Jordan,JOR,2018,15064
Kazakhstan,KAZ,1993,9824
Kazakhstan,KAZ,1994,8345
Kazakhstan,KAZ,1995,5769
Kazakhstan,KAZ,1996,7176
Kazakhstan,KAZ,1997,8700
Kazakhstan,KAZ,1998,5542
Kazakhstan,KAZ,1999,12978
Kazakhstan,KAZ,2000,9367
Kazakhstan,KAZ,2001,12115
Kazakhstan,KAZ,2002,11409
Kazakhstan,KAZ,2003,10709
Kazakhstan,KAZ,2004,8777
Kazakhstan,KAZ,2005,9913
Kazakhstan,KAZ,2006,11641
Kazakhstan,KAZ,2007,13204
Kazakhstan,KAZ,2008,10058
Kazakhstan,KAZ,2009,12469
Kazakhstan,KAZ,2010,7958
Kazakhstan,KAZ,2011,16813
Kazakhstan,KAZ,2012,8571
Kazakhstan,KAZ,2013,11575
Kazakhstan,KAZ,2014,11641
Kazakhstan,KAZ,2015,12684
Kazakhstan,KAZ,2016,13379
Kazakhstan,KAZ,2017,13441
Kazakhstan,KAZ,2018,13486
Kenya,KEN,1993,14522
Kenya,KEN,1994,19099
Kenya,KEN,1995,17451
Kenya,KEN,1996,13937
Kenya,KEN,1997,13902
Kenya,KEN,1998,15824
Kenya,KEN,1999,14188
Kenya,KEN,2000,13657
Kenya,KEN,2001,16323
Kenya,KEN,2002,14810
Kenya,KEN,2003,15875
Kenya,KEN,2004,17965
Kenya,KEN,2005,16365
Kenya,KEN,2006,16373
Kenya,KEN,2007,17654
Kenya,KEN,2008,14139
Kenya,KEN,2009,12368
Kenya,KEN,2010,16989
Kenya,KEN,2011,15008
Kenya,KEN,2012,17278
Kenya,KEN,2013,16463
Kenya,KEN,2014,15694
Kenya,KEN,2015,17576
Kenya,KEN,2016,13715
Kenya,KEN,2017,16199
Kenya,KEN,2018,17958
Kuwait,KWT,1993,46023
Kuwait,KWT,1994,91481
Kuwait,KWT,1995,67388
Kuwait,KWT,1996,64962
Kuwait,KWT,1997,61184
Kuwait,KWT,1998,49223
Kuwait,KWT,1999,44700
Kuwait,KWT,2000,56112
Kuwait,KWT,2001,58440
Kuwait,KWT,2002,73296
Kuwait,KWT,2003,102534
Kuwait,KWT,2004,61889
Kuwait,KWT,2005,64232
Kuwait,KWT,2006,87177
Kuwait,KWT,2007,104989
Kuwait,KWT,2008,92358
Kuwait,KWT,2009,79774
Kuwait,KWT,2010,108058
Kuwait,KWT,2011,141715
Kuwait,KWT,2012,137825
Kuwait,KWT,2013,179751
Kuwait,KWT,2014,218655
Kuwait,KWT,2015,65425
Kuwait,KWT,2016,52205
Kuwait,KWT,2017,56562
Kuwait,KWT,2018,104822
Kyrgyzstan,KGZ,1993,24703
Kyrgyzstan,KGZ,1994,18110
Kyrgyzstan,KGZ,1995,16268
Kyrgyzstan,KGZ,1996,21532
Kyrgyzstan,KGZ,1997,23672
Kyrgyzstan,KGZ,1998,24878
Kyrgyzstan,KGZ,1999,24759
Kyrgyzstan,KGZ,2000,26584
Kyrgyzstan,KGZ,2001,28581
Kyrgyzstan,KGZ,2002,26547
Kyrgyzstan,KGZ,2003,27638
Kyrgyzstan,KGZ,2004,28662
Kyrgyzstan,KGZ,2005,26685
Kyrgyzstan,KGZ,2006,25401
Kyrgyzstan,KGZ,2007,25027
Kyrgyzstan,KGZ,2008,23705
Kyrgyzstan,KGZ,2009,30230
Kyrgyzstan,KGZ,2010,25985
Kyrgyzstan,KGZ,2011,25919
Kyrgyzstan,KGZ,2012,23537
Kyrgyzstan,KGZ,2013,28888
Kyrgyzstan,KGZ,2014,22605
Kyrgyzstan,KGZ,2015,29818
Kyrgyzstan,KGZ,2016,30839
Kyrgyzstan,KGZ,2017,30708
Kyrgyzstan,KGZ,2018,31385
Lebanon,LBN,1993,21546
Lebanon,LBN,1994,20679
Lebanon,LBN,1995,25689
Lebanon,LBN,1996,24497
Lebanon,LBN,1997,16391
Lebanon,LBN,1998,19433
Lebanon,LBN,1999,17383
Lebanon,LBN,2000,24149
Lebanon,LBN,2001,29117
Lebanon,LBN,2002,24675
Lebanon,LBN,2003,23720
Lebanon,LBN,2004,27276
Lebanon,LBN,2005,27031
Lebanon,LBN,2006,26848
Lebanon,LBN,2007,21897
Lebanon,LBN,2008,26877
Lebanon,LBN,2009,26189
Lebanon,LBN,2010,26249
Lebanon,LBN,2011,27632
Lebanon,LBN,2012,28893
Lebanon,LBN,2013,29814
Lebanon,LBN,2014,33860
Lebanon,LBN,2015,31491
Lebanon,LBN,2016,31555
Lebanon,LBN,2017,32374
Lebanon,LBN,2018,31556
Lesotho,LSO,1993,9726
Lesotho,LSO,1994,8182
Lesotho,LSO,1995,7764
Lesotho,LSO,1996,11836
Lesotho,LSO,1997,10158
Lesotho,LSO,1998,13533
Lesotho,LSO,1999,9433
Lesotho,LSO,2000,7188
Lesotho,LSO,2001,9955
Lesotho,LSO,2002,7363
Lesotho,LSO,2003,6091
Lesotho,LSO,2004,5954
Lesotho,LSO,2005,6868
Lesotho,LSO,2006,5225
Lesotho,LSO,2007,4356
Lesotho,LSO,2008,3900
Lesotho,LSO,2009,4210
Lesotho,LSO,2010,9091
Lesotho,LSO,2011,6631
Lesotho,LSO,2012,6535
Lesotho,LSO,2013,7644
Lesotho,LSO,2014,6372
Lesotho,LSO,2015,6586
Lesotho,LSO,2016,4669
Lesotho,LSO,2017,9872
Lesotho,LSO,2018,7558
Libya,LBY,1993,6965
Libya,LBY,1994,6762
Libya,LBY,1995,6791
Libya,LBY,1996,6780
Libya,LBY,1997,8369
Libya,LBY,1998,7057
Libya,LBY,1999,6521
Libya,LBY,2000,6377
Libya,LBY,2001,6194
Libya,LBY,2002,6323
Libya,LBY,2003,6200
Libya,LBY,2004,6200
Libya,LBY,2005,6228
Libya,LBY,2006,6226
Libya,LBY,2007,6230
Libya,LBY,2008,6217
Libya,LBY,2009,6341
Libya,LBY,2010,6699
Libya,LBY,2011,6645
Libya,LBY,2012,6793
Libya,LBY,2013,6638
Libya,LBY,2014,6676
Libya,LBY,2015,6718
Libya,LBY,2016,6660
Libya,LBY,2017,6624
Libya,LBY,2018,6600
Lithuania,LTU,1993,21020
Lithuania,LTU,1994,17534
Lithuania,LTU,1995,18528
Lithuania,LTU,1996,24172
Lithuania,LTU,1997,25294
Lithuania,LTU,1998,24484
Lithuania,LTU,1999,20208
Lithuania,LTU,2000,27075
Lithuania,LTU,2001,25050
Lithuania,LTU,2002,27659
Lithuania,LTU,2003,30370
Lithuania,LTU,2004,32549
Lithuania,LTU,2005,29402
Lithuania,LTU,2006,19294
Lithuania,LTU,2007,30071
Lithuania,LTU,2008,33482
Lithuania,LTU,2009,34496
Lithuania,LTU,2010,27635
Lithuania,LTU,2011,30299
Lithuania,LTU,2012,40153
Lithuania,LTU,2013,36878
Lithuania,LTU,2014,39752
Lithuania,LTU,2015,45646
Lithuania,LTU,2016,38598
Lithuania,LTU,2017,42302
Lithuania,LTU,2018,31812
Macedonia,MKD,1993,19983
Macedonia,MKD,1994,26836
Macedonia,MKD,1995,29979
Macedonia,MKD,1996,24214
Macedonia,MKD,1997,27111
Macedonia,MKD,1998,30443
Macedonia,MKD,1999,29139
Macedonia,MKD,2000,25371
Macedonia,MKD,2001,22751
Macedonia,MKD,2002,28859
Macedonia,MKD,2003,24000
Macedonia,MKD,2004,35710
Macedonia,MKD,2005,31842
Macedonia,MKD,2006,32185
Macedonia,MKD,2007,25966
Macedonia,MKD,2008,35059
Macedonia,MKD,2009,33491
Macedonia,MKD,2010,32770
Macedonia,MKD,2011,34454
Macedonia,MKD,2012,27892
Macedonia,MKD,2013,33253
Macedonia,MKD,2014,38370
Macedonia,MKD,2015,29870
Macedonia,MKD,2016,38094
Macedonia,MKD,2017,27718
Macedonia,MKD,2018,36738
Madagascar,MDG,1993,13245
Madagascar,MDG,1994,13256
Madagascar,MDG,1995,13603
Madagascar,MDG,1996,13853
Madagascar,MDG,1997,13792
Madagascar,MDG,1998,12899
Madagascar,MDG,1999,13530
Madagascar,MDG,2000,13038
Madagascar,MDG,2001,13927
Madagascar,MDG,2002,13553
Madagascar,MDG,2003,15454
Madagascar,MDG,2004,16527
Madagascar,MDG,2005,17659
Madagascar,MDG,2006,18021
Madagascar,MDG,2007,18406
Madagascar,MDG,2008,19700
Madagascar,MDG,2009,22160
Madagascar,MDG,2010,22712
Madagascar,MDG,2011,23003
Madagascar,MDG,2012,23360
Madagascar,MDG,2013,24195
Madagascar,MDG,2014,25097
Madagascar,MDG,2015,25415
Madagascar,MDG,2016,25885
Madagascar,MDG,2017,29756
Madagascar,MDG,2018,27404
Malawi,MWI,1993,14736
Malawi,MWI,1994,8853
Malawi,MWI,1995,12964
Malawi,MWI,1996,13733
Malawi,MWI,1997,10388
Malawi,MWI,1998,13063
Malawi,MWI,1999,17249
Malawi,MWI,2000,16603
Malawi,MWI,2001,11559
Malawi,MWI,2002,10270
Malawi,MWI,2003,11924
Malawi,MWI,2004,10108
Malawi,MWI,2005,7696
Malawi,MWI,2006,14289
Malawi,MWI,2007,24400
Malawi,MWI,2008,15772
Malawi,MWI,2009,20991
Malawi,MWI,2010,18875
Malawi,MWI,2011,20734
Malawi,MWI,2012,20670
Malawi,MWI,2013,20466
Malawi,MWI,2014,21951
Malawi,MWI,2015,15709
Malawi,MWI,2016,13325
Malawi,MWI,2017,18825
Malawi,MWI,2018,15116
Mali,MLI,1993,7140
Mali,MLI,1994,7658
Mali,MLI,1995,7515
Mali,MLI,1996,9970
Mali,MLI,1997,9685
Mali,MLI,1998,10912
Mali,MLI,1999,10758
Mali,MLI,2000,8988
Mali,MLI,2001,8667
Mali,MLI,2002,7163
Mali,MLI,2003,8914
Mali,MLI,2004,11051
Mali,MLI,2005,9886
Mali,MLI,2006,10180
Mali,MLI,2007,9990
Mali,MLI,2008,12407
Mali,MLI,2009,16406
Mali,MLI,2010,13353
Mali,MLI,2011,9417
Mali,MLI,2012,13478
Mali,MLI,2013,13700
Mali,MLI,2014,13904
Mali,MLI,2015,14237
Mali,MLI,2016,14379
Mali,MLI,2017,13705
Mali,MLI,2018,16092
Mauritania,MRT,1993,7402
Mauritania,MRT,1994,6190
Mauritania,MRT,1995,7110
Mauritania,MRT,1996,7690
Mauritania,MRT,1997,6450
Mauritania,MRT,1998,7343
Mauritania,MRT,1999,7359
Mauritania,MRT,2000,7423
Mauritania,MRT,2001,5383
Mauritania,MRT,2002,7805
Mauritania,MRT,2003,6813
Mauritania,MRT,2004,4796
Mauritania,MRT,2005,7231
Mauritania,MRT,2006,5686
Mauritania,MRT,2007,5999
Mauritania,MRT,2008,6552
Mauritania,MRT,2009,6387
Mauritania,MRT,2010,8016
Mauritania,MRT,2011,10112
Mauritania,MRT,2012,8498
Mauritania,MRT,2013,9380
Mauritania,MRT,2014,12397
Mauritania,MRT,2015,10214
Mauritania,MRT,2016,9928
Mauritania,MRT,2017,10442
Mauritania,MRT,2018,10221
Mexico,MEX,1993,26294
Mexico,MEX,1994,25066
Mexico,MEX,1995,25082
Mexico,MEX,1996,25415
Mexico,MEX,1997,26638
Mexico,MEX,1998,26254
Mexico,MEX,1999,26951
Mexico,MEX,2000,27494
Mexico,MEX,2001,28483
Mexico,MEX,2002,29055
Mexico,MEX,2003,29554
Mexico,MEX,2004,30697
Mexico,MEX,2005,31203
Mexico,MEX,2006,32021
Mexico,MEX,2007,33434
Mexico,MEX,2008,34451
Mexico,MEX,2009,34240
Mexico,MEX,2010,34937
Mexico,MEX,2011,32336
Mexico,MEX,2012,34470
Mexico,MEX,2013,33805
Mexico,MEX,2014,35742
Mexico,MEX,2015,34623
Mexico,MEX,2016,37405
Mexico,MEX,2017,37907
Mexico,MEX,2018,38163
Moldova,MDA,1993,38324
Moldova,MDA,1994,21816
Moldova,MDA,1995,29895
Moldova,MDA,1996,22885
Moldova,MDA,1997,34326
Moldova,MDA,1998,27489
Moldova,MDA,1999,24439
Moldova,MDA,2000,20328
Moldova,MDA,2001,24871
Moldova,MDA,2002,25028
Moldova,MDA,2003,23535
Moldova,MDA,2004,28320
Moldova,MDA,2005,27934
Moldova,MDA,2006,25502
Moldova,MDA,2007,21109
Moldova,MDA,2008,32216
Moldova,MDA,2009,23727
Moldova,MDA,2010,27340
Moldova,MDA,2011,28659
Moldova,MDA,2012,23442
Moldova,MDA,2013,28518
Moldova,MDA,2014,31623
Moldova,MDA,2015,23709
Moldova,MDA,2016,31973
Moldova,MDA,2017,36519
Moldova,MDA,2018,36832
Morocco,MAR,1993,5569
Morocco,MAR,1994,15811
Morocco,MAR,1995,4462
Morocco,MAR,1996,16842
Morocco,MAR,1997,8318
Morocco,MAR,1998,11216
Morocco,MAR,1999,7413
Morocco,MAR,2000,3653
Morocco,MAR,2001,8920
Morocco,MAR,2002,10669
Morocco,MAR,2003,14319
Morocco,MAR,2004,15104
Morocco,MAR,2005,7813
Morocco,MAR,2006,16500
Morocco,MAR,2007,5141
Morocco,MAR,2008,10001
Morocco,MAR,2009,19163
Morocco,MAR,2010,15442
Morocco,MAR,2011,16133
Morocco,MAR,2012,10121
Morocco,MAR,2013,18260
Morocco,MAR,2014,14519
Morocco,MAR,2015,21367
Morocco,MAR,2016,9314
Morocco,MAR,2017,17541
Morocco,MAR,2018,22590
Mozambique,MOZ,1993,5486
Mozambique,MOZ,1994,4981
Mozambique,MOZ,1995,6306
Mozambique,MOZ,1996,7942
Mozambique,MOZ,1997,7892
Mozambique,MOZ,1998,8073
Mozambique,MOZ,1999,9517
Mozambique,MOZ,2000,8352
Mozambique,MOZ,2001,8476
Mozambique,MOZ,2002,5752
Mozambique,MOZ,2003,7981
Mozambique,MOZ,2004,7565
Mozambique,MOZ,2005,4203
Mozambique,MOZ,2006,6793
Mozambique,MOZ,2007,5675
Mozambique,MOZ,2008,5227
Mozambique,MOZ,2009,8607
Mozambique,MOZ,2010,9969
Mozambique,MOZ,2011,10091
Mozambique,MOZ,2012,11624
Mozambique,MOZ,2013,5501
Mozambique,MOZ,2014,6814
Mozambique,MOZ,2015,7123
Mozambique,MOZ,2016,8029
Mozambique,MOZ,2017,7985
Mozambique,MOZ,2018,8157
Myanmar,MMR,1993,19194
Myanmar,MMR,1994,19906
Myanmar,MMR,1995,18780
Myanmar,MMR,1996,19314
Myanmar,MMR,1997,18876
Myanmar,MMR,1998,19044
Myanmar,MMR,1999,20146
Myanmar,MMR,2000,20740
Myanmar,MMR,2001,21177
Myanmar,MMR,2002,21243
Myanmar,MMR,2003,22119
Myanmar,MMR,2004,22788
Myanmar,MMR,2005,23545
Myanmar,MMR,2006,24300
Myanmar,MMR,2007,25088
Myanmar,MMR,2008,25780
Myanmar,MMR,2009,25905
Myanmar,MMR,2010,26068
Myanmar,MMR,2011,24757
Myanmar,MMR,2012,24617
Myanmar,MMR,2013,24905
Myanmar,MMR,2014,25253
Myanmar,MMR,2015,25425
Myanmar,MMR,2016,25106
Myanmar,MMR,2017,25175
Myanmar,MMR,2018,25154
Namibia,NAM,1993,3561
Namibia,NAM,1994,3345
Namibia,NAM,1995,2201
Namibia,NAM,1996,2740
Namibia,NAM,1997,4466
Namibia,NAM,1998,3790
Namibia,NAM,1999,2144
Namibia,NAM,2000,3912
Namibia,NAM,2001,4409
Namibia,NAM,2002,2708
Namibia,NAM,2003,3015
Namibia,NAM,2004,4183
Namibia,NAM,2005,4656
Namibia,NAM,2006,6205
Namibia,NAM,2007,4813
Namibia,NAM,2008,4955
Namibia,NAM,2009,3648
Namibia,NAM,2010,4050
Namibia,NAM,2011,4275
Namibia,NAM,2012,4311
Namibia,NAM,2013,4587
Namibia,NAM,2014,2258
Namibia,NAM,2015,3599
Namibia,NAM,2016,2615
Namibia,NAM,2017,4263
Namibia,NAM,2018,5025
Nepal,NPL,1993,14840
Nepal,NPL,1994,14538
Nepal,NPL,1995,15204
Nepal,NPL,1996,15786
Nepal,NPL,1997,15749
Nepal,NPL,1998,15823
Nepal,NPL,1999,16150
Nepal,NPL,2000,17148
Nepal,NPL,2001,17529
Nepal,NPL,2002,17529
Nepal,NPL,2003,17898
Nepal,NPL,2004,18689
Nepal,NPL,2005,18869
Nepal,NPL,2006,18577
Nepal,NPL,2007,18436
Nepal,NPL,2008,19386
Nepal,NPL,2009,19298
Nepal,NPL,2010,18951
Nepal,NPL,2011,20496
Nepal,NPL,2012,22295
Nepal,NPL,2013,21204
Nepal,NPL,2014,22649
Nepal,NPL,2015,22717
Nepal,NPL,2016,21724
Nepal,NPL,2017,22968
Nepal,NPL,2018,23956
Netherlands,NLD,1993,79984
Netherlands,NLD,1994,71645
Netherlands,NLD,1995,77692
Netherlands,NLD,1996,82929
Netherlands,NLD,1997,71761
Netherlands,NLD,1998,73070
Netherlands,NLD,1999,74698
Netherlands,NLD,2000,79055
Netherlands,NLD,2001,72805
Netherlands,NLD,2002,73139
Netherlands,NLD,2003,79568
Netherlands,NLD,2004,80663
Netherlands,NLD,2005,78797
Netherlands,NLD,2006,78542
Netherlands,NLD,2007,72897
Netherlands,NLD,2008,83323
Netherlands,NLD,2009,90329
Netherlands,NLD,2010,85693
Netherlands,NLD,2011,78008
Netherlands,NLD,2012,85450
Netherlands,NLD,2013,86301
Netherlands,NLD,2014,90737
Netherlands,NLD,2015,87528
Netherlands,NLD,2016,77769
Netherlands,NLD,2017,87945
Netherlands,NLD,2018,83178
New Zealand,NZL,1993,52779
New Zealand,NZL,1994,55934
New Zealand,NZL,1995,56254
New Zealand,NZL,1996,57743
New Zealand,NZL,1997,58922
New Zealand,NZL,1998,62944
New Zealand,NZL,1999,61687
New Zealand,NZL,2000,63165
New Zealand,NZL,2001,65347
New Zealand,NZL,2002,62763
New Zealand,NZL,2003,70599
New Zealand,NZL,2004,64621
New Zealand,NZL,2005,75662
New Zealand,NZL,2006,70287
New Zealand,NZL,2007,79164
New Zealand,NZL,2008,73798
New Zealand,NZL,2009,69099
New Zealand,NZL,2010,73871
New Zealand,NZL,2011,69532
New Zealand,NZL,2012,80120
New Zealand,NZL,2013,81056
New Zealand,NZL,2014,80339
New Zealand,NZL,2015,80266
New Zealand,NZL,2016,83838
New Zealand,NZL,2017,84644
New Zealand,NZL,2018,80643
Niger,NER,1993,3225
Niger,NER,1994,2650
Niger,NER,1995,3100
Niger,NER,1996,2886
Niger,NER,1997,2834
Niger,NER,1998,3870
Niger,NER,1999,3774
Niger,NER,2000,2864
Niger,NER,2001,3912
Niger,NER,2002,4197
Niger,NER,2003,4270
Niger,NER,2004,3385
Niger,NER,2005,4344
Niger,NER,2006,4473
Niger,NER,2007,4226
Niger,NER,2008,4944
Niger,NER,2009,3831
Niger,NER,2010,4915
Niger,NER,2011,3603
Niger,NER,2012,5180
Niger,NER,2013,4050
Niger,NER,2014,4437
Niger,NER,2015,5482
Niger,NER,2016,5333
Niger,NER,2017,5384
Niger,NER,2018,5517
Nigeria,NGA,1993,10945
Nigeria,NGA,1994,10874
Nigeria,NGA,1995,11582
Nigeria,NGA,1996,11618
Nigeria,NGA,1997,11239
Nigeria,NGA,1998,11423
Nigeria,NGA,1999,11789
Nigeria,NGA,2000,11113
Nigeria,NGA,2001,11773
Nigeria,NGA,2002,11980
Nigeria,NGA,2003,12491
Nigeria,NGA,2004,13102
Nigeria,NGA,2005,13568
Nigeria,NGA,2006,14372
Nigeria,NGA,2007,13452
Nigeria,NGA,2008,15248
Nigeria,NGA,2009,14461
Nigeria,NGA,2010,14357
Nigeria,NGA,2011,12354
Nigeria,NGA,2012,12809
Nigeria,NGA,2013,11336
Nigeria,NGA,2014,13334
Nigeria,NGA,2015,13267
Nigeria,NGA,2016,13532
Nigeria,NGA,2017,12878
Nigeria,NGA,2018,13785
North Korea,PRK,1993,50579
North Korea,PRK,1994,40397
North Korea,PRK,1995,20682
North Korea,PRK,1996,15210
North Korea,PRK,1997,16431
North Korea,PRK,1998,25766
North Korea,PRK,1999,22780
North Korea,PRK,2000,19210
North Korea,PRK,2001,24824
North Korea,PRK,2002,26392
North Korea,PRK,2003,26974
North Korea,PRK,2004,28261
North Korea,PRK,2005,27441
North Korea,PRK,2006,29182
North Korea,PRK,2007,24542
North Korea,PRK,2008,28310
North Korea,PRK,2009,27746
North Korea,PRK,2010,28114
North Korea,PRK,2011,29557
North Korea,PRK,2012,32031
North Korea,PRK,2013,32402
North Korea,PRK,2014,34586
North Korea,PRK,2015,36608
North Korea,PRK,2016,33899
North Korea,PRK,2017,33824
North Korea,PRK,2018,29759
Oman,OMN,1993,52549
Oman,OMN,1994,52123
Oman,OMN,1995,51564
Oman,OMN,1996,51481
Oman,OMN,1997,51282
Oman,OMN,1998,52310
Oman,OMN,1999,51815
Oman,OMN,2000,51543
Oman,OMN,2001,51009
Oman,OMN,2002,50960
Oman,OMN,2003,50668
Oman,OMN,2004,48324
Oman,OMN,2005,50191
Oman,OMN,2006,48528
Oman,OMN,2007,48683
Oman,OMN,2008,47748
Oman,OMN,2009,121796
Oman,OMN,2010,94207
Oman,OMN,2011,94239
Oman,OMN,2012,94807
Oman,OMN,2013,90473
Oman,OMN,2014,77403
Oman,OMN,2015,139808
Oman,OMN,2016,130046
Oman,OMN,2017,130485
Oman,OMN,2018,133505
Pakistan,PAK,1993,17957
Pakistan,PAK,1994,16990
Pakistan,PAK,1995,18881
Pakistan,PAK,1996,18730
Pakistan,PAK,1997,18691
Pakistan,PAK,1998,20167
Pakistan,PAK,1999,20121
Pakistan,PAK,2000,22152
Pakistan,PAK,2001,20706
Pakistan,PAK,2002,20742
Pakistan,PAK,2003,21266
Pakistan,PAK,2004,22295
Pakistan,PAK,2005,23995
Pakistan,PAK,2006,23440
Pakistan,PAK,2007,25310
Pakistan,PAK,2008,23944
Pakistan,PAK,2009,25383
Pakistan,PAK,2010,24303
Pakistan,PAK,2011,27222
Pakistan,PAK,2012,26457
Pakistan,PAK,2013,27405
Pakistan,PAK,2014,27506
Pakistan,PAK,2015,26991
Pakistan,PAK,2016,27779
Pakistan,PAK,2017,29133
Pakistan,PAK,2018,28614
Paraguay,PRY,1993,19617
Paraguay,PRY,1994,21188
Paraguay,PRY,1995,20429
Paraguay,PRY,1996,21839
Paraguay,PRY,1997,23741
Paraguay,PRY,1998,19922
Paraguay,PRY,1999,18787
Paraguay,PRY,2000,19146
Paraguay,PRY,2001,21133
Paraguay,PRY,2002,20433
Paraguay,PRY,2003,22788
Paraguay,PRY,2004,24100
Paraguay,PRY,2005,21258
Paraguay,PRY,2006,23032
Paraguay,PRY,2007,26594
Paraguay,PRY,2008,26437
Paraguay,PRY,2009,23041
Paraguay,PRY,2010,33840
Paraguay,PRY,2011,33936
Paraguay,PRY,2012,29582
Paraguay,PRY,2013,35624
Paraguay,PRY,2014,30988
Paraguay,PRY,2015,39818
Paraguay,PRY,2016,42514
Paraguay,PRY,2017,42567
Paraguay,PRY,2018,40476
Peru,PER,1993,22647
Peru,PER,1994,23437
Peru,PER,1995,21705
Peru,PER,1996,24077
Peru,PER,1997,22471
Peru,PER,1998,22518
Peru,PER,1999,25136
Peru,PER,2000,25373
Peru,PER,2001,26560
Peru,PER,2002,27539
Peru,PER,2003,28189
Peru,PER,2004,26923
Peru,PER,2005,28501
Peru,PER,2006,28390
Peru,PER,2007,28362
Peru,PER,2008,30791
Peru,PER,2009,31460
Peru,PER,2010,31430
Peru,PER,2011,31601
Peru,PER,2012,33445
Peru,PER,2013,33076
Peru,PER,2014,32434
Peru,PER,2015,34282
Peru,PER,2016,33352
Peru,PER,2017,33657
Peru,PER,2018,35887
Poland,POL,1993,27530
Poland,POL,1994,25661
Poland,POL,1995,30224
Poland,POL,1996,29011
Poland,POL,1997,28541
Poland,POL,1998,30710
Poland,POL,1999,29594
Poland,POL,2000,25348
Poland,POL,2001,30564
Poland,POL,2002,32408
Poland,POL,2003,28654
Poland,POL,2004,35376
Poland,POL,2005,32331
Poland,POL,2006,25982
Poland,POL,2007,32495
Poland,POL,2008,32172
Poland,POL,2009,34751
Poland,POL,2010,35840
Poland,POL,2011,34304
Poland,POL,2012,37049
Poland,POL,2013,38044
Poland,POL,2014,42680
Poland,POL,2015,37278
Poland,POL,2016,40335
Poland,POL,2017,41996
Poland,POL,2018,34305
Portugal,PRT,1993,20171
Portugal,PRT,1994,23421
Portugal,PRT,1995,20022
Portugal,PRT,1996,23745
Portugal,PRT,1997,21079
Portugal,PRT,1998,26542
Portugal,PRT,1999,27098
Portugal,PRT,2000,27113
Portugal,PRT,2001,25466
Portugal,PRT,2002,28242
Portugal,PRT,2003,25340
Portugal,PRT,2004,28537
Portugal,PRT,2005,20063
Portugal,PRT,2006,30763
Portugal,PRT,2007,32490
Portugal,PRT,2008,34524
Portugal,PRT,2009,31314
Portugal,PRT,2010,31650
Portugal,PRT,2011,38708
Portugal,PRT,2012,38753
Portugal,PRT,2013,41454
Portugal,PRT,2014,42314
Portugal,PRT,2015,43781
Portugal,PRT,2016,42033
Portugal,PRT,2017,45066
Portugal,PRT,2018,45232
Qatar,QAT,1993,30483
Qatar,QAT,1994,31698
Qatar,QAT,1995,31880
Qatar,QAT,1996,33778
Qatar,QAT,1997,33770
Qatar,QAT,1998,33626
Qatar,QAT,1999,37979
Qatar,QAT,2000,40994
Qatar,QAT,2001,40467
Qatar,QAT,2002,40696
Qatar,QAT,2003,37064
Qatar,QAT,2004,41216
Qatar,QAT,2005,36492
Qatar,QAT,2006,35474
Qatar,QAT,2007,41552
Qatar,QAT,2008,49219
Qatar,QAT,2009,63236
Qatar,QAT,2010,75926
Qatar,QAT,2011,60498
Qatar,QAT,2012,60764
Qatar,QAT,2013,57190
Qatar,QAT,2014,64947
Qatar,QAT,2015,58458
Qatar,QAT,2016,46927
Qatar,QAT,2017,49964
Qatar,QAT,2018,87094
Romania,ROU,1993,24208
Romania,ROU,1994,27722
Romania,ROU,1995,30838
Romania,ROU,1996,24290
Romania,ROU,1997,35409
Romania,ROU,1998,26424
Romania,ROU,1999,31879
Romania,ROU,2000,19276
Romania,ROU,2001,30293
Romania,ROU,2002,25125
Romania,ROU,2003,25348
Romania,ROU,2004,39971
Romania,ROU,2005,33334
Romania,ROU,2006,31011
Romania,ROU,2007,16433
Romania,ROU,2008,32442
Romania,ROU,2009,28203
Romania,ROU,2010,33256
Romania,ROU,2011,39888
Romania,ROU,2012,23609
Romania,ROU,2013,38598
Romania,ROU,2014,40664
Romania,ROU,2015,35409
Romania,ROU,2016,39687
Romania,ROU,2017,52249
Romania,ROU,2018,60029
Russia,RUS,1993,16319
Russia,RUS,1994,14545
Russia,RUS,1995,12522
Russia,RUS,1996,14246
Russia,RUS,1997,17859
Russia,RUS,1998,12949
Russia,RUS,1999,14468
Russia,RUS,2000,15566
Russia,RUS,2001,19309
Russia,RUS,2002,19653
Russia,RUS,2003,17733
Russia,RUS,2004,18726
Russia,RUS,2005,18481
Russia,RUS,2006,18813
Russia,RUS,2007,19840
Russia,RUS,2008,23818
Russia,RUS,2009,22733
Russia,RUS,2010,18318
Russia,RUS,2011,22516
Russia,RUS,2012,18494
Russia,RUS,2013,22333
Russia,RUS,2014,24354
Russia,RUS,2015,23828
Russia,RUS,2016,26426
Russia,RUS,2017,29599
Russia,RUS,2018,26080
Rwanda,RWA,1993,14317
Rwanda,RWA,1994,10233
Rwanda,RWA,1995,11334
Rwanda,RWA,1996,12478
Rwanda,RWA,1997,11126
Rwanda,RWA,1998,9594
Rwanda,RWA,1999,8111
Rwanda,RWA,2000,8346
Rwanda,RWA,2001,8964
Rwanda,RWA,2002,10051
Rwanda,RWA,2003,9149
Rwanda,RWA,2004,9130
Rwanda,RWA,2005,11243
Rwanda,RWA,2006,10736
Rwanda,RWA,2007,9562
Rwanda,RWA,2008,11816
Rwanda,RWA,2009,16514
Rwanda,RWA,2010,18924
Rwanda,RWA,2011,20108
Rwanda,RWA,2012,20617
Rwanda,RWA,2013,20775
Rwanda,RWA,2014,19173
Rwanda,RWA,2015,13672
Rwanda,RWA,2016,13816
Rwanda,RWA,2017,12101
Rwanda,RWA,2018,13474
Saudi Arabia,SAU,1993,44624
Saudi Arabia,SAU,1994,45465
Saudi Arabia,SAU,1995,37844
Saudi Arabia,SAU,1996,34295
Saudi Arabia,SAU,1997,35628
Saudi Arabia,SAU,1998,35405
Saudi Arabia,SAU,1999,35755
Saudi Arabia,SAU,2000,35164
Saudi Arabia,SAU,2001,39320
Saudi Arabia,SAU,2002,40476
Saudi Arabia,SAU,2003,42289
Saudi Arabia,SAU,2004,46752
Saudi Arabia,SAU,2005,47532
Saudi Arabia,SAU,2006,50471
Saudi Arabia,SAU,2007,51218
Saudi Arabia,SAU,2008,52213
Saudi Arabia,SAU,2009,48744
Saudi Arabia,SAU,2010,55078
Saudi Arabia,SAU,2011,54833
Saudi Arabia,SAU,2012,51642
Saudi Arabia,SAU,2013,53598
Saudi Arabia,SAU,2014,51307
Saudi Arabia,SAU,2015,55438
Saudi Arabia,SAU,2016,54011
Saudi Arabia,SAU,2017,56005
Saudi Arabia,SAU,2018,56083
Slovakia,SVK,1993,37758
Slovakia,SVK,1994,43047
Slovakia,SVK,1995,41164
Slovakia,SVK,1996,40141
Slovakia,SVK,1997,43882
Slovakia,SVK,1998,40549
Slovakia,SVK,1999,38574
Slovakia,SVK,2000,27099
Slovakia,SVK,2001,38897
Slovakia,SVK,2002,38997
Slovakia,SVK,2003,31360
Slovakia,SVK,2004,46418
Slovakia,SVK,2005,45118
Slovakia,SVK,2006,39963
Slovakia,SVK,2007,35612
Slovakia,SVK,2008,51753
Slovakia,SVK,2009,43315
Slovakia,SVK,2010,37373
Slovakia,SVK,2011,50090
Slovakia,SVK,2012,38291
Slovakia,SVK,2013,44904
Slovakia,SVK,2014,60387
Slovakia,SVK,2015,50796
Slovakia,SVK,2016,64304
Slovakia,SVK,2017,48560
Slovakia,SVK,2018,54333
Slovenia,SVN,1993,37651
Slovenia,SVN,1994,50240
Slovenia,SVN,1995,49983
Slovenia,SVN,1996,48579
Slovenia,SVN,1997,56323
Slovenia,SVN,1998,57931
Slovenia,SVN,1999,51864
Slovenia,SVN,2000,48031
Slovenia,SVN,2001,47345
Slovenia,SVN,2002,61179
Slovenia,SVN,2003,40115
Slovenia,SVN,2004,58262
Slovenia,SVN,2005,60069
Slovenia,SVN,2006,51160
Slovenia,SVN,2007,53413
Slovenia,SVN,2008,54747
Slovenia,SVN,2009,52683
Slovenia,SVN,2010,59810
Slovenia,SVN,2011,63738
Slovenia,SVN,2012,57619
Slovenia,SVN,2013,46155
Slovenia,SVN,2014,64725
Slovenia,SVN,2015,62839
Slovenia,SVN,2016,64646
Slovenia,SVN,2017,55400
Slovenia,SVN,2018,60524
Somalia,SOM,1993,4479
Somalia,SOM,1994,4098
Somalia,SOM,1995,4934
Somalia,SOM,1996,5028
Somalia,SOM,1997,4796
Somalia,SOM,1998,4182
Somalia,SOM,1999,5804
Somalia,SOM,2000,7317
Somalia,SOM,2001,8102
Somalia,SOM,2002,7628
Somalia,SOM,2003,6812
Somalia,SOM,2004,5716
Somalia,SOM,2005,6421
Somalia,SOM,2006,4847
Somalia,SOM,2007,5894
Somalia,SOM,2008,5495
Somalia,SOM,2009,4132
Somalia,SOM,2010,5705
Somalia,SOM,2011,4517
Somalia,SOM,2012,11845
Somalia,SOM,2013,9624
Somalia,SOM,2014,5546
Somalia,SOM,2015,5362
Somalia,SOM,2016,5056
Somalia,SOM,2017,5505
Somalia,SOM,2018,8234
South Africa,ZAF,1993,21599
South Africa,ZAF,1994,25848
South Africa,ZAF,1995,14190
South Africa,ZAF,1996,24900
South Africa,ZAF,1997,22716
South Africa,ZAF,1998,21815
South Africa,ZAF,1999,21912
South Africa,ZAF,2000,27657
South Africa,ZAF,2001,24238
South Africa,ZAF,2002,27723
South Africa,ZAF,2003,25366
South Africa,ZAF,2004,27777
South Africa,ZAF,2005,33093
South Africa,ZAF,2006,31407
South Africa,ZAF,2007,27900
South Africa,ZAF,2008,40629
South Africa,ZAF,2009,44052
South Africa,ZAF,2010,41501
South Africa,ZAF,2011,40166
South Africa,ZAF,2012,42432
South Africa,ZAF,2013,40427
South Africa,ZAF,2014,48994
South Africa,ZAF,2015,35421
South Africa,ZAF,2016,38172
South Africa,ZAF,2017,56437
South Africa,ZAF,2018,49331
South Korea,KOR,1993,36568
South Korea,KOR,1994,40074
South Korea,KOR,1995,39528
South Korea,KOR,1996,43795
South Korea,KOR,1997,44888
South Korea,KOR,1998,41022
South Korea,KOR,1999,43053
South Korea,KOR,2000,43233
South Korea,KOR,2001,44070
South Korea,KOR,2002,41003
South Korea,KOR,2003,39348
South Korea,KOR,2004,43715
South Korea,KOR,2005,42932
South Korea,KOR,2006,42776
South Korea,KOR,2007,41138
South Korea,KOR,2008,45152
South Korea,KOR,2009,45840
South Korea,KOR,2010,42089
South Korea,KOR,2011,42727
South Korea,KOR,2012,41652
South Korea,KOR,2013,43880
South Korea,KOR,2014,44952
South Korea,KOR,2015,46234
South Korea,KOR,2016,46109
South Korea,KOR,2017,45356
South Korea,KOR,2018,44865
Spain,ESP,1993,27007
Spain,ESP,1994,23274
Spain,ESP,1995,17133
Spain,ESP,1996,32669
Spain,ESP,1997,27275
Spain,ESP,1998,33560
Spain,ESP,1999,26629
Spain,ESP,2000,35630
Spain,ESP,2001,27594
Spain,ESP,2002,31816
Spain,ESP,2003,32076
Spain,ESP,2004,37057
Spain,ESP,2005,21177
Spain,ESP,2006,29899
Spain,ESP,2007,38952
Spain,ESP,2008,35405
Spain,ESP,2009,28947
Spain,ESP,2010,32404
Spain,ESP,2011,36402
Spain,ESP,2012,27940
Spain,ESP,2013,40007
Spain,ESP,2014,32033
Spain,ESP,2015,31977
Spain,ESP,2016,38330
Spain,ESP,2017,27239
Spain,ESP,2018,40229
Swaziland,SWZ,1993,13758
Swaziland,SWZ,1994,12674
Swaziland,SWZ,1995,21648
Swaziland,SWZ,1996,17553
Swaziland,SWZ,1997,19042
Swaziland,SWZ,1998,18971
Swaziland,SWZ,1999,16332
Swaziland,SWZ,2000,16319
Swaziland,SWZ,2001,14154
Swaziland,SWZ,2002,9936
Swaziland,SWZ,2003,10209
Swaziland,SWZ,2004,12423
Swaziland,SWZ,2005,13126
Swaziland,SWZ,2006,14173
Swaziland,SWZ,2007,5591
Swaziland,SWZ,2008,9945
Swaziland,SWZ,2009,12831
Swaziland,SWZ,2010,11995
Swaziland,SWZ,2011,13363
Swaziland,SWZ,2012,13301
Swaziland,SWZ,2013,13621
Swaziland,SWZ,2014,9991
Swaziland,SWZ,2015,10660
Swaziland,SWZ,2016,11620
Swaziland,SWZ,2017,11628
Swaziland,SWZ,2018,11598
Switzerland,CHE,1993,62090
Switzerland,CHE,1994,58076
Switzerland,CHE,1995,60688
Switzerland,CHE,1996,67068
Switzerland,CHE,1997,64070
Switzerland,CHE,1998,66410
Switzerland,CHE,1999,56431
Switzerland,CHE,2000,64022
Switzerland,CHE,2001,60119
Switzerland,CHE,2002,62698
Switzerland,CHE,2003,50865
Switzerland,CHE,2004,67325
Switzerland,CHE,2005,63004
Switzerland,CHE,2006,61650
Switzerland,CHE,2007,64185
Switzerland,CHE,2008,64131
Switzerland,CHE,2009,65783
Switzerland,CHE,2010,60939
Switzerland,CHE,2011,68746
Switzerland,CHE,2012,64643
Switzerland,CHE,2013,59456
Switzerland,CHE,2014,70433
Switzerland,CHE,2015,64315
Switzerland,CHE,2016,51546
Switzerland,CHE,2017,68002
Switzerland,CHE,2018,62037
Syria,SYR,1993,14890
Syria,SYR,1994,15364
Syria,SYR,1995,16612
Syria,SYR,1996,18531
Syria,SYR,1997,12729
Syria,SYR,1998,15847
Syria,SYR,1999,10724
Syria,SYR,2000,11486
Syria,SYR,2001,16926
Syria,SYR,2002,19935
Syria,SYR,2003,19990
Syria,SYR,2004,16575
Syria,SYR,2005,17114
Syria,SYR,2006,20023
Syria,SYR,2007,16224
Syria,SYR,2008,8967
Syria,SYR,2009,17077
Syria,SYR,2010,12319
Syria,SYR,2011,16788
Syria,SYR,2012,16432
Syria,SYR,2013,15759
Syria,SYR,2014,10634
Syria,SYR,2015,14584
Syria,SYR,2016,15534
Syria,SYR,2017,16211
Syria,SYR,2018,16419
Taiwan,TWN,1993,40656
Taiwan,TWN,1994,40151
Taiwan,TWN,1995,40361
Taiwan,TWN,1996,40293
Taiwan,TWN,1997,40025
Taiwan,TWN,1998,37143
Taiwan,TWN,1999,38313
Taiwan,TWN,2000,39330
Taiwan,TWN,2001,36660
Taiwan,TWN,2002,41691
Taiwan,TWN,2003,42717
Taiwan,TWN,2004,42597
Taiwan,TWN,2005,38302
Taiwan,TWN,2006,41193
Taiwan,TWN,2007,36788
Taiwan,TWN,2008,40120
Taiwan,TWN,2009,43035
Taiwan,TWN,2010,41152
Taiwan,TWN,2011,44929
Taiwan,TWN,2012,44348
Taiwan,TWN,2013,40627
Taiwan,TWN,2014,43959
Taiwan,TWN,2015,43195
Taiwan,TWN,2016,39895
Taiwan,TWN,2017,44032
Taiwan,TWN,2018,48716
Tajikistan,TJK,1993,9365
Tajikistan,TJK,1994,8536
Tajikistan,TJK,1995,8887
Tajikistan,TJK,1996,10203
Tajikistan,TJK,1997,12797
Tajikistan,TJK,1998,12015
Tajikistan,TJK,1999,11944
Tajikistan,TJK,2000,12451
Tajikistan,TJK,2001,13592
Tajikistan,TJK,2002,18434
Tajikistan,TJK,2003,20526
Tajikistan,TJK,2004,21076
Tajikistan,TJK,2005,21146
Tajikistan,TJK,2006,21196
Tajikistan,TJK,2007,23933
Tajikistan,TJK,2008,20987
Tajikistan,TJK,2009,30723
Tajikistan,TJK,2010,30595
Tajikistan,TJK,2011,24569
Tajikistan,TJK,2012,28236
Tajikistan,TJK,2013,30976
Tajikistan,TJK,2014,31219
Tajikistan,TJK,2015,31906
Tajikistan,TJK,2016,32700
Tajikistan,TJK,2017,33785
Tajikistan,TJK,2018,33205
Tanzania,TZA,1993,11605
Tanzania,TZA,1994,10719
Tanzania,TZA,1995,16270
Tanzania,TZA,1996,15006
Tanzania,TZA,1997,10413
Tanzania,TZA,1998,11229
Tanzania,TZA,1999,16595
Tanzania,TZA,2000,13372
Tanzania,TZA,2001,19134
Tanzania,TZA,2002,18017
Tanzania,TZA,2003,7818
Tanzania,TZA,2004,12986
Tanzania,TZA,2005,10222
Tanzania,TZA,2006,12339
Tanzania,TZA,2007,13277
Tanzania,TZA,2008,12515
Tanzania,TZA,2009,10254
Tanzania,TZA,2010,14797
Tanzania,TZA,2011,12596
Tanzania,TZA,2012,12177
Tanzania,TZA,2013,13011
Tanzania,TZA,2014,15385
Tanzania,TZA,2015,14595
Tanzania,TZA,2016,13909
Tanzania,TZA,2017,14010
Tanzania,TZA,2018,14154
Thailand,THA,1993,15284
Thailand,THA,1994,17412
Thailand,THA,1995,18115
Thailand,THA,1996,18337
Thailand,THA,1997,17580
Thailand,THA,1998,18280
Thailand,THA,1999,18248
Thailand,THA,2000,19525
Thailand,THA,2001,21067
Thailand,THA,2002,21364
Thailand,THA,2003,21303
Thailand,THA,2004,21086
Thailand,THA,2005,21573
Thailand,THA,2006,21289
Thailand,THA,2007,21788
Thailand,THA,2008,21709
Thailand,THA,2009,21308
Thailand,THA,2010,21792
Thailand,THA,2011,23062
Thailand,THA,2012,23055
Thailand,THA,2013,22781
Thailand,THA,2014,22396
Thailand,THA,2015,21282
Thailand,THA,2016,21935
Thailand,THA,2017,22920
Thailand,THA,2018,22856
Turkey,TUR,1993,22506
Turkey,TUR,1994,19176
Turkey,TUR,1995,20512
Turkey,TUR,1996,21056
Turkey,TUR,1997,21447
Turkey,TUR,1998,23800
Turkey,TUR,1999,20916
Turkey,TUR,2000,23620
Turkey,TUR,2001,21695
Turkey,TUR,2002,22333
Turkey,TUR,2003,22993
Turkey,TUR,2004,24661
Turkey,TUR,2005,26200
Turkey,TUR,2006,26441
Turkey,TUR,2007,23924
Turkey,TUR,2008,25790
Turkey,TUR,2009,27871
Turkey,TUR,2010,27033
Turkey,TUR,2011,29447
Turkey,TUR,2012,29323
Turkey,TUR,2013,32309
Turkey,TUR,2014,28076
Turkey,TUR,2015,32815
Turkey,TUR,2016,30785
Turkey,TUR,2017,32304
Turkey,TUR,2018,31351
Turkmenistan,TKM,1993,22659
Turkmenistan,TKM,1994,25393
Turkmenistan,TKM,1995,16603
Turkmenistan,TKM,1996,8037
Turkmenistan,TKM,1997,11724
Turkmenistan,TKM,1998,21409
Turkmenistan,TKM,1999,22547
Turkmenistan,TKM,2000,21114
Turkmenistan,TKM,2001,23025
Turkmenistan,TKM,2002,28894
Turkmenistan,TKM,2003,27316
Turkmenistan,TKM,2004,28930
Turkmenistan,TKM,2005,28882
Turkmenistan,TKM,2006,32460
Turkmenistan,TKM,2007,12889
Turkmenistan,TKM,2008,10891
Turkmenistan,TKM,2009,15890
Turkmenistan,TKM,2010,16887
Turkmenistan,TKM,2011,13574
Turkmenistan,TKM,2012,12332
Turkmenistan,TKM,2013,11882
Turkmenistan,TKM,2014,12026
Turkmenistan,TKM,2015,11671
Turkmenistan,TKM,2016,11351
Turkmenistan,TKM,2017,10587
Turkmenistan,TKM,2018,10298
Uganda,UGA,1993,15208
Uganda,UGA,1994,14752
Uganda,UGA,1995,15514
Uganda,UGA,1996,11841
Uganda,UGA,1997,11982
Uganda,UGA,1998,15044
Uganda,UGA,1999,16102
Uganda,UGA,2000,15129
Uganda,UGA,2001,16141
Uganda,UGA,2002,16111
Uganda,UGA,2003,16482
Uganda,UGA,2004,14420
Uganda,UGA,2005,15421
Uganda,UGA,2006,14924
Uganda,UGA,2007,14947
Uganda,UGA,2008,17931
Uganda,UGA,2009,19950
Uganda,UGA,2010,19345
Uganda,UGA,2011,20113
Uganda,UGA,2012,19887
Uganda,UGA,2013,19569
Uganda,UGA,2014,19762
Uganda,UGA,2015,18862
Uganda,UGA,2016,18717
Uganda,UGA,2017,20002
Uganda,UGA,2018,20021
Ukraine,UKR,1993,32875
Ukraine,UKR,1994,27224
Ukraine,UKR,1995,25102
Ukraine,UKR,1996,20079
Ukraine,UKR,1997,24887
Ukraine,UKR,1998,21077
Ukraine,UKR,1999,20011
Ukraine,UKR,2000,19483
Ukraine,UKR,2001,27279
Ukraine,UKR,2002,27504
Ukraine,UKR,2003,22761
Ukraine,UKR,2004,28433
Ukraine,UKR,2005,26209
Ukraine,UKR,2006,24253
Ukraine,UKR,2007,22039
Ukraine,UKR,2008,34847
Ukraine,UKR,2009,30007
Ukraine,UKR,2010,27232
Ukraine,UKR,2011,37499
Ukraine,UKR,2012,31532
Ukraine,UKR,2013,40277
Ukraine,UKR,2014,43990
Ukraine,UKR,2015,41395
Ukraine,UKR,2016,46501
Ukraine,UKR,2017,43143
Ukraine,UKR,2018,48508
United Arab Emirates,ARE,1993,41647
United Arab Emirates,ARE,1994,64145
United Arab Emirates,ARE,1995,64740
United Arab Emirates,ARE,1996,65021
United Arab Emirates,ARE,1997,158940
United Arab Emirates,ARE,1998,177463
United Arab Emirates,ARE,1999,171658
United Arab Emirates,ARE,2000,175047
United Arab Emirates,ARE,2001,174769
United Arab Emirates,ARE,2002,180646
United Arab Emirates,ARE,2003,209278
United Arab Emirates,ARE,2004,203736
United Arab Emirates,ARE,2005,202152
United Arab Emirates,ARE,2006,209008
United Arab Emirates,ARE,2007,214286
United Arab Emirates,ARE,2008,222659
United Arab Emirates,ARE,2009,247166
United Arab Emirates,ARE,2010,180698
United Arab Emirates,ARE,2011,240643
United Arab Emirates,ARE,2012,121122
United Arab Emirates,ARE,2013,367619
United Arab Emirates,ARE,2014,137854
United Arab Emirates,ARE,2015,320287
United Arab Emirates,ARE,2016,315382
United Arab Emirates,ARE,2017,302350
United Arab Emirates,ARE,2018,275821
United Kingdom,GBR,1993,64286
United Kingdom,GBR,1994,65568
United Kingdom,GBR,1995,68726
United Kingdom,GBR,1996,72999
United Kingdom,GBR,1997,66958
United Kingdom,GBR,1998,66614
United Kingdom,GBR,1999,70433
United Kingdom,GBR,2000,71648
United Kingdom,GBR,2001,62911
United Kingdom,GBR,2002,70769
United Kingdom,GBR,2003,70328
United Kingdom,GBR,2004,70318
United Kingdom,GBR,2005,71965
United Kingdom,GBR,2006,72786
United Kingdom,GBR,2007,66323
United Kingdom,GBR,2008,74202
United Kingdom,GBR,2009,70296
United Kingdom,GBR,2010,69530
United Kingdom,GBR,2011,69847
United Kingdom,GBR,2012,62151
United Kingdom,GBR,2013,66316
United Kingdom,GBR,2014,76965
United Kingdom,GBR,2015,79809
United Kingdom,GBR,2016,70226
United Kingdom,GBR,2017,72290
United Kingdom,GBR,2018,67887
United States,USA,1993,42597
United States,USA,1994,55133
United States,USA,1995,46008
United States,USA,1996,51354
United States,USA,1997,52320
United States,USA,1998,56312
United States,USA,1999,56832
United States,USA,2000,58051
United States,USA,2001,58322
United States,USA,2002,54873
United States,USA,2003,59715
United States,USA,2004,67893
United States,USA,2005,63914
United States,USA,2006,63448
United States,USA,2007,66560
United States,USA,2008,65478
United States,USA,2009,71689
United States,USA,2010,69142
United States,USA,2011,67542
United States,USA,2012,58618
United States,USA,2013,72527
United States,USA,2014,75802
United States,USA,2015,73800
United States,USA,2016,85564
United States,USA,2017,87304
United States,USA,2018,86287
Uruguay,URY,1993,20901
Uruguay,URY,1994,25388
Uruguay,URY,1995,27152
Uruguay,URY,1996,28101
Uruguay,URY,1997,25679
Uruguay,URY,1998,29308
Uruguay,URY,1999,31108
Uruguay,URY,2000,30447
Uruguay,URY,2001,26721
Uruguay,URY,2002,28180
Uruguay,URY,2003,28846
Uruguay,URY,2004,36096
Uruguay,URY,2005,35946
Uruguay,URY,2006,37172
Uruguay,URY,2007,37073
Uruguay,URY,2008,36742
Uruguay,URY,2009,34421
Uruguay,URY,2010,37654
Uruguay,URY,2011,37624
Uruguay,URY,2012,36512
Uruguay,URY,2013,32803
Uruguay,URY,2014,37468
Uruguay,URY,2015,36956
Uruguay,URY,2016,41585
Uruguay,URY,2017,39201
Uruguay,URY,2018,43379
Uzbekistan,UZB,1993,16330
Uzbekistan,UZB,1994,16042
Uzbekistan,UZB,1995,19864
Uzbekistan,UZB,1996,19405
Uzbekistan,UZB,1997,20941
Uzbekistan,UZB,1998,25226
Uzbekistan,UZB,1999,25569
Uzbekistan,UZB,2000,26567
Uzbekistan,UZB,2001,30374
Uzbekistan,UZB,2002,37982
Uzbekistan,UZB,2003,36320
Uzbekistan,UZB,2004,35646
Uzbekistan,UZB,2005,40086
Uzbekistan,UZB,2006,40686
Uzbekistan,UZB,2007,43743
Uzbekistan,UZB,2008,42806
Uzbekistan,UZB,2009,45459
Uzbekistan,UZB,2010,44116
Uzbekistan,UZB,2011,44048
Uzbekistan,UZB,2012,45468
Uzbekistan,UZB,2013,46941
Uzbekistan,UZB,2014,47512
Uzbekistan,UZB,2015,47658
Uzbekistan,UZB,2016,47081
Uzbekistan,UZB,2017,42034
Uzbekistan,UZB,2018,40304
Venezuela,VEN,1993,26154
Venezuela,VEN,1994,26462
Venezuela,VEN,1995,26653
Venezuela,VEN,1996,26841
Venezuela,VEN,1997,27468
Venezuela,VEN,1998,27541
Venezuela,VEN,1999,29655
Venezuela,VEN,2000,29997
Venezuela,VEN,2001,30395
Venezuela,VEN,2002,29089
Venezuela,VEN,2003,29777
Venezuela,VEN,2004,30861
Venezuela,VEN,2005,30408
Venezuela,VEN,2006,30999
Venezuela,VEN,2007,32794
Venezuela,VEN,2008,31248
Venezuela,VEN,2009,28585
Venezuela,VEN,2010,32837
Venezuela,VEN,2011,31189
Venezuela,VEN,2012,33647
Venezuela,VEN,2013,36157
Venezuela,VEN,2014,36075
Venezuela,VEN,2015,30977
Venezuela,VEN,2016,32498
Venezuela,VEN,2017,28514
Venezuela,VEN,2018,30929
Yemen,YEM,1993,11093
Yemen,YEM,1994,10916
Yemen,YEM,1995,11050
Yemen,YEM,1996,9371
Yemen,YEM,1997,8954
Yemen,YEM,1998,10815
Yemen,YEM,1999,11112
Yemen,YEM,2000,10850
Yemen,YEM,2001,10643
Yemen,YEM,2002,9438
Yemen,YEM,2003,7852
Yemen,YEM,2004,7152
Yemen,YEM,2005,7131
Yemen,YEM,2006,9302
Yemen,YEM,2007,10195
Yemen,YEM,2008,9391
Yemen,YEM,2009,9952
Yemen,YEM,2010,10924
Yemen,YEM,2011,10225
Yemen,YEM,2012,10644
Yemen,YEM,2013,10082
Yemen,YEM,2014,9627
Yemen,YEM,2015,7842
Yemen,YEM,2016,6870
Yemen,YEM,2017,6990
Yemen,YEM,2018,7592
Zambia,ZMB,1993,22967
Zambia,ZMB,1994,14150
Zambia,ZMB,1995,13253
Zambia,ZMB,1996,19063
Zambia,ZMB,1997,14082
Zambia,ZMB,1998,12079
Zambia,ZMB,1999,13171
Zambia,ZMB,2000,16758
Zambia,ZMB,2001,13964
Zambia,ZMB,2002,14108
Zambia,ZMB,2003,16955
Zambia,ZMB,2004,18069
Zambia,ZMB,2005,18908
Zambia,ZMB,2006,18107
Zambia,ZMB,2007,22437
Zambia,ZMB,2008,21673
Zambia,ZMB,2009,20533
Zambia,ZMB,2010,25194
Zambia,ZMB,2011,27181
Zambia,ZMB,2012,26766
Zambia,ZMB,2013,25194
Zambia,ZMB,2014,27476
Zambia,ZMB,2015,29986
Zambia,ZMB,2016,24119
Zambia,ZMB,2017,24713
Zambia,ZMB,2018,21459
Zimbabwe,ZWE,1993,15019
Zimbabwe,ZWE,1994,11345
Zimbabwe,ZWE,1995,5481
Zimbabwe,ZWE,1996,12586
Zimbabwe,ZWE,1997,10542
Zimbabwe,ZWE,1998,10165
Zimbabwe,ZWE,1999,10689
Zimbabwe,ZWE,2000,11595
Zimbabwe,ZWE,2001,11939
Zimbabwe,ZWE,2002,5390
Zimbabwe,ZWE,2003,7953
Zimbabwe,ZWE,2004,12059
Zimbabwe,ZWE,2005,6537
Zimbabwe,ZWE,2006,9342
Zimbabwe,ZWE,2007,8068
Zimbabwe,ZWE,2008,3096
Zimbabwe,ZWE,2009,4523
Zimbabwe,ZWE,2010,7336
Zimbabwe,ZWE,2011,5876
Zimbabwe,ZWE,2012,6963
Zimbabwe,ZWE,2013,6691
Zimbabwe,ZWE,2014,8243
Zimbabwe,ZWE,2015,5584
Zimbabwe,ZWE,2016,4349
Zimbabwe,ZWE,2017,6219
Zimbabwe,ZWE,2018,5789
