Country,Code,Year,Surface_Temp_Anomaly
Afghanistan,AFG,1993,0.23
Afghanistan,AFG,1994,0.66
Afghanistan,AFG,1995,0.41
Afghanistan,AFG,1996,-0.07
Afghanistan,AFG,1997,0.33
Afghanistan,AFG,1998,1.12
Afghanistan,AFG,1999,1.17
Afghanistan,AFG,2000,1.42
Afghanistan,AFG,2001,1.67
Afghanistan,AFG,2002,1.78
Afghanistan,AFG,2003,1.08
Afghanistan,AFG,2004,1.76
Afghanistan,AFG,2005,0.91
Afghanistan,AFG,2006,2.97
Afghanistan,AFG,2007,0.69
Afghanistan,AFG,2008,1.18
Afghanistan,AFG,2009,1.61
Afghanistan,AFG,2010,1.94
Afghanistan,AFG,2011,1.71
Afghanistan,AFG,2012,0.66
Afghanistan,AFG,2013,1.54
Afghanistan,AFG,2014,1.19
Afghanistan,AFG,2015,1.59
Afghanistan,AFG,2016,-0.29
Afghanistan,AFG,2017,1.95
Albania,ALB,1993,0.14
Albania,ALB,1994,0.91
Albania,ALB,1995,-0.01
Albania,ALB,1996,-0.31
Albania,ALB,1997,-0.10
Albania,ALB,1998,0.29
Albania,ALB,1999,0.72
Albania,ALB,2000,0.98
Albania,ALB,2001,0.82
Albania,ALB,2002,0.82
Albania,ALB,2003,0.82
Albania,ALB,2004,0.52
Albania,ALB,2005,0.17
Albania,ALB,2006,0.42
Albania,ALB,2007,1.02
Albania,ALB,2008,0.78
Albania,ALB,2009,0.72
Albania,ALB,2010,0.69
Albania,ALB,2011,0.85
Albania,ALB,2012,1.30
Albania,ALB,2013,1.09
Albania,ALB,2014,1.12
Albania,ALB,2015,1.30
Albania,ALB,2016,1.10
Albania,ALB,2017,0.94
Algeria,DZA,1993,0.50
Algeria,DZA,1994,0.48
Algeria,DZA,1995,0.65
Algeria,DZA,1996,0.64
Algeria,DZA,1997,0.82
Algeria,DZA,1998,0.90
Algeria,DZA,1999,1.04
Algeria,DZA,2000,0.85
Algeria,DZA,2001,1.50
Algeria,DZA,2002,1.10
Algeria,DZA,2003,1.18
Algeria,DZA,2004,0.95
Algeria,DZA,2005,1.06
Algeria,DZA,2006,0.99
Algeria,DZA,2007,1.02
Algeria,DZA,2008,0.92
Algeria,DZA,2009,1.15
Algeria,DZA,2010,2.09
Algeria,DZA,2011,1.12
Algeria,DZA,2012,1.08
Algeria,DZA,2013,1.07
Algeria,DZA,2014,1.56
Algeria,DZA,2015,1.08
Algeria,DZA,2016,1.77
Algeria,DZA,2017,1.63
Angola,AGO,1993,-0.04
Angola,AGO,1994,0.19
Angola,AGO,1995,1.00
Angola,AGO,1996,1.02
Angola,AGO,1997,0.41
Angola,AGO,1998,1.39
Angola,AGO,1999,0.54
Angola,AGO,2000,0.80
Angola,AGO,2001,1.03
Angola,AGO,2002,1.10
Angola,AGO,2003,1.27
Angola,AGO,2004,0.78
Angola,AGO,2005,1.67
Angola,AGO,2006,1.29
Angola,AGO,2007,1.52
Angola,AGO,2008,1.27
Angola,AGO,2009,1.36
Angola,AGO,2010,1.76
Angola,AGO,2011,1.51
Angola,AGO,2012,2.10
Angola,AGO,2013,1.95
Angola,AGO,2014,1.62
Angola,AGO,2015,2.80
Angola,AGO,2016,2.19
Angola,AGO,2017,0.82
Argentina,ARG,1993,0.11
Argentina,ARG,1994,0.80
Argentina,ARG,1995,0.08
Argentina,ARG,1996,0.03
Argentina,ARG,1997,0.49
Argentina,ARG,1998,0.07
Argentina,ARG,1999,-0.13
Argentina,ARG,2000,-0.35
Argentina,ARG,2001,0.37
Argentina,ARG,2002,0.05
Argentina,ARG,2003,0.36
Argentina,ARG,2004,0.30
Argentina,ARG,2005,-0.06
Argentina,ARG,2006,0.55
Argentina,ARG,2007,-0.45
Argentina,ARG,2008,0.39
Argentina,ARG,2009,0.58
Argentina,ARG,2010,-0.04
Argentina,ARG,2011,0.33
Argentina,ARG,2012,0.72
Argentina,ARG,2013,0.43
Argentina,ARG,2014,0.61
Argentina,ARG,2015,0.62
Argentina,ARG,2016,0.00
Argentina,ARG,2017,0.74
Armenia,ARM,1993,-1.11
Armenia,ARM,1994,0.08
Armenia,ARM,1995,0.57
Armenia,ARM,1996,0.40
Armenia,ARM,1997,-0.12
Armenia,ARM,1998,1.06
Armenia,ARM,1999,1.22
Armenia,ARM,2000,0.70
Armenia,ARM,2001,1.40
Armenia,ARM,2002,0.64
Armenia,ARM,2003,0.43
Armenia,ARM,2004,0.69
Armenia,ARM,2005,1.12
Armenia,ARM,2006,0.89
Armenia,ARM,2007,0.72
Armenia,ARM,2008,0.67
Armenia,ARM,2009,0.72
Armenia,ARM,2010,2.54
Armenia,ARM,2011,-0.09
Armenia,ARM,2012,1.10
Armenia,ARM,2013,0.88
Armenia,ARM,2014,1.33
Armenia,ARM,2015,1.24
Armenia,ARM,2016,0.80
Armenia,ARM,2017,0.58
Australia,AUS,1993,0.23
Australia,AUS,1994,0.05
Australia,AUS,1995,0.10
Australia,AUS,1996,0.38
Australia,AUS,1997,0.17
Australia,AUS,1998,0.77
Australia,AUS,1999,0.23
Australia,AUS,2000,-0.11
Australia,AUS,2001,0.00
Australia,AUS,2002,0.57
Australia,AUS,2003,0.57
Australia,AUS,2004,0.37
Australia,AUS,2005,0.91
Australia,AUS,2006,0.36
Australia,AUS,2007,0.55
Australia,AUS,2008,0.28
Australia,AUS,2009,0.71
Australia,AUS,2010,0.21
Australia,AUS,2011,-0.14
Australia,AUS,2012,0.06
Australia,AUS,2013,1.07
Australia,AUS,2014,0.83
Australia,AUS,2015,0.78
Australia,AUS,2016,0.87
Australia,AUS,2017,0.74
Austria,AUT,1993,0.51
Austria,AUT,1994,1.69
Austria,AUT,1995,0.46
Austria,AUT,1996,-0.34
Austria,AUT,1997,0.79
Austria,AUT,1998,0.85
Austria,AUT,1999,0.86
Austria,AUT,2000,1.55
Austria,AUT,2001,0.88
Austria,AUT,2002,1.54
Austria,AUT,2003,1.25
Austria,AUT,2004,0.64
Austria,AUT,2005,0.27
Austria,AUT,2006,1.02
Austria,AUT,2007,1.68
Austria,AUT,2008,1.37
Austria,AUT,2009,1.10
Austria,AUT,2010,0.14
Austria,AUT,2011,1.54
Austria,AUT,2012,1.27
Austria,AUT,2013,0.93
Austria,AUT,2014,2.12
Austria,AUT,2015,2.04
Austria,AUT,2016,1.48
Austria,AUT,2017,1.83
Azerbaijan,AZE,1993,-1.14
Azerbaijan,AZE,1994,-0.04
Azerbaijan,AZE,1995,0.73
Azerbaijan,AZE,1996,0.35
Azerbaijan,AZE,1997,-0.05
Azerbaijan,AZE,1998,0.95
Azerbaijan,AZE,1999,1.25
Azerbaijan,AZE,2000,0.78
Azerbaijan,AZE,2001,1.31
Azerbaijan,AZE,2002,0.65
Azerbaijan,AZE,2003,0.31
Azerbaijan,AZE,2004,0.91
Azerbaijan,AZE,2005,1.11
Azerbaijan,AZE,2006,0.93
Azerbaijan,AZE,2007,0.82
Azerbaijan,AZE,2008,0.62
Azerbaijan,AZE,2009,0.75
Azerbaijan,AZE,2010,2.44
Azerbaijan,AZE,2011,-0.03
Azerbaijan,AZE,2012,1.15
Azerbaijan,AZE,2013,1.02
Azerbaijan,AZE,2014,1.26
Azerbaijan,AZE,2015,1.22
Azerbaijan,AZE,2016,0.84
Azerbaijan,AZE,2017,0.63
Bangladesh,BGD,1993,-0.35
Bangladesh,BGD,1994,-0.10
Bangladesh,BGD,1995,0.16
Bangladesh,BGD,1996,0.02
Bangladesh,BGD,1997,-0.47
Bangladesh,BGD,1998,0.34
Bangladesh,BGD,1999,0.07
Bangladesh,BGD,2000,-0.43
Bangladesh,BGD,2001,0.62
Bangladesh,BGD,2002,0.85
Bangladesh,BGD,2003,0.63
Bangladesh,BGD,2004,0.83
Bangladesh,BGD,2005,1.49
Bangladesh,BGD,2006,1.78
Bangladesh,BGD,2007,1.18
Bangladesh,BGD,2008,1.37
Bangladesh,BGD,2009,1.72
Bangladesh,BGD,2010,1.31
Bangladesh,BGD,2011,1.46
Bangladesh,BGD,2012,0.40
Bangladesh,BGD,2013,-0.34
Bangladesh,BGD,2014,0.23
Bangladesh,BGD,2015,-0.01
Bangladesh,BGD,2016,0.61
Bangladesh,BGD,2017,0.24
Belarus,BLR,1993,-0.07
Belarus,BLR,1994,0.79
Belarus,BLR,1995,0.91
Belarus,BLR,1996,-0.44
Belarus,BLR,1997,0.20
Belarus,BLR,1998,0.44
Belarus,BLR,1999,1.63
Belarus,BLR,2000,1.81
Belarus,BLR,2001,0.96
Belarus,BLR,2002,1.64
Belarus,BLR,2003,0.54
Belarus,BLR,2004,0.73
Belarus,BLR,2005,0.79
Belarus,BLR,2006,0.90
Belarus,BLR,2007,1.89
Belarus,BLR,2008,1.99
Belarus,BLR,2009,1.19
Belarus,BLR,2010,0.88
Belarus,BLR,2011,1.39
Belarus,BLR,2012,0.77
Belarus,BLR,2013,1.46
Belarus,BLR,2014,1.73
Belarus,BLR,2015,2.52
Belarus,BLR,2016,1.77
Belarus,BLR,2017,1.30
Bhutan,BTN,1993,0.03
Bhutan,BTN,1994,0.32
Bhutan,BTN,1995,0.47
Bhutan,BTN,1996,0.33
Bhutan,BTN,1997,-0.32
Bhutan,BTN,1998,0.81
Bhutan,BTN,1999,1.06
Bhutan,BTN,2000,0.28
Bhutan,BTN,2001,0.91
Bhutan,BTN,2002,0.65
Bhutan,BTN,2003,0.78
Bhutan,BTN,2004,0.70
Bhutan,BTN,2005,0.88
Bhutan,BTN,2006,1.38
Bhutan,BTN,2007,1.22
Bhutan,BTN,2008,0.90
Bhutan,BTN,2009,1.57
Bhutan,BTN,2010,1.51
Bhutan,BTN,2011,0.73
Bhutan,BTN,2012,0.61
Bhutan,BTN,2013,0.80
Bhutan,BTN,2014,1.04
Bhutan,BTN,2015,0.93
Bhutan,BTN,2016,1.13
Bhutan,BTN,2017,0.78
Bolivia,BOL,1993,-0.08
Bolivia,BOL,1994,0.61
Bolivia,BOL,1995,0.04
Bolivia,BOL,1996,-0.04
Bolivia,BOL,1997,0.44
Bolivia,BOL,1998,0.37
Bolivia,BOL,1999,-0.30
Bolivia,BOL,2000,-0.10
Bolivia,BOL,2001,0.05
Bolivia,BOL,2002,0.26
Bolivia,BOL,2003,-0.03
Bolivia,BOL,2004,0.58
Bolivia,BOL,2005,-0.45
Bolivia,BOL,2006,0.01
Bolivia,BOL,2007,-0.29
Bolivia,BOL,2008,-0.66
Bolivia,BOL,2009,-0.18
Bolivia,BOL,2010,0.01
Bolivia,BOL,2011,-0.12
Bolivia,BOL,2012,0.04
Bolivia,BOL,2013,-0.16
Bolivia,BOL,2014,-0.01
Bolivia,BOL,2015,0.41
Bolivia,BOL,2016,0.14
Bolivia,BOL,2017,0.31
Bosnia and Herzegovina,BIH,1993,0.31
Bosnia and Herzegovina,BIH,1994,1.34
Bosnia and Herzegovina,BIH,1995,0.20
Bosnia and Herzegovina,BIH,1996,-0.46
Bosnia and Herzegovina,BIH,1997,0.18
Bosnia and Herzegovina,BIH,1998,0.64
Bosnia and Herzegovina,BIH,1999,0.79
Bosnia and Herzegovina,BIH,2000,1.61
Bosnia and Herzegovina,BIH,2001,0.77
Bosnia and Herzegovina,BIH,2002,1.29
Bosnia and Herzegovina,BIH,2003,1.07
Bosnia and Herzegovina,BIH,2004,0.72
Bosnia and Herzegovina,BIH,2005,0.23
Bosnia and Herzegovina,BIH,2006,0.74
Bosnia and Herzegovina,BIH,2007,1.48
Bosnia and Herzegovina,BIH,2008,1.24
Bosnia and Herzegovina,BIH,2009,0.99
Bosnia and Herzegovina,BIH,2010,0.38
Bosnia and Herzegovina,BIH,2011,1.26
Bosnia and Herzegovina,BIH,2012,1.50
Bosnia and Herzegovina,BIH,2013,1.21
Bosnia and Herzegovina,BIH,2014,1.92
Bosnia and Herzegovina,BIH,2015,1.82
Bosnia and Herzegovina,BIH,2016,1.33
Bosnia and Herzegovina,BIH,2017,1.31
Botswana,BWA,1993,0.54
Botswana,BWA,1994,-0.07
Botswana,BWA,1995,0.78
Botswana,BWA,1996,-0.18
Botswana,BWA,1997,0.23
Botswana,BWA,1998,0.85
Botswana,BWA,1999,0.52
Botswana,BWA,2000,-0.53
Botswana,BWA,2001,0.14
Botswana,BWA,2002,0.54
Botswana,BWA,2003,0.63
Botswana,BWA,2004,1.24
Botswana,BWA,2005,1.75
Botswana,BWA,2006,0.73
Botswana,BWA,2007,0.87
Botswana,BWA,2008,1.52
Botswana,BWA,2009,0.98
Botswana,BWA,2010,0.36
Botswana,BWA,2011,0.24
Botswana,BWA,2012,0.78
Botswana,BWA,2013,-0.05
Botswana,BWA,2014,0.14
Botswana,BWA,2015,0.99
Botswana,BWA,2016,0.93
Botswana,BWA,2017,0.24
Brazil,BRA,1993,0.23
Brazil,BRA,1994,0.28
Brazil,BRA,1995,0.53
Brazil,BRA,1996,0.23
Brazil,BRA,1997,0.44
Brazil,BRA,1998,0.98
Brazil,BRA,1999,0.34
Brazil,BRA,2000,0.35
Brazil,BRA,2001,0.73
Brazil,BRA,2002,0.95
Brazil,BRA,2003,0.70
Brazil,BRA,2004,0.62
Brazil,BRA,2005,0.94
Brazil,BRA,2006,0.65
Brazil,BRA,2007,0.76
Brazil,BRA,2008,0.52
Brazil,BRA,2009,0.75
Brazil,BRA,2010,0.92
Brazil,BRA,2011,0.52
Brazil,BRA,2012,0.73
Brazil,BRA,2013,0.57
Brazil,BRA,2014,0.77
Brazil,BRA,2015,1.16
Brazil,BRA,2016,1.00
Brazil,BRA,2017,0.73
Bulgaria,BGR,1993,-0.11
Bulgaria,BGR,1994,1.26
Bulgaria,BGR,1995,0.23
Bulgaria,BGR,1996,-0.34
Bulgaria,BGR,1997,-0.57
Bulgaria,BGR,1998,0.45
Bulgaria,BGR,1999,0.91
Bulgaria,BGR,2000,1.09
Bulgaria,BGR,2001,0.83
Bulgaria,BGR,2002,0.89
Bulgaria,BGR,2003,0.18
Bulgaria,BGR,2004,0.41
Bulgaria,BGR,2005,0.02
Bulgaria,BGR,2006,0.27
Bulgaria,BGR,2007,1.34
Bulgaria,BGR,2008,1.22
Bulgaria,BGR,2009,1.11
Bulgaria,BGR,2010,0.98
Bulgaria,BGR,2011,0.18
Bulgaria,BGR,2012,1.31
Bulgaria,BGR,2013,1.27
Bulgaria,BGR,2014,1.14
Bulgaria,BGR,2015,1.23
Bulgaria,BGR,2016,1.23
Bulgaria,BGR,2017,0.63
Burundi,BDI,1993,0.55
Burundi,BDI,1994,0.31
Burundi,BDI,1995,0.05
Burundi,BDI,1996,-0.16
Burundi,BDI,1997,-0.03
Burundi,BDI,1998,-0.22
Burundi,BDI,1999,-0.15
Burundi,BDI,2000,0.54
Burundi,BDI,2001,0.31
Burundi,BDI,2002,0.84
Burundi,BDI,2003,0.58
Burundi,BDI,2004,0.53
Burundi,BDI,2005,1.52
Burundi,BDI,2006,0.43
Burundi,BDI,2007,0.21
Burundi,BDI,2008,0.65
Burundi,BDI,2009,0.93
Burundi,BDI,2010,0.72
Burundi,BDI,2011,0.58
Burundi,BDI,2012,0.07
Burundi,BDI,2013,0.35
Burundi,BDI,2014,0.45
Burundi,BDI,2015,0.44
Burundi,BDI,2016,0.78
Burundi,BDI,2017,1.10
Cameroon,CMR,1993,0.05
Cameroon,CMR,1994,-0.02
Cameroon,CMR,1995,0.11
Cameroon,CMR,1996,0.33
Cameroon,CMR,1997,0.23
Cameroon,CMR,1998,0.44
Cameroon,CMR,1999,0.26
Cameroon,CMR,2000,-0.38
Cameroon,CMR,2001,-1.06
Cameroon,CMR,2002,-0.45
Cameroon,CMR,2003,-0.19
Cameroon,CMR,2004,-0.22
Cameroon,CMR,2005,0.59
Cameroon,CMR,2006,0.54
Cameroon,CMR,2007,0.20
Cameroon,CMR,2008,0.54
Cameroon,CMR,2009,0.80
Cameroon,CMR,2010,0.78
Cameroon,CMR,2011,0.73
Cameroon,CMR,2012,0.60
Cameroon,CMR,2013,0.96
Cameroon,CMR,2014,0.62
Cameroon,CMR,2015,1.03
Cameroon,CMR,2016,1.27
Cameroon,CMR,2017,1.61
Canada,CAN,1993,0.50
Canada,CAN,1994,0.42
Canada,CAN,1995,0.65
Canada,CAN,1996,-0.06
Canada,CAN,1997,0.67
Canada,CAN,1998,2.46
Canada,CAN,1999,1.62
Canada,CAN,2000,0.70
Canada,CAN,2001,1.58
Canada,CAN,2002,0.43
Canada,CAN,2003,0.98
Canada,CAN,2004,0.09
Canada,CAN,2005,1.49
Canada,CAN,2006,2.18
Canada,CAN,2007,1.00
Canada,CAN,2008,0.64
Canada,CAN,2009,0.93
Canada,CAN,2010,2.99
Canada,CAN,2011,1.67
Canada,CAN,2012,1.77
Canada,CAN,2013,0.71
Canada,CAN,2014,0.74
Canada,CAN,2015,1.48
Canada,CAN,2016,2.03
Canada,CAN,2017,1.62
Chad,TCD,1993,2.01
Chad,TCD,1994,0.35
Chad,TCD,1995,-0.11
Chad,TCD,1996,0.59
Chad,TCD,1997,1.09
Chad,TCD,1998,0.83
Chad,TCD,1999,0.37
Chad,TCD,2000,0.23
Chad,TCD,2001,0.01
Chad,TCD,2002,0.54
Chad,TCD,2003,0.46
Chad,TCD,2004,0.57
Chad,TCD,2005,1.26
Chad,TCD,2006,0.66
Chad,TCD,2007,0.14
Chad,TCD,2008,0.12
Chad,TCD,2009,1.19
Chad,TCD,2010,1.20
Chad,TCD,2011,1.07
Chad,TCD,2012,0.43
Chad,TCD,2013,1.09
Chad,TCD,2014,0.94
Chad,TCD,2015,1.42
Chad,TCD,2016,1.57
Chad,TCD,2017,1.46
Chile,CHL,1993,0.30
Chile,CHL,1994,0.09
Chile,CHL,1995,-0.45
Chile,CHL,1996,0.19
Chile,CHL,1997,-0.06
Chile,CHL,1998,0.82
Chile,CHL,1999,0.30
Chile,CHL,2000,-0.37
Chile,CHL,2001,-0.05
Chile,CHL,2002,-0.23
Chile,CHL,2003,0.28
Chile,CHL,2004,0.84
Chile,CHL,2005,0.29
Chile,CHL,2006,0.42
Chile,CHL,2007,-0.84
Chile,CHL,2008,0.26
Chile,CHL,2009,0.00
Chile,CHL,2010,-0.23
Chile,CHL,2011,-0.12
Chile,CHL,2012,0.29
Chile,CHL,2013,0.50
Chile,CHL,2014,0.02
Chile,CHL,2015,0.56
Chile,CHL,2016,1.02
Chile,CHL,2017,1.02
China,CHN,1993,0.22
China,CHN,1994,0.77
China,CHN,1995,0.55
China,CHN,1996,0.25
China,CHN,1997,0.72
China,CHN,1998,1.42
China,CHN,1999,1.14
China,CHN,2000,0.58
China,CHN,2001,0.96
China,CHN,2002,1.18
China,CHN,2003,0.93
China,CHN,2004,1.19
China,CHN,2005,0.83
China,CHN,2006,1.38
China,CHN,2007,1.66
China,CHN,2008,1.10
China,CHN,2009,1.22
China,CHN,2010,0.99
China,CHN,2011,0.82
China,CHN,2012,0.53
China,CHN,2013,1.26
China,CHN,2014,1.15
China,CHN,2015,1.47
China,CHN,2016,0.96
China,CHN,2017,1.51
Colombia,COL,1993,0.25
Colombia,COL,1994,0.11
Colombia,COL,1995,0.33
Colombia,COL,1996,0.04
Colombia,COL,1997,0.59
Colombia,COL,1998,0.78
Colombia,COL,1999,-0.31
Colombia,COL,2000,-0.03
Colombia,COL,2001,0.32
Colombia,COL,2002,0.50
Colombia,COL,2003,0.57
Colombia,COL,2004,0.45
Colombia,COL,2005,0.61
Colombia,COL,2006,0.41
Colombia,COL,2007,0.41
Colombia,COL,2008,0.17
Colombia,COL,2009,0.59
Colombia,COL,2010,0.71
Colombia,COL,2011,0.31
Colombia,COL,2012,0.44
Colombia,COL,2013,0.59
Colombia,COL,2014,0.86
Colombia,COL,2015,1.30
Colombia,COL,2016,1.24
Colombia,COL,2017,0.33
Croatia,HRV,1993,0.39
Croatia,HRV,1994,1.34
Croatia,HRV,1995,0.24
Croatia,HRV,1996,-0.32
Croatia,HRV,1997,0.45
Croatia,HRV,1998,0.66
Croatia,HRV,1999,0.73
Croatia,HRV,2000,1.41
Croatia,HRV,2001,0.79
Croatia,HRV,2002,1.21
Croatia,HRV,2003,1.12
Croatia,HRV,2004,0.66
Croatia,HRV,2005,0.25
Croatia,HRV,2006,0.85
Croatia,HRV,2007,1.40
Croatia,HRV,2008,1.18
Croatia,HRV,2009,0.97
Croatia,HRV,2010,0.28
Croatia,HRV,2011,1.32
Croatia,HRV,2012,1.41
Croatia,HRV,2013,1.04
Croatia,HRV,2014,1.80
Croatia,HRV,2015,1.80
Croatia,HRV,2016,1.30
Croatia,HRV,2017,1.53
Czech Republic,CZE,1993,0.30
Czech Republic,CZE,1994,1.44
Czech Republic,CZE,1995,0.57
Czech Republic,CZE,1996,-0.79
Czech Republic,CZE,1997,0.52
Czech Republic,CZE,1998,0.81
Czech Republic,CZE,1999,1.08
Czech Republic,CZE,2000,1.76
Czech Republic,CZE,2001,0.76
Czech Republic,CZE,2002,1.44
Czech Republic,CZE,2003,1.03
Czech Republic,CZE,2004,0.65
Czech Republic,CZE,2005,0.55
Czech Republic,CZE,2006,1.15
Czech Republic,CZE,2007,1.75
Czech Republic,CZE,2008,1.58
Czech Republic,CZE,2009,1.11
Czech Republic,CZE,2010,-0.05
Czech Republic,CZE,2011,1.31
Czech Republic,CZE,2012,1.12
Czech Republic,CZE,2013,0.88
Czech Republic,CZE,2014,2.18
Czech Republic,CZE,2015,1.93
Czech Republic,CZE,2016,1.48
Czech Republic,CZE,2017,1.43
Democratic Republic of Congo,COD,1993,-0.44
Democratic Republic of Congo,COD,1994,-0.58
Democratic Republic of Congo,COD,1995,-0.16
Democratic Republic of Congo,COD,1996,-0.34
Democratic Republic of Congo,COD,1997,-0.54
Democratic Republic of Congo,COD,1998,0.12
Democratic Republic of Congo,COD,1999,-0.57
Democratic Republic of Congo,COD,2000,-0.09
Democratic Republic of Congo,COD,2001,-0.02
Democratic Republic of Congo,COD,2002,-0.15
Democratic Republic of Congo,COD,2003,-0.15
Democratic Republic of Congo,COD,2004,-0.17
Democratic Republic of Congo,COD,2005,-1.11
Democratic Republic of Congo,COD,2006,0.31
Democratic Republic of Congo,COD,2007,-0.79
Democratic Republic of Congo,COD,2008,-0.75
Democratic Republic of Congo,COD,2009,0.19
Democratic Republic of Congo,COD,2010,0.41
Democratic Republic of Congo,COD,2011,-0.17
Democratic Republic of Congo,COD,2012,-0.37
Democratic Republic of Congo,COD,2013,0.41
Democratic Republic of Congo,COD,2014,0.40
Democratic Republic of Congo,COD,2015,0.58
Democratic Republic of Congo,COD,2016,0.88
Democratic Republic of Congo,COD,2017,0.49
Ecuador,ECU,1993,0.05
Ecuador,ECU,1994,-0.11
Ecuador,ECU,1995,0.43
Ecuador,ECU,1996,-0.08
Ecuador,ECU,1997,0.89
Ecuador,ECU,1998,0.99
Ecuador,ECU,1999,-0.33
Ecuador,ECU,2000,-0.55
Ecuador,ECU,2001,0.41
Ecuador,ECU,2002,0.50
Ecuador,ECU,2003,0.74
Ecuador,ECU,2004,0.75
Ecuador,ECU,2005,0.85
Ecuador,ECU,2006,0.66
Ecuador,ECU,2007,0.75
Ecuador,ECU,2008,0.42
Ecuador,ECU,2009,0.62
Ecuador,ECU,2010,0.71
Ecuador,ECU,2011,0.22
Ecuador,ECU,2012,0.04
Ecuador,ECU,2013,0.32
Ecuador,ECU,2014,0.52
Ecuador,ECU,2015,0.89
Ecuador,ECU,2016,0.73
Ecuador,ECU,2017,0.27
Egypt,EGY,1993,0.66
Egypt,EGY,1994,0.61
Egypt,EGY,1995,0.54
Egypt,EGY,1996,0.81
Egypt,EGY,1997,0.32
Egypt,EGY,1998,1.03
Egypt,EGY,1999,1.25
Egypt,EGY,2000,0.23
Egypt,EGY,2001,0.87
Egypt,EGY,2002,1.08
Egypt,EGY,2003,0.99
Egypt,EGY,2004,0.98
Egypt,EGY,2005,1.00
Egypt,EGY,2006,0.90
Egypt,EGY,2007,1.02
Egypt,EGY,2008,1.43
Egypt,EGY,2009,1.07
Egypt,EGY,2010,2.77
Egypt,EGY,2011,0.67
Egypt,EGY,2012,1.34
Egypt,EGY,2013,1.34
Egypt,EGY,2014,1.67
Egypt,EGY,2015,1.28
Egypt,EGY,2016,1.62
Egypt,EGY,2017,0.88
Eritrea,ERI,1993,-0.26
Eritrea,ERI,1994,-0.11
Eritrea,ERI,1995,0.10
Eritrea,ERI,1996,0.11
Eritrea,ERI,1997,0.23
Eritrea,ERI,1998,0.58
Eritrea,ERI,1999,0.50
Eritrea,ERI,2000,0.39
Eritrea,ERI,2001,0.50
Eritrea,ERI,2002,0.58
Eritrea,ERI,2003,0.65
Eritrea,ERI,2004,0.43
Eritrea,ERI,2005,0.63
Eritrea,ERI,2006,0.36
Eritrea,ERI,2007,0.36
Eritrea,ERI,2008,0.43
Eritrea,ERI,2009,0.68
Eritrea,ERI,2010,0.87
Eritrea,ERI,2011,0.45
Eritrea,ERI,2012,0.62
Eritrea,ERI,2013,0.62
Eritrea,ERI,2014,0.45
Eritrea,ERI,2015,0.88
Eritrea,ERI,2016,0.84
Eritrea,ERI,2017,0.73
Ethiopia,ETH,1993,-0.33
Ethiopia,ETH,1994,-0.12
Ethiopia,ETH,1995,0.19
Ethiopia,ETH,1996,0.05
Ethiopia,ETH,1997,0.27
Ethiopia,ETH,1998,0.48
Ethiopia,ETH,1999,0.06
Ethiopia,ETH,2000,0.37
Ethiopia,ETH,2001,0.47
Ethiopia,ETH,2002,0.83
Ethiopia,ETH,2003,0.64
Ethiopia,ETH,2004,0.61
Ethiopia,ETH,2005,0.60
Ethiopia,ETH,2006,0.73
Ethiopia,ETH,2007,0.36
Ethiopia,ETH,2008,0.30
Ethiopia,ETH,2009,1.06
Ethiopia,ETH,2010,0.84
Ethiopia,ETH,2011,0.86
Ethiopia,ETH,2012,0.89
Ethiopia,ETH,2013,0.95
Ethiopia,ETH,2014,0.73
Ethiopia,ETH,2015,1.36
Ethiopia,ETH,2016,1.15
Ethiopia,ETH,2017,0.91
France,FRA,1993,0.06
France,FRA,1994,1.20
France,FRA,1995,0.91
France,FRA,1996,0.03
France,FRA,1997,1.22
France,FRA,1998,0.70
France,FRA,1999,1.04
France,FRA,2000,1.04
France,FRA,2001,0.69
France,FRA,2002,1.01
France,FRA,2003,1.47
France,FRA,2004,0.74
France,FRA,2005,0.59
France,FRA,2006,1.39
France,FRA,2007,0.81
France,FRA,2008,0.46
France,FRA,2009,0.97
France,FRA,2010,-0.04
France,FRA,2011,1.68
France,FRA,2012,0.89
France,FRA,2013,0.41
France,FRA,2014,1.59
France,FRA,2015,1.46
France,FRA,2016,1.00
France,FRA,2017,1.74
Georgia,GEO,1993,-1.35
Georgia,GEO,1994,-0.06
Georgia,GEO,1995,0.67
Georgia,GEO,1996,0.39
Georgia,GEO,1997,-0.10
Georgia,GEO,1998,1.19
Georgia,GEO,1999,1.06
Georgia,GEO,2000,0.52
Georgia,GEO,2001,1.03
Georgia,GEO,2002,0.53
Georgia,GEO,2003,0.06
Georgia,GEO,2004,0.41
Georgia,GEO,2005,0.69
Georgia,GEO,2006,0.61
Georgia,GEO,2007,0.97
Georgia,GEO,2008,0.38
Georgia,GEO,2009,0.74
Georgia,GEO,2010,2.55
Georgia,GEO,2011,-0.20
Georgia,GEO,2012,1.06
Georgia,GEO,2013,0.95
Georgia,GEO,2014,1.43
Georgia,GEO,2015,1.43
Georgia,GEO,2016,0.95
Georgia,GEO,2017,0.44
Germany,DEU,1993,0.12
Germany,DEU,1994,1.20
Germany,DEU,1995,0.76
Germany,DEU,1996,-1.06
Germany,DEU,1997,0.68
Germany,DEU,1998,0.81
Germany,DEU,1999,1.38
Germany,DEU,2000,1.55
Germany,DEU,2001,0.81
Germany,DEU,2002,1.30
Germany,DEU,2003,1.07
Germany,DEU,2004,0.80
Germany,DEU,2005,0.94
Germany,DEU,2006,1.41
Germany,DEU,2007,1.73
Germany,DEU,2008,1.36
Germany,DEU,2009,1.03
Germany,DEU,2010,-0.36
Germany,DEU,2011,1.20
Germany,DEU,2012,0.78
Germany,DEU,2013,0.45
Germany,DEU,2014,2.13
Germany,DEU,2015,1.57
Germany,DEU,2016,1.45
Germany,DEU,2017,1.47
Greece,GRC,1993,-0.16
Greece,GRC,1994,0.45
Greece,GRC,1995,-0.01
Greece,GRC,1996,-0.34
Greece,GRC,1997,-0.24
Greece,GRC,1998,0.11
Greece,GRC,1999,0.86
Greece,GRC,2000,0.56
Greece,GRC,2001,0.80
Greece,GRC,2002,0.70
Greece,GRC,2003,0.78
Greece,GRC,2004,0.25
Greece,GRC,2005,0.28
Greece,GRC,2006,0.18
Greece,GRC,2007,0.58
Greece,GRC,2008,0.25
Greece,GRC,2009,0.52
Greece,GRC,2010,1.00
Greece,GRC,2011,0.81
Greece,GRC,2012,1.16
Greece,GRC,2013,0.88
Greece,GRC,2014,0.88
Greece,GRC,2015,1.01
Greece,GRC,2016,1.09
Greece,GRC,2017,0.72
Guatemala,GTM,1993,0.21
Guatemala,GTM,1994,0.30
Guatemala,GTM,1995,0.42
Guatemala,GTM,1996,-0.16
Guatemala,GTM,1997,0.51
Guatemala,GTM,1998,0.74
Guatemala,GTM,1999,-0.12
Guatemala,GTM,2000,-0.02
Guatemala,GTM,2001,0.22
Guatemala,GTM,2002,0.45
Guatemala,GTM,2003,0.53
Guatemala,GTM,2004,0.47
Guatemala,GTM,2005,0.42
Guatemala,GTM,2006,0.34
Guatemala,GTM,2007,0.43
Guatemala,GTM,2008,0.34
Guatemala,GTM,2009,0.55
Guatemala,GTM,2010,0.29
Guatemala,GTM,2011,0.27
Guatemala,GTM,2012,0.44
Guatemala,GTM,2013,0.27
Guatemala,GTM,2014,0.53
Guatemala,GTM,2015,0.90
Guatemala,GTM,2016,1.03
Guatemala,GTM,2017,0.78
Honduras,HND,1993,0.17
Honduras,HND,1994,0.20
Honduras,HND,1995,0.38
Honduras,HND,1996,-0.03
Honduras,HND,1997,0.41
Honduras,HND,1998,0.69
Honduras,HND,1999,0.00
Honduras,HND,2000,-0.19
Honduras,HND,2001,0.03
Honduras,HND,2002,0.30
Honduras,HND,2003,0.47
Honduras,HND,2004,0.31
Honduras,HND,2005,0.40
Honduras,HND,2006,0.34
Honduras,HND,2007,0.45
Honduras,HND,2008,0.21
Honduras,HND,2009,0.47
Honduras,HND,2010,0.62
Honduras,HND,2011,0.37
Honduras,HND,2012,0.33
Honduras,HND,2013,0.41
Honduras,HND,2014,0.58
Honduras,HND,2015,0.80
Honduras,HND,2016,0.93
Honduras,HND,2017,0.72
Hungary,HUN,1993,0.39
Hungary,HUN,1994,1.72
Hungary,HUN,1995,0.57
Hungary,HUN,1996,-0.66
Hungary,HUN,1997,0.28
Hungary,HUN,1998,0.87
Hungary,HUN,1999,0.92
Hungary,HUN,2000,1.94
Hungary,HUN,2001,0.77
Hungary,HUN,2002,1.58
Hungary,HUN,2003,1.10
Hungary,HUN,2004,0.56
Hungary,HUN,2005,0.26
Hungary,HUN,2006,0.92
Hungary,HUN,2007,1.85
Hungary,HUN,2008,1.76
Hungary,HUN,2009,1.41
Hungary,HUN,2010,0.35
Hungary,HUN,2011,1.31
Hungary,HUN,2012,1.54
Hungary,HUN,2013,1.21
Hungary,HUN,2014,2.33
Hungary,HUN,2015,2.06
Hungary,HUN,2016,1.47
Hungary,HUN,2017,1.43
India,IND,1993,0.24
India,IND,1994,0.28
India,IND,1995,0.36
India,IND,1996,0.30
India,IND,1997,-0.07
India,IND,1998,0.67
India,IND,1999,0.51
India,IND,2000,0.38
India,IND,2001,0.51
India,IND,2002,0.83
India,IND,2003,0.63
India,IND,2004,0.61
India,IND,2005,0.49
India,IND,2006,0.76
India,IND,2007,0.60
India,IND,2008,0.36
India,IND,2009,1.21
India,IND,2010,1.17
India,IND,2011,0.50
India,IND,2012,0.48
India,IND,2013,0.37
India,IND,2014,0.50
India,IND,2015,0.87
India,IND,2016,1.06
India,IND,2017,0.90
Iran,IRN,1993,-0.30
Iran,IRN,1994,0.37
Iran,IRN,1995,0.32
Iran,IRN,1996,0.12
Iran,IRN,1997,0.29
Iran,IRN,1998,1.14
Iran,IRN,1999,1.15
Iran,IRN,2000,0.87
Iran,IRN,2001,1.61
Iran,IRN,2002,1.53
Iran,IRN,2003,1.38
Iran,IRN,2004,1.58
Iran,IRN,2005,1.88
Iran,IRN,2006,1.52
Iran,IRN,2007,1.26
Iran,IRN,2008,1.25
Iran,IRN,2009,1.43
Iran,IRN,2010,1.97
Iran,IRN,2011,0.44
Iran,IRN,2012,0.86
Iran,IRN,2013,1.32
Iran,IRN,2014,0.91
Iran,IRN,2015,1.56
Iran,IRN,2016,1.55
Iran,IRN,2017,1.75
Iraq,IRQ,1993,0.20
Iraq,IRQ,1994,1.88
Iraq,IRQ,1995,1.21
Iraq,IRQ,1996,1.83
Iraq,IRQ,1997,0.25
Iraq,IRQ,1998,2.06
Israel,ISR,1993,0.07
Israel,ISR,1994,0.45
Israel,ISR,1995,0.22
Israel,ISR,1996,0.51
Israel,ISR,1997,-0.08
Israel,ISR,1998,0.84
Israel,ISR,1999,0.93
Israel,ISR,2000,0.33
Israel,ISR,2001,0.91
Israel,ISR,2002,0.86
Israel,ISR,2003,0.78
Israel,ISR,2004,0.60
Israel,ISR,2005,0.50
Israel,ISR,2006,0.48
Israel,ISR,2007,0.68
Israel,ISR,2008,0.95
Israel,ISR,2009,0.75
Israel,ISR,2010,2.31
Israel,ISR,2011,0.52
Israel,ISR,2012,1.20
Israel,ISR,2013,0.96
Israel,ISR,2014,1.27
Israel,ISR,2015,1.04
Israel,ISR,2016,1.41
Israel,ISR,2017,0.93
Italy,ITA,1993,0.45
Italy,ITA,1994,0.97
Italy,ITA,1995,0.12
Italy,ITA,1996,-0.03
Italy,ITA,1997,0.63
Italy,ITA,1998,0.52
Italy,ITA,1999,0.49
Italy,ITA,2000,0.87
Italy,ITA,2001,0.74
Italy,ITA,2002,0.73
Italy,ITA,2003,1.08
Italy,ITA,2004,0.56
Italy,ITA,2005,0.26
Italy,ITA,2006,0.87
Italy,ITA,2007,0.95
Italy,ITA,2008,0.85
Italy,ITA,2009,0.81
Italy,ITA,2010,0.22
Italy,ITA,2011,1.24
Italy,ITA,2012,1.36
Italy,ITA,2013,0.82
Italy,ITA,2014,1.22
Italy,ITA,2015,1.52
Italy,ITA,2016,1.07
Italy,ITA,2017,1.68
Japan,JPN,1993,-0.27
Japan,JPN,1994,1.03
Japan,JPN,1995,0.43
Japan,JPN,1996,-0.46
Japan,JPN,1997,0.31
Japan,JPN,1998,0.45
Japan,JPN,1999,1.00
Japan,JPN,2000,0.72
Japan,JPN,2001,-0.39
Japan,JPN,2002,0.00
Japan,JPN,2003,-0.18
Japan,JPN,2004,0.86
Japan,JPN,2005,0.48
Japan,JPN,2006,0.37
Japan,JPN,2007,1.22
Japan,JPN,2008,0.53
Japan,JPN,2009,0.05
Japan,JPN,2010,0.92
Japan,JPN,2011,0.44
Japan,JPN,2012,0.69
Japan,JPN,2013,0.66
Japan,JPN,2014,0.39
Japan,JPN,2015,0.78
Japan,JPN,2016,0.98
Japan,JPN,2017,0.90
Jordan,JOR,1993,0.10
Jordan,JOR,1994,0.88
Jordan,JOR,1995,0.44
Jordan,JOR,1996,0.81
Jordan,JOR,1997,-0.08
Jordan,JOR,1998,1.35
Jordan,JOR,1999,1.26
Jordan,JOR,2000,0.68
Jordan,JOR,2001,1.38
Jordan,JOR,2002,1.02
Jordan,JOR,2003,0.89
Jordan,JOR,2004,0.74
Jordan,JOR,2005,0.63
Jordan,JOR,2006,0.47
Jordan,JOR,2007,0.79
Jordan,JOR,2008,1.06
Jordan,JOR,2009,0.98
Jordan,JOR,2010,2.72
Jordan,JOR,2011,0.33
Jordan,JOR,2012,1.26
Jordan,JOR,2013,0.60
Jordan,JOR,2014,0.97
Jordan,JOR,2015,1.06
Jordan,JOR,2016,1.28
Jordan,JOR,2017,0.95
Kazakhstan,KAZ,1993,-1.10
Kazakhstan,KAZ,1994,-0.17
Kazakhstan,KAZ,1995,1.56
Kazakhstan,KAZ,1996,-0.87
Kazakhstan,KAZ,1997,1.30
Kazakhstan,KAZ,1998,0.42
Kazakhstan,KAZ,1999,1.14
Kazakhstan,KAZ,2000,0.81
Kazakhstan,KAZ,2001,0.93
Kazakhstan,KAZ,2002,1.64
Kazakhstan,KAZ,2003,0.41
Kazakhstan,KAZ,2004,1.67
Kazakhstan,KAZ,2005,1.30
Kazakhstan,KAZ,2006,1.10
Kazakhstan,KAZ,2007,1.66
Kazakhstan,KAZ,2008,1.40
Kazakhstan,KAZ,2009,0.58
Kazakhstan,KAZ,2010,0.89
Kazakhstan,KAZ,2011,0.03
Kazakhstan,KAZ,2012,0.37
Kazakhstan,KAZ,2013,1.93
Kazakhstan,KAZ,2014,0.16
Kazakhstan,KAZ,2015,1.70
Kazakhstan,KAZ,2016,1.54
Kazakhstan,KAZ,2017,1.39
Kenya,KEN,1993,0.05
Kenya,KEN,1994,0.30
Kenya,KEN,1995,0.47
Kenya,KEN,1996,0.40
Kenya,KEN,1997,0.28
Kenya,KEN,1998,0.43
Kenya,KEN,1999,0.45
Kenya,KEN,2000,0.46
Kenya,KEN,2001,0.35
Kenya,KEN,2002,0.78
Kenya,KEN,2003,0.73
Kenya,KEN,2004,0.49
Kenya,KEN,2005,0.71
Kenya,KEN,2006,0.67
Kenya,KEN,2007,0.52
Kenya,KEN,2008,0.22
Kenya,KEN,2009,0.76
Kenya,KEN,2010,0.88
Kenya,KEN,2011,1.00
Kenya,KEN,2012,0.50
Kenya,KEN,2013,0.22
Kenya,KEN,2014,0.53
Kenya,KEN,2015,1.07
Kenya,KEN,2016,0.92
Kenya,KEN,2017,1.09
Kuwait,KWT,1993,-0.13
Kuwait,KWT,1994,0.57
Kuwait,KWT,1995,0.22
Kuwait,KWT,1996,0.85
Kuwait,KWT,1997,0.05
Kuwait,KWT,1998,1.21
Kuwait,KWT,1999,1.45
Kuwait,KWT,2000,0.84
Kuwait,KWT,2001,1.01
Kuwait,KWT,2002,0.88
Kuwait,KWT,2003,0.57
Kuwait,KWT,2004,0.71
Kuwait,KWT,2005,0.23
Kuwait,KWT,2006,1.18
Kuwait,KWT,2007,0.87
Kuwait,KWT,2008,0.08
Kuwait,KWT,2009,0.75
Kuwait,KWT,2010,1.80
Kuwait,KWT,2011,-0.19
Kuwait,KWT,2012,0.88
Kuwait,KWT,2013,0.78
Kuwait,KWT,2014,1.00
Kuwait,KWT,2015,1.40
Kuwait,KWT,2016,1.40
Kuwait,KWT,2017,1.67
Kyrgyzstan,KGZ,1993,-0.53
Kyrgyzstan,KGZ,1994,0.24
Kyrgyzstan,KGZ,1995,0.33
Kyrgyzstan,KGZ,1996,-0.28
Kyrgyzstan,KGZ,1997,1.16
Kyrgyzstan,KGZ,1998,0.71
Kyrgyzstan,KGZ,1999,0.81
Kyrgyzstan,KGZ,2000,0.97
Kyrgyzstan,KGZ,2001,0.98
Kyrgyzstan,KGZ,2002,1.21
Kyrgyzstan,KGZ,2003,0.35
Kyrgyzstan,KGZ,2004,1.48
Kyrgyzstan,KGZ,2005,1.04
Kyrgyzstan,KGZ,2006,1.50
Kyrgyzstan,KGZ,2007,1.78
Kyrgyzstan,KGZ,2008,1.34
Kyrgyzstan,KGZ,2009,1.32
Kyrgyzstan,KGZ,2010,1.32
Kyrgyzstan,KGZ,2011,0.96
Kyrgyzstan,KGZ,2012,0.36
Kyrgyzstan,KGZ,2013,1.50
Kyrgyzstan,KGZ,2014,0.37
Kyrgyzstan,KGZ,2015,1.46
Kyrgyzstan,KGZ,2016,1.72
Kyrgyzstan,KGZ,2017,0.77
Lebanon,LBN,1993,0.10
Lebanon,LBN,1994,0.88
Lebanon,LBN,1995,0.44
Lebanon,LBN,1996,0.81
Lebanon,LBN,1997,-0.08
Lebanon,LBN,1998,1.35
Lebanon,LBN,1999,1.26
Lebanon,LBN,2000,0.68
Lebanon,LBN,2001,1.38
Lebanon,LBN,2002,1.02
Lebanon,LBN,2003,0.89
Lebanon,LBN,2004,0.74
Lebanon,LBN,2005,0.63
Lebanon,LBN,2006,0.47
Lebanon,LBN,2007,0.79
Lebanon,LBN,2008,1.06
Lebanon,LBN,2009,0.98
Lebanon,LBN,2010,2.72
Lebanon,LBN,2011,0.33
Lebanon,LBN,2012,1.26
Lebanon,LBN,2013,0.60
Lebanon,LBN,2014,0.97
Lebanon,LBN,2015,1.06
Lebanon,LBN,2016,1.28
Lebanon,LBN,2017,0.95
Lesotho,LSO,1993,0.42
Lesotho,LSO,1994,-0.26
Lesotho,LSO,1995,0.13
Lesotho,LSO,1996,-0.17
Lesotho,LSO,1997,-0.07
Lesotho,LSO,1998,0.40
Lesotho,LSO,1999,0.74
Lesotho,LSO,2000,-0.07
Lesotho,LSO,2001,0.06
Lesotho,LSO,2002,0.10
Lesotho,LSO,2003,0.41
Lesotho,LSO,2004,0.55
Lesotho,LSO,2005,0.77
Lesotho,LSO,2006,0.19
Lesotho,LSO,2007,0.54
Lesotho,LSO,2008,0.63
Lesotho,LSO,2009,0.34
Lesotho,LSO,2010,0.89
Lesotho,LSO,2011,0.33
Lesotho,LSO,2012,0.67
Lesotho,LSO,2013,0.81
Lesotho,LSO,2014,0.81
Lesotho,LSO,2015,1.39
Lesotho,LSO,2016,1.57
Lesotho,LSO,2017,1.05
Libya,LBY,1993,0.62
Libya,LBY,1994,0.58
Libya,LBY,1995,0.16
Libya,LBY,1996,0.79
Libya,LBY,1997,0.33
Libya,LBY,1998,1.47
Libya,LBY,1999,1.36
Libya,LBY,2000,0.29
Libya,LBY,2001,1.53
Libya,LBY,2002,1.31
Libya,LBY,2003,1.22
Libya,LBY,2004,1.02
Libya,LBY,2005,1.01
Libya,LBY,2006,1.17
Libya,LBY,2007,1.18
Libya,LBY,2008,1.28
Libya,LBY,2009,1.16
Libya,LBY,2010,2.20
Libya,LBY,2011,1.55
Libya,LBY,2012,1.43
Libya,LBY,2013,1.30
Libya,LBY,2014,0.80
Libya,LBY,2015,1.53
Libya,LBY,2016,2.03
Libya,LBY,2017,1.05
Lithuania,LTU,1993,0.00
Lithuania,LTU,1994,0.54
Lithuania,LTU,1995,0.73
Lithuania,LTU,1996,-0.62
Lithuania,LTU,1997,0.34
Lithuania,LTU,1998,0.32
Lithuania,LTU,1999,1.40
Lithuania,LTU,2000,1.70
Lithuania,LTU,2001,0.92
Lithuania,LTU,2002,1.40
Lithuania,LTU,2003,0.52
Lithuania,LTU,2004,0.70
Lithuania,LTU,2005,0.87
Lithuania,LTU,2006,1.14
Lithuania,LTU,2007,1.67
Lithuania,LTU,2008,1.92
Lithuania,LTU,2009,0.95
Lithuania,LTU,2010,0.34
Lithuania,LTU,2011,1.32
Lithuania,LTU,2012,0.70
Lithuania,LTU,2013,1.22
Lithuania,LTU,2014,1.70
Lithuania,LTU,2015,2.21
Lithuania,LTU,2016,1.52
Lithuania,LTU,2017,1.05
Macedonia,MKD,1993,0.30
Macedonia,MKD,1994,1.54
Macedonia,MKD,1995,0.11
Macedonia,MKD,1996,-0.42
Macedonia,MKD,1997,-0.40
Macedonia,MKD,1998,0.45
Macedonia,MKD,1999,0.76
Macedonia,MKD,2000,1.44
Macedonia,MKD,2001,0.87
Macedonia,MKD,2002,0.99
Macedonia,MKD,2003,0.40
Macedonia,MKD,2004,0.54
Macedonia,MKD,2005,-0.07
Macedonia,MKD,2006,0.40
Macedonia,MKD,2007,1.66
Macedonia,MKD,2008,1.46
Macedonia,MKD,2009,1.24
Macedonia,MKD,2010,0.82
Macedonia,MKD,2011,0.51
Macedonia,MKD,2012,1.42
Macedonia,MKD,2013,1.45
Macedonia,MKD,2014,1.22
Macedonia,MKD,2015,1.48
Macedonia,MKD,2016,1.20
Macedonia,MKD,2017,0.97
Madagascar,MDG,1993,-0.18
Madagascar,MDG,1994,0.38
Madagascar,MDG,1995,0.29
Madagascar,MDG,1996,0.20
Madagascar,MDG,1997,0.31
Madagascar,MDG,1998,0.64
Madagascar,MDG,1999,0.27
Madagascar,MDG,2000,0.25
Madagascar,MDG,2001,-0.38
Madagascar,MDG,2002,0.25
Madagascar,MDG,2003,0.51
Madagascar,MDG,2004,0.35
Madagascar,MDG,2005,0.63
Madagascar,MDG,2006,0.47
Madagascar,MDG,2007,0.38
Madagascar,MDG,2008,0.10
Madagascar,MDG,2009,0.70
Madagascar,MDG,2010,0.86
Madagascar,MDG,2011,0.87
Madagascar,MDG,2012,0.66
Madagascar,MDG,2013,0.57
Madagascar,MDG,2014,0.99
Madagascar,MDG,2015,0.77
Madagascar,MDG,2016,0.77
Madagascar,MDG,2017,1.20
Malawi,MWI,1993,0.54
Malawi,MWI,1994,0.38
Malawi,MWI,1995,0.80
Malawi,MWI,1996,0.39
Malawi,MWI,1997,0.60
Malawi,MWI,1998,1.00
Malawi,MWI,1999,0.40
Malawi,MWI,2000,0.42
Malawi,MWI,2001,0.47
Malawi,MWI,2002,0.60
Malawi,MWI,2003,0.68
Malawi,MWI,2004,0.57
Malawi,MWI,2005,1.08
Malawi,MWI,2006,0.75
Malawi,MWI,2007,0.70
Malawi,MWI,2008,0.34
Malawi,MWI,2009,0.47
Malawi,MWI,2010,0.82
Malawi,MWI,2011,0.61
Malawi,MWI,2012,0.46
Malawi,MWI,2013,0.81
Malawi,MWI,2014,0.52
Malawi,MWI,2015,0.84
Malawi,MWI,2016,0.80
Malawi,MWI,2017,1.04
Mali,MLI,1993,0.40
Mali,MLI,1994,-0.28
Mali,MLI,1995,0.26
Mali,MLI,1996,0.57
Mali,MLI,1997,0.55
Mali,MLI,1998,0.74
Mali,MLI,1999,0.05
Mali,MLI,2000,0.26
Mali,MLI,2001,0.18
Mali,MLI,2002,0.62
Mali,MLI,2003,0.43
Mali,MLI,2004,0.53
Mali,MLI,2005,0.80
Mali,MLI,2006,0.11
Mali,MLI,2007,1.01
Mali,MLI,2008,0.32
Mali,MLI,2009,0.94
Mali,MLI,2010,1.02
Mali,MLI,2011,0.92
Mali,MLI,2012,-0.50
Mali,MLI,2013,0.32
Mali,MLI,2014,0.49
Mali,MLI,2015,0.63
Mali,MLI,2016,0.98
Mali,MLI,2017,1.03
Mauritania,MRT,1993,0.36
Mauritania,MRT,1994,-0.10
Mauritania,MRT,1995,0.46
Mauritania,MRT,1996,1.17
Mauritania,MRT,1997,1.03
Mauritania,MRT,1998,1.30
Mauritania,MRT,1999,0.25
Mauritania,MRT,2000,0.66
Mauritania,MRT,2001,1.10
Mauritania,MRT,2002,0.79
Mauritania,MRT,2003,0.92
Mauritania,MRT,2004,0.77
Mauritania,MRT,2005,1.11
Mauritania,MRT,2006,0.54
Mauritania,MRT,2007,0.89
Mauritania,MRT,2008,0.99
Mauritania,MRT,2009,0.64
Mauritania,MRT,2010,1.83
Mauritania,MRT,2011,0.96
Mauritania,MRT,2012,0.32
Mauritania,MRT,2013,2.09
Mauritania,MRT,2014,1.13
Mauritania,MRT,2015,1.01
Mauritania,MRT,2016,1.12
Mauritania,MRT,2017,1.19
Mexico,MEX,1993,0.39
Mexico,MEX,1994,0.62
Mexico,MEX,1995,0.66
Mexico,MEX,1996,0.40
Mexico,MEX,1997,0.58
Mexico,MEX,1998,0.93
Mexico,MEX,1999,0.15
Mexico,MEX,2000,0.59
Mexico,MEX,2001,0.33
Mexico,MEX,2002,0.40
Mexico,MEX,2003,0.40
Mexico,MEX,2004,0.33
Mexico,MEX,2005,0.88
Mexico,MEX,2006,0.82
Mexico,MEX,2007,0.28
Mexico,MEX,2008,0.45
Mexico,MEX,2009,0.79
Mexico,MEX,2010,0.08
Mexico,MEX,2011,0.73
Mexico,MEX,2012,0.84
Mexico,MEX,2013,0.35
Mexico,MEX,2014,0.83
Mexico,MEX,2015,1.09
Mexico,MEX,2016,1.00
Mexico,MEX,2017,1.42
Moldova,MDA,1993,-0.31
Moldova,MDA,1994,1.47
Moldova,MDA,1995,0.29
Moldova,MDA,1996,-0.58
Moldova,MDA,1997,-0.43
Moldova,MDA,1998,0.39
Moldova,MDA,1999,1.18
Moldova,MDA,2000,1.37
Moldova,MDA,2001,0.76
Moldova,MDA,2002,1.17
Moldova,MDA,2003,0.06
Moldova,MDA,2004,0.60
Moldova,MDA,2005,0.36
Moldova,MDA,2006,0.34
Moldova,MDA,2007,1.80
Moldova,MDA,2008,1.32
Moldova,MDA,2009,1.33
Moldova,MDA,2010,0.87
Moldova,MDA,2011,0.62
Moldova,MDA,2012,1.31
Moldova,MDA,2013,1.30
Moldova,MDA,2014,1.20
Moldova,MDA,2015,1.91
Moldova,MDA,2016,1.49
Moldova,MDA,2017,1.00
Morocco,MAR,1993,-0.31
Morocco,MAR,1994,0.28
Morocco,MAR,1995,0.69
Morocco,MAR,1996,0.32
Morocco,MAR,1997,0.88
Morocco,MAR,1998,0.51
Morocco,MAR,1999,0.30
Morocco,MAR,2000,0.44
Morocco,MAR,2001,1.12
Morocco,MAR,2002,0.64
Morocco,MAR,2003,0.74
Morocco,MAR,2004,0.64
Morocco,MAR,2005,0.50
Morocco,MAR,2006,0.85
Morocco,MAR,2007,0.50
Morocco,MAR,2008,0.63
Morocco,MAR,2009,0.98
Morocco,MAR,2010,1.52
Morocco,MAR,2011,0.98
Morocco,MAR,2012,0.76
Morocco,MAR,2013,0.64
Morocco,MAR,2014,1.03
Morocco,MAR,2015,1.15
Morocco,MAR,2016,1.38
Morocco,MAR,2017,1.72
Mozambique,MOZ,1993,0.65
Mozambique,MOZ,1994,0.30
Mozambique,MOZ,1995,0.81
Mozambique,MOZ,1996,0.31
Mozambique,MOZ,1997,0.64
Mozambique,MOZ,1998,1.07
Mozambique,MOZ,1999,0.07
Mozambique,MOZ,2000,0.48
Mozambique,MOZ,2001,0.36
Mozambique,MOZ,2002,1.61
Mozambique,MOZ,2003,0.40
Mozambique,MOZ,2004,-0.21
Mozambique,MOZ,2005,0.17
Mozambique,MOZ,2006,0.35
Mozambique,MOZ,2007,0.62
Mozambique,MOZ,2008,0.07
Mozambique,MOZ,2009,0.06
Mozambique,MOZ,2010,0.88
Mozambique,MOZ,2011,0.66
Mozambique,MOZ,2012,0.43
Mozambique,MOZ,2013,0.33
Mozambique,MOZ,2014,0.49
Mozambique,MOZ,2015,0.78
Mozambique,MOZ,2016,0.51
Mozambique,MOZ,2017,0.66
Myanmar,MMR,1993,0.10
Myanmar,MMR,1994,0.50
Myanmar,MMR,1995,0.54
Myanmar,MMR,1996,0.37
Myanmar,MMR,1997,0.05
Myanmar,MMR,1998,0.88
Myanmar,MMR,1999,0.62
Myanmar,MMR,2000,0.15
Myanmar,MMR,2001,0.68
Myanmar,MMR,2002,0.54
Myanmar,MMR,2003,0.61
Myanmar,MMR,2004,0.26
Myanmar,MMR,2005,0.80
Myanmar,MMR,2006,0.65
Myanmar,MMR,2007,0.43
Myanmar,MMR,2008,0.63
Myanmar,MMR,2009,1.10
Myanmar,MMR,2010,1.24
Myanmar,MMR,2011,0.66
Myanmar,MMR,2012,1.01
Myanmar,MMR,2013,0.94
Myanmar,MMR,2014,0.99
Myanmar,MMR,2015,0.99
Myanmar,MMR,2016,0.75
Myanmar,MMR,2017,0.78
Namibia,NAM,1993,0.61
Namibia,NAM,1994,0.39
Namibia,NAM,1995,0.76
Namibia,NAM,1996,0.26
Namibia,NAM,1997,0.20
Namibia,NAM,1998,1.19
Namibia,NAM,1999,1.02
Namibia,NAM,2000,0.30
Namibia,NAM,2001,0.79
Namibia,NAM,2002,0.45
Namibia,NAM,2003,1.12
Namibia,NAM,2004,0.06
Namibia,NAM,2005,1.19
Namibia,NAM,2006,0.94
Namibia,NAM,2007,1.50
Namibia,NAM,2008,1.14
Namibia,NAM,2009,1.43
Namibia,NAM,2010,1.16
Namibia,NAM,2011,0.89
Namibia,NAM,2012,1.45
Namibia,NAM,2013,1.32
Namibia,NAM,2014,0.95
Namibia,NAM,2015,1.64
Namibia,NAM,2016,1.97
Namibia,NAM,2017,0.76
Nepal,NPL,1993,0.10
Nepal,NPL,1994,0.18
Nepal,NPL,1995,0.25
Nepal,NPL,1996,0.10
Nepal,NPL,1997,-0.35
Nepal,NPL,1998,0.72
Nepal,NPL,1999,0.93
Nepal,NPL,2000,0.29
Nepal,NPL,2001,1.05
Nepal,NPL,2002,0.78
Nepal,NPL,2003,0.88
Nepal,NPL,2004,0.90
Nepal,NPL,2005,0.85
Nepal,NPL,2006,1.37
Nepal,NPL,2007,1.25
Nepal,NPL,2008,0.99
Nepal,NPL,2009,1.49
Nepal,NPL,2010,1.56
Nepal,NPL,2011,0.65
Nepal,NPL,2012,0.64
Nepal,NPL,2013,0.76
Nepal,NPL,2014,0.99
Nepal,NPL,2015,1.00
Nepal,NPL,2016,1.16
Nepal,NPL,2017,0.78
Netherlands,NLD,1993,0.18
Netherlands,NLD,1994,0.39
Netherlands,NLD,1995,0.70
Netherlands,NLD,1996,-0.17
Netherlands,NLD,1997,0.48
Netherlands,NLD,1998,0.79
Netherlands,NLD,1999,0.76
Netherlands,NLD,2000,0.48
Netherlands,NLD,2001,0.50
Netherlands,NLD,2002,0.78
Netherlands,NLD,2003,0.83
Netherlands,NLD,2004,0.65
Netherlands,NLD,2005,0.95
Netherlands,NLD,2006,0.91
Netherlands,NLD,2007,1.00
Netherlands,NLD,2008,0.66
Netherlands,NLD,2009,0.66
Netherlands,NLD,2010,0.57
Netherlands,NLD,2011,0.88
Netherlands,NLD,2012,0.64
Netherlands,NLD,2013,0.45
Netherlands,NLD,2014,1.14
Netherlands,NLD,2015,0.83
Netherlands,NLD,2016,1.08
Netherlands,NLD,2017,1.09
New Zealand,NZL,1993,-0.60
New Zealand,NZL,1994,-0.26
New Zealand,NZL,1995,-0.16
New Zealand,NZL,1996,-0.01
New Zealand,NZL,1997,-0.29
New Zealand,NZL,1998,0.47
New Zealand,NZL,1999,0.96
New Zealand,NZL,2000,0.49
New Zealand,NZL,2001,0.58
New Zealand,NZL,2002,0.49
New Zealand,NZL,2003,0.44
New Zealand,NZL,2004,-0.27
New Zealand,NZL,2005,0.67
New Zealand,NZL,2006,-0.01
New Zealand,NZL,2007,-0.02
New Zealand,NZL,2008,0.37
New Zealand,NZL,2009,-0.22
New Zealand,NZL,2010,0.23
New Zealand,NZL,2011,0.21
New Zealand,NZL,2012,0.10
New Zealand,NZL,2013,0.72
New Zealand,NZL,2014,0.38
New Zealand,NZL,2015,0.43
New Zealand,NZL,2016,0.72
New Zealand,NZL,2017,-0.27
Niger,NER,1993,0.09
Niger,NER,1994,0.18
Niger,NER,1995,0.43
Niger,NER,1996,0.58
Niger,NER,1997,0.29
Niger,NER,1998,0.97
Niger,NER,1999,0.96
Niger,NER,2000,0.12
Niger,NER,2001,1.12
Niger,NER,2002,0.66
Niger,NER,2003,0.51
Niger,NER,2004,0.53
Niger,NER,2005,1.17
Niger,NER,2006,0.55
Niger,NER,2007,0.78
Niger,NER,2008,0.48
Niger,NER,2009,1.40
Niger,NER,2010,1.39
Niger,NER,2011,1.00
Niger,NER,2012,0.98
Niger,NER,2013,1.00
Niger,NER,2014,1.18
Niger,NER,2015,0.61
Niger,NER,2016,1.41
Niger,NER,2017,0.74
Nigeria,NGA,1993,0.31
Nigeria,NGA,1994,-0.16
Nigeria,NGA,1995,0.24
Nigeria,NGA,1996,0.35
Nigeria,NGA,1997,0.30
Nigeria,NGA,1998,0.71
Nigeria,NGA,1999,0.49
Nigeria,NGA,2000,-0.19
Nigeria,NGA,2001,-0.03
Nigeria,NGA,2002,0.65
Nigeria,NGA,2003,0.34
Nigeria,NGA,2004,0.48
Nigeria,NGA,2005,0.65
Nigeria,NGA,2006,0.61
Nigeria,NGA,2007,0.71
Nigeria,NGA,2008,0.31
Nigeria,NGA,2009,1.15
Nigeria,NGA,2010,1.19
Nigeria,NGA,2011,1.04
Nigeria,NGA,2012,0.87
Nigeria,NGA,2013,1.00
Nigeria,NGA,2014,1.01
Nigeria,NGA,2015,0.85
Nigeria,NGA,2016,1.11
Nigeria,NGA,2017,0.84
North Korea,PRK,1993,0.17
North Korea,PRK,1994,0.93
North Korea,PRK,1995,0.69
North Korea,PRK,1996,0.26
North Korea,PRK,1997,0.91
North Korea,PRK,1998,1.58
North Korea,PRK,1999,0.93
North Korea,PRK,2000,0.44
North Korea,PRK,2001,0.68
North Korea,PRK,2002,0.91
North Korea,PRK,2003,0.82
North Korea,PRK,2004,1.23
North Korea,PRK,2005,0.31
North Korea,PRK,2006,0.75
North Korea,PRK,2007,1.38
North Korea,PRK,2008,1.04
North Korea,PRK,2009,0.69
North Korea,PRK,2010,0.24
North Korea,PRK,2011,0.16
North Korea,PRK,2012,0.13
North Korea,PRK,2013,0.41
North Korea,PRK,2014,1.04
North Korea,PRK,2015,1.04
North Korea,PRK,2016,0.80
North Korea,PRK,2017,1.95
Oman,OMN,1993,0.36
Oman,OMN,1994,0.28
Oman,OMN,1995,0.24
Oman,OMN,1996,-0.17
Oman,OMN,1997,-0.02
Oman,OMN,1998,0.60
Oman,OMN,1999,0.14
Oman,OMN,2000,0.45
Oman,OMN,2001,0.27
Oman,OMN,2002,0.35
Oman,OMN,2003,0.14
Oman,OMN,2004,0.46
Oman,OMN,2005,0.08
Oman,OMN,2006,0.30
Oman,OMN,2007,0.51
Oman,OMN,2008,-0.11
Oman,OMN,2009,0.39
Oman,OMN,2010,0.70
Oman,OMN,2011,0.10
Oman,OMN,2012,0.17
Oman,OMN,2013,0.01
Oman,OMN,2014,0.21
Oman,OMN,2015,0.78
Oman,OMN,2016,0.59
Oman,OMN,2017,0.85
Pakistan,PAK,1993,0.36
Pakistan,PAK,1994,-0.15
Pakistan,PAK,1995,-0.29
Pakistan,PAK,1996,-0.26
Pakistan,PAK,1997,-0.75
Pakistan,PAK,1998,0.33
Pakistan,PAK,1999,0.65
Pakistan,PAK,2000,0.55
Pakistan,PAK,2001,0.54
Pakistan,PAK,2002,0.72
Pakistan,PAK,2003,-0.07
Pakistan,PAK,2004,0.79
Pakistan,PAK,2005,-0.05
Pakistan,PAK,2006,-0.01
Pakistan,PAK,2007,0.45
Pakistan,PAK,2008,0.26
Pakistan,PAK,2009,0.66
Pakistan,PAK,2010,0.83
Pakistan,PAK,2011,0.29
Pakistan,PAK,2012,-0.03
Pakistan,PAK,2013,0.40
Pakistan,PAK,2014,0.04
Pakistan,PAK,2015,0.09
Pakistan,PAK,2016,0.78
Pakistan,PAK,2017,0.81
Paraguay,PRY,1993,-0.53
Paraguay,PRY,1994,0.85
Paraguay,PRY,1995,0.07
Paraguay,PRY,1996,-0.56
Paraguay,PRY,1997,0.45
Paraguay,PRY,1998,-0.26
Paraguay,PRY,1999,0.34
Paraguay,PRY,2000,0.03
Paraguay,PRY,2001,0.74
Paraguay,PRY,2002,1.65
Paraguay,PRY,2003,0.46
Paraguay,PRY,2004,0.18
Paraguay,PRY,2005,0.17
Paraguay,PRY,2006,0.53
Paraguay,PRY,2007,0.21
Paraguay,PRY,2008,0.13
Paraguay,PRY,2009,0.51
Paraguay,PRY,2010,-0.08
Paraguay,PRY,2011,0.17
Paraguay,PRY,2012,0.77
Paraguay,PRY,2013,0.31
Paraguay,PRY,2014,0.93
Paraguay,PRY,2015,1.24
Paraguay,PRY,2016,-0.22
Paraguay,PRY,2017,0.68
Peru,PER,1993,0.08
Peru,PER,1994,0.17
Peru,PER,1995,0.55
Peru,PER,1996,-0.24
Peru,PER,1997,1.00
Peru,PER,1998,1.19
Peru,PER,1999,-0.14
Peru,PER,2000,0.19
Peru,PER,2001,-0.10
Peru,PER,2002,0.26
Peru,PER,2003,0.11
Peru,PER,2004,0.05
Peru,PER,2005,0.14
Peru,PER,2006,0.04
Peru,PER,2007,-0.28
Peru,PER,2008,0.10
Peru,PER,2009,0.25
Peru,PER,2010,0.34
Peru,PER,2011,0.04
Peru,PER,2012,0.20
Peru,PER,2013,-0.20
Peru,PER,2014,0.21
Peru,PER,2015,0.60
Peru,PER,2016,0.92
Peru,PER,2017,1.24
Poland,POL,1993,0.07
Poland,POL,1994,1.04
Poland,POL,1995,0.51
Poland,POL,1996,-1.03
Poland,POL,1997,0.24
Poland,POL,1998,0.53
Poland,POL,1999,1.23
Poland,POL,2000,1.84
Poland,POL,2001,0.64
Poland,POL,2002,1.46
Poland,POL,2003,0.63
Poland,POL,2004,0.60
Poland,POL,2005,0.69
Poland,POL,2006,1.09
Poland,POL,2007,1.64
Poland,POL,2008,1.72
Poland,POL,2009,0.84
Poland,POL,2010,-0.16
Poland,POL,2011,1.13
Poland,POL,2012,0.72
Poland,POL,2013,0.84
Poland,POL,2014,2.02
Poland,POL,2015,1.99
Poland,POL,2016,1.44
Poland,POL,2017,1.00
Portugal,PRT,1993,-0.27
Portugal,PRT,1994,0.23
Portugal,PRT,1995,0.82
Portugal,PRT,1996,0.25
Portugal,PRT,1997,0.99
Portugal,PRT,1998,0.50
Portugal,PRT,1999,0.26
Portugal,PRT,2000,0.38
Portugal,PRT,2001,0.36
Portugal,PRT,2002,0.42
Portugal,PRT,2003,0.61
Portugal,PRT,2004,0.51
Portugal,PRT,2005,0.48
Portugal,PRT,2006,0.97
Portugal,PRT,2007,0.53
Portugal,PRT,2008,0.53
Portugal,PRT,2009,0.94
Portugal,PRT,2010,0.90
Portugal,PRT,2011,1.09
Portugal,PRT,2012,0.57
Portugal,PRT,2013,0.51
Portugal,PRT,2014,0.90
Portugal,PRT,2015,0.95
Portugal,PRT,2016,0.90
Portugal,PRT,2017,1.31
Qatar,QAT,1993,0.11
Qatar,QAT,1994,0.35
Qatar,QAT,1995,-0.24
Qatar,QAT,1996,0.12
Qatar,QAT,1997,0.36
Qatar,QAT,1998,0.59
Qatar,QAT,1999,1.38
Qatar,QAT,2000,0.87
Qatar,QAT,2001,2.26
Qatar,QAT,2002,0.27
Qatar,QAT,2003,0.91
Qatar,QAT,2004,0.53
Qatar,QAT,2005,-0.19
Qatar,QAT,2006,0.79
Qatar,QAT,2007,0.89
Qatar,QAT,2008,0.54
Qatar,QAT,2009,0.51
Qatar,QAT,2010,1.50
Qatar,QAT,2011,0.70
Qatar,QAT,2012,0.72
Qatar,QAT,2013,0.44
Qatar,QAT,2014,0.57
Qatar,QAT,2015,0.81
Qatar,QAT,2016,1.14
Qatar,QAT,2017,0.94
Romania,ROU,1993,-0.01
Romania,ROU,1994,1.48
Romania,ROU,1995,0.29
Romania,ROU,1996,-0.38
Romania,ROU,1997,-0.23
Romania,ROU,1998,0.32
Romania,ROU,1999,0.87
Romania,ROU,2000,1.67
Romania,ROU,2001,0.68
Romania,ROU,2002,1.40
Romania,ROU,2003,0.45
Romania,ROU,2004,0.45
Romania,ROU,2005,0.01
Romania,ROU,2006,0.41
Romania,ROU,2007,1.71
Romania,ROU,2008,1.50
Romania,ROU,2009,1.49
Romania,ROU,2010,0.85
Romania,ROU,2011,0.87
Romania,ROU,2012,1.37
Romania,ROU,2013,1.52
Romania,ROU,2014,2.25
Romania,ROU,2015,1.97
Romania,ROU,2016,1.35
Romania,ROU,2017,1.18
Russia,RUS,1993,0.60
Russia,RUS,1994,0.31
Russia,RUS,1995,2.05
Russia,RUS,1996,0.48
Russia,RUS,1997,0.87
Russia,RUS,1998,-0.16
Russia,RUS,1999,0.26
Russia,RUS,2000,0.65
Russia,RUS,2001,0.65
Russia,RUS,2002,1.07
Russia,RUS,2003,1.40
Russia,RUS,2004,0.69
Russia,RUS,2005,1.69
Russia,RUS,2006,0.46
Russia,RUS,2007,2.22
Russia,RUS,2008,1.87
Russia,RUS,2009,0.57
Russia,RUS,2010,0.67
Russia,RUS,2011,1.74
Russia,RUS,2012,1.27
Russia,RUS,2013,1.46
Russia,RUS,2014,1.34
Russia,RUS,2015,2.10
Russia,RUS,2016,2.03
Russia,RUS,2017,2.44
Rwanda,RWA,1993,0.55
Rwanda,RWA,1994,0.31
Rwanda,RWA,1995,0.05
Rwanda,RWA,1996,-0.16
Rwanda,RWA,1997,-0.03
Rwanda,RWA,1998,-0.22
Rwanda,RWA,1999,-0.15
Rwanda,RWA,2000,0.54
Rwanda,RWA,2001,0.31
Rwanda,RWA,2002,0.84
Rwanda,RWA,2003,0.58
Rwanda,RWA,2004,0.53
Rwanda,RWA,2005,1.52
Rwanda,RWA,2006,0.43
Rwanda,RWA,2007,0.21
Rwanda,RWA,2008,0.65
Rwanda,RWA,2009,0.93
Rwanda,RWA,2010,0.72
Rwanda,RWA,2011,0.58
Rwanda,RWA,2012,0.07
Rwanda,RWA,2013,0.35
Rwanda,RWA,2014,0.45
Rwanda,RWA,2015,0.44
Rwanda,RWA,2016,0.78
Rwanda,RWA,2017,1.10
Saudi Arabia,SAU,1993,0.08
Saudi Arabia,SAU,1994,0.42
Saudi Arabia,SAU,1995,0.22
Saudi Arabia,SAU,1996,0.58
Saudi Arabia,SAU,1997,0.15
Saudi Arabia,SAU,1998,0.90
Saudi Arabia,SAU,1999,1.26
Saudi Arabia,SAU,2000,0.89
Saudi Arabia,SAU,2001,1.25
Saudi Arabia,SAU,2002,0.83
Saudi Arabia,SAU,2003,0.99
Saudi Arabia,SAU,2004,0.73
Saudi Arabia,SAU,2005,0.23
Saudi Arabia,SAU,2006,0.70
Saudi Arabia,SAU,2007,0.77
Saudi Arabia,SAU,2008,0.43
Saudi Arabia,SAU,2009,0.85
Saudi Arabia,SAU,2010,1.80
Saudi Arabia,SAU,2011,0.80
Saudi Arabia,SAU,2012,1.08
Saudi Arabia,SAU,2013,0.77
Saudi Arabia,SAU,2014,1.06
Saudi Arabia,SAU,2015,0.98
Saudi Arabia,SAU,2016,1.37
Saudi Arabia,SAU,2017,1.31
Slovakia,SVK,1993,0.19
Slovakia,SVK,1994,1.60
Slovakia,SVK,1995,0.43
Slovakia,SVK,1996,-0.52
Slovakia,SVK,1997,0.02
Slovakia,SVK,1998,0.59
Slovakia,SVK,1999,0.89
Slovakia,SVK,2000,1.80
Slovakia,SVK,2001,0.72
Slovakia,SVK,2002,1.49
Slovakia,SVK,2003,0.77
Slovakia,SVK,2004,0.51
Slovakia,SVK,2005,0.13
Slovakia,SVK,2006,0.67
Slovakia,SVK,2007,1.78
Slovakia,SVK,2008,1.63
Slovakia,SVK,2009,1.45
Slovakia,SVK,2010,0.60
Slovakia,SVK,2011,1.09
Slovakia,SVK,2012,1.46
Slovakia,SVK,2013,1.36
Slovakia,SVK,2014,2.29
Slovakia,SVK,2015,2.01
Slovakia,SVK,2016,1.41
Slovakia,SVK,2017,1.31
Slovenia,SVN,1993,0.45
Slovenia,SVN,1994,1.71
Slovenia,SVN,1995,0.51
Slovenia,SVN,1996,-0.50
Slovenia,SVN,1997,0.53
Slovenia,SVN,1998,0.86
Slovenia,SVN,1999,0.89
Slovenia,SVN,2000,1.75
Slovenia,SVN,2001,0.83
Slovenia,SVN,2002,1.56
Slovenia,SVN,2003,1.18
Slovenia,SVN,2004,0.60
Slovenia,SVN,2005,0.26
Slovenia,SVN,2006,0.97
Slovenia,SVN,2007,1.77
Slovenia,SVN,2008,1.57
Slovenia,SVN,2009,1.26
Slovenia,SVN,2010,0.24
Slovenia,SVN,2011,1.42
Slovenia,SVN,2012,1.41
Slovenia,SVN,2013,1.07
Slovenia,SVN,2014,2.22
Slovenia,SVN,2015,2.05
Slovenia,SVN,2016,1.47
Slovenia,SVN,2017,1.63
Somalia,SOM,1993,-0.08
Somalia,SOM,1994,0.12
Somalia,SOM,1995,0.20
Somalia,SOM,1996,-0.08
Somalia,SOM,1997,0.08
Somalia,SOM,1998,0.16
Somalia,SOM,1999,-0.14
Somalia,SOM,2000,0.31
Somalia,SOM,2001,0.48
Somalia,SOM,2002,0.76
Somalia,SOM,2003,0.61
Somalia,SOM,2004,-0.02
Somalia,SOM,2005,-0.10
Somalia,SOM,2006,0.21
Somalia,SOM,2007,0.62
Somalia,SOM,2008,-0.34
Somalia,SOM,2009,0.43
Somalia,SOM,2010,0.80
Somalia,SOM,2011,0.80
Somalia,SOM,2012,-0.65
Somalia,SOM,2013,0.55
Somalia,SOM,2014,0.96
Somalia,SOM,2015,1.13
Somalia,SOM,2016,0.07
Somalia,SOM,2017,2.56
South Africa,ZAF,1993,0.55
South Africa,ZAF,1994,-0.07
South Africa,ZAF,1995,0.21
South Africa,ZAF,1996,-0.16
South Africa,ZAF,1997,0.08
South Africa,ZAF,1998,0.60
South Africa,ZAF,1999,0.95
South Africa,ZAF,2000,0.09
South Africa,ZAF,2001,0.31
South Africa,ZAF,2002,0.29
South Africa,ZAF,2003,0.61
South Africa,ZAF,2004,0.77
South Africa,ZAF,2005,0.76
South Africa,ZAF,2006,0.25
South Africa,ZAF,2007,0.64
South Africa,ZAF,2008,0.64
South Africa,ZAF,2009,0.46
South Africa,ZAF,2010,0.92
South Africa,ZAF,2011,0.09
South Africa,ZAF,2012,0.38
South Africa,ZAF,2013,0.50
South Africa,ZAF,2014,0.66
South Africa,ZAF,2015,1.27
South Africa,ZAF,2016,1.29
South Africa,ZAF,2017,1.02
South Korea,KOR,1993,-0.32
South Korea,KOR,1994,0.75
South Korea,KOR,1995,0.18
South Korea,KOR,1996,-0.23
South Korea,KOR,1997,0.78
South Korea,KOR,1998,1.27
South Korea,KOR,1999,0.78
South Korea,KOR,2000,0.49
South Korea,KOR,2001,0.90
South Korea,KOR,2002,0.49
South Korea,KOR,2003,0.36
South Korea,KOR,2004,1.04
South Korea,KOR,2005,0.33
South Korea,KOR,2006,0.34
South Korea,KOR,2007,1.12
South Korea,KOR,2008,0.73
South Korea,KOR,2009,1.03
South Korea,KOR,2010,0.70
South Korea,KOR,2011,0.14
South Korea,KOR,2012,0.38
South Korea,KOR,2013,0.53
South Korea,KOR,2014,0.79
South Korea,KOR,2015,0.76
South Korea,KOR,2016,1.03
South Korea,KOR,2017,1.66
Spain,ESP,1993,-0.15
Spain,ESP,1994,0.68
Spain,ESP,1995,0.93
Spain,ESP,1996,0.28
Spain,ESP,1997,1.16
Spain,ESP,1998,0.73
Spain,ESP,1999,0.57
Spain,ESP,2000,0.59
Spain,ESP,2001,0.71
Spain,ESP,2002,0.68
Spain,ESP,2003,1.09
Spain,ESP,2004,0.56
Spain,ESP,2005,0.51
Spain,ESP,2006,1.20
Spain,ESP,2007,0.57
Spain,ESP,2008,0.53
Spain,ESP,2009,0.91
Spain,ESP,2010,0.45
Spain,ESP,2011,1.29
Spain,ESP,2012,0.71
Spain,ESP,2013,0.54
Spain,ESP,2014,1.32
Spain,ESP,2015,1.29
Spain,ESP,2016,1.13
Spain,ESP,2017,1.64
Swaziland,SWZ,1993,0.45
Swaziland,SWZ,1994,-0.19
Swaziland,SWZ,1995,0.16
Swaziland,SWZ,1996,0.10
Swaziland,SWZ,1997,0.13
Swaziland,SWZ,1998,0.83
Swaziland,SWZ,1999,0.76
Swaziland,SWZ,2000,0.42
Swaziland,SWZ,2001,0.66
Swaziland,SWZ,2002,0.45
Swaziland,SWZ,2003,0.26
Swaziland,SWZ,2004,0.37
Swaziland,SWZ,2005,0.37
Swaziland,SWZ,2006,0.40
Swaziland,SWZ,2007,0.38
Swaziland,SWZ,2008,0.14
Swaziland,SWZ,2009,0.08
Swaziland,SWZ,2010,0.69
Swaziland,SWZ,2011,-0.09
Swaziland,SWZ,2012,0.12
Swaziland,SWZ,2013,0.08
Swaziland,SWZ,2014,0.33
Swaziland,SWZ,2015,0.83
Swaziland,SWZ,2016,0.76
Swaziland,SWZ,2017,0.55
Switzerland,CHE,1993,0.47
Switzerland,CHE,1994,1.70
Switzerland,CHE,1995,0.68
Switzerland,CHE,1996,-0.36
Switzerland,CHE,1997,0.94
Switzerland,CHE,1998,0.75
Switzerland,CHE,1999,0.87
Switzerland,CHE,2000,1.46
Switzerland,CHE,2001,0.89
Switzerland,CHE,2002,1.46
Switzerland,CHE,2003,1.52
Switzerland,CHE,2004,0.76
Switzerland,CHE,2005,0.62
Switzerland,CHE,2006,1.29
Switzerland,CHE,2007,1.46
Switzerland,CHE,2008,1.00
Switzerland,CHE,2009,1.09
Switzerland,CHE,2010,-0.06
Switzerland,CHE,2011,1.71
Switzerland,CHE,2012,1.05
Switzerland,CHE,2013,0.48
Switzerland,CHE,2014,2.06
Switzerland,CHE,2015,1.91
Switzerland,CHE,2016,1.27
Switzerland,CHE,2017,1.94
Syria,SYR,1993,-0.22
Syria,SYR,1994,1.10
Syria,SYR,1995,0.43
Syria,SYR,1996,0.91
Syria,SYR,1997,-0.13
Syria,SYR,1998,1.42
Syria,SYR,1999,1.28
Syria,SYR,2000,0.58
Syria,SYR,2001,1.29
Syria,SYR,2002,0.56
Syria,SYR,2003,0.68
Syria,SYR,2004,0.44
Syria,SYR,2005,0.59
Syria,SYR,2006,0.70
Syria,SYR,2007,0.51
Syria,SYR,2008,0.68
Syria,SYR,2009,0.73
Syria,SYR,2010,2.50
Syria,SYR,2011,0.16
Syria,SYR,2012,0.99
Syria,SYR,2013,0.62
Syria,SYR,2014,1.38
Syria,SYR,2015,0.90
Syria,SYR,2016,1.10
Syria,SYR,2017,0.75
Taiwan,TWN,1993,0.08
Taiwan,TWN,1994,0.42
Taiwan,TWN,1995,0.08
Taiwan,TWN,1996,0.19
Taiwan,TWN,1997,0.37
Taiwan,TWN,1998,1.09
Taiwan,TWN,1999,0.75
Taiwan,TWN,2000,0.67
Taiwan,TWN,2001,0.74
Taiwan,TWN,2002,0.83
Taiwan,TWN,2003,0.55
Taiwan,TWN,2004,0.50
Taiwan,TWN,2005,0.39
Taiwan,TWN,2006,0.80
Taiwan,TWN,2007,0.77
Taiwan,TWN,2008,0.53
Taiwan,TWN,2009,0.51
Taiwan,TWN,2010,0.43
Taiwan,TWN,2011,0.15
Taiwan,TWN,2012,0.39
Taiwan,TWN,2013,0.51
Taiwan,TWN,2014,0.49
Taiwan,TWN,2015,0.71
Taiwan,TWN,2016,0.99
Taiwan,TWN,2017,0.87
Tajikistan,TJK,1993,-0.47
Tajikistan,TJK,1994,-0.27
Tajikistan,TJK,1997,4.66
Tajikistan,TJK,1998,0.78
Tajikistan,TJK,1999,0.72
Tajikistan,TJK,2000,0.29
Tajikistan,TJK,2013,0.51
Tajikistan,TJK,2014,-0.01
Tajikistan,TJK,2015,0.78
Tajikistan,TJK,2016,1.08
Tajikistan,TJK,2017,-0.44
Tanzania,TZA,1993,0.43
Tanzania,TZA,1994,0.47
Tanzania,TZA,1995,0.38
Tanzania,TZA,1996,0.01
Tanzania,TZA,1997,0.36
Tanzania,TZA,1998,0.48
Tanzania,TZA,1999,0.15
Tanzania,TZA,2000,0.50
Tanzania,TZA,2001,0.43
Tanzania,TZA,2002,0.67
Tanzania,TZA,2003,0.97
Tanzania,TZA,2004,0.66
Tanzania,TZA,2005,1.12
Tanzania,TZA,2006,0.22
Tanzania,TZA,2007,0.24
Tanzania,TZA,2008,0.11
Tanzania,TZA,2009,0.67
Tanzania,TZA,2010,0.58
Tanzania,TZA,2011,0.31
Tanzania,TZA,2012,0.27
Tanzania,TZA,2013,0.44
Tanzania,TZA,2014,0.42
Tanzania,TZA,2015,0.52
Tanzania,TZA,2016,0.68
Tanzania,TZA,2017,0.84
Thailand,THA,1993,0.31
Thailand,THA,1994,0.37
Thailand,THA,1995,0.36
Thailand,THA,1996,0.07
Thailand,THA,1997,0.63
Thailand,THA,1998,1.19
Thailand,THA,1999,0.06
Thailand,THA,2000,0.22
Thailand,THA,2001,0.40
Thailand,THA,2002,0.52
Thailand,THA,2003,0.44
Thailand,THA,2004,0.24
Thailand,THA,2005,0.57
Thailand,THA,2006,0.64
Thailand,THA,2007,0.41
Thailand,THA,2008,-0.20
Thailand,THA,2009,0.39
Thailand,THA,2010,0.99
Thailand,THA,2011,-0.15
Thailand,THA,2012,0.75
Thailand,THA,2013,0.38
Thailand,THA,2014,0.52
Thailand,THA,2015,0.88
Thailand,THA,2016,1.23
Thailand,THA,2017,0.38
Turkey,TUR,1993,-0.46
Turkey,TUR,1994,0.72
Turkey,TUR,1995,0.01
Turkey,TUR,1996,0.31
Turkey,TUR,1997,-0.26
Turkey,TUR,1998,0.94
Turkey,TUR,1999,1.24
Turkey,TUR,2000,0.45
Turkey,TUR,2001,1.22
Turkey,TUR,2002,0.43
Turkey,TUR,2003,0.58
Turkey,TUR,2004,0.38
Turkey,TUR,2005,0.44
Turkey,TUR,2006,0.51
Turkey,TUR,2007,0.60
Turkey,TUR,2008,0.63
Turkey,TUR,2009,0.69
Turkey,TUR,2010,2.11
Turkey,TUR,2011,0.28
Turkey,TUR,2012,0.94
Turkey,TUR,2013,0.78
Turkey,TUR,2014,1.49
Turkey,TUR,2015,0.71
Turkey,TUR,2016,1.12
Turkey,TUR,2017,0.64
Turkmenistan,TKM,1993,-0.48
Turkmenistan,TKM,1994,0.33
Turkmenistan,TKM,1995,1.02
Turkmenistan,TKM,1996,-0.07
Turkmenistan,TKM,1997,0.84
Turkmenistan,TKM,1998,0.64
Turkmenistan,TKM,1999,1.49
Turkmenistan,TKM,2000,0.26
Turkmenistan,TKM,2001,0.53
Turkmenistan,TKM,2002,1.05
Turkmenistan,TKM,2003,-0.12
Turkmenistan,TKM,2004,0.99
Turkmenistan,TKM,2005,0.73
Turkmenistan,TKM,2006,0.66
Turkmenistan,TKM,2007,0.60
Turkmenistan,TKM,2008,0.06
Turkmenistan,TKM,2009,0.70
Turkmenistan,TKM,2010,1.94
Turkmenistan,TKM,2011,0.50
Turkmenistan,TKM,2012,0.61
Turkmenistan,TKM,2013,1.65
Turkmenistan,TKM,2014,0.48
Turkmenistan,TKM,2015,1.32
Turkmenistan,TKM,2016,1.91
Turkmenistan,TKM,2017,0.95
Uganda,UGA,1993,0.69
Uganda,UGA,1994,0.22
Uganda,UGA,1995,0.75
Uganda,UGA,1996,0.33
Uganda,UGA,1997,0.90
Uganda,UGA,1998,1.13
Uganda,UGA,1999,0.69
Uganda,UGA,2000,1.18
Uganda,UGA,2001,1.60
Uganda,UGA,2002,1.97
Uganda,UGA,2003,2.10
Uganda,UGA,2004,1.72
Uganda,UGA,2005,1.50
Uganda,UGA,2006,1.35
Uganda,UGA,2007,1.49
Uganda,UGA,2008,1.73
Uganda,UGA,2009,2.10
Uganda,UGA,2010,1.61
Uganda,UGA,2011,1.46
Uganda,UGA,2012,3.88
Ukraine,UKR,1993,-1.10
Ukraine,UKR,1994,0.19
Ukraine,UKR,1995,0.50
Ukraine,UKR,1996,-0.35
Ukraine,UKR,1997,-0.69
Ukraine,UKR,1998,0.47
Ukraine,UKR,1999,1.27
Ukraine,UKR,2000,0.80
Ukraine,UKR,2001,0.94
Ukraine,UKR,2002,1.11
Ukraine,UKR,2003,-0.20
Ukraine,UKR,2004,0.84
Ukraine,UKR,2005,1.11
Ukraine,UKR,2006,0.45
Ukraine,UKR,2007,2.10
Ukraine,UKR,2008,1.05
Ukraine,UKR,2009,1.41
Ukraine,UKR,2010,1.91
Ukraine,UKR,2011,0.18
Ukraine,UKR,2012,1.46
Ukraine,UKR,2013,1.65
Ukraine,UKR,2014,1.21
Ukraine,UKR,2015,1.99
Ukraine,UKR,2016,1.56
Ukraine,UKR,2017,1.38
United Arab Emirates,ARE,1993,0.20
United Arab Emirates,ARE,1994,0.38
United Arab Emirates,ARE,1995,-0.06
United Arab Emirates,ARE,1996,-0.15
United Arab Emirates,ARE,1997,0.22
United Arab Emirates,ARE,1998,0.58
United Arab Emirates,ARE,1999,0.81
United Arab Emirates,ARE,2000,0.69
United Arab Emirates,ARE,2001,1.36
United Arab Emirates,ARE,2002,0.13
United Arab Emirates,ARE,2003,0.54
United Arab Emirates,ARE,2004,0.73
United Arab Emirates,ARE,2005,0.07
United Arab Emirates,ARE,2006,0.68
United Arab Emirates,ARE,2007,0.69
United Arab Emirates,ARE,2008,0.28
United Arab Emirates,ARE,2009,0.39
United Arab Emirates,ARE,2010,0.99
United Arab Emirates,ARE,2011,0.43
United Arab Emirates,ARE,2012,0.63
United Arab Emirates,ARE,2013,0.26
United Arab Emirates,ARE,2014,0.20
United Arab Emirates,ARE,2015,0.59
United Arab Emirates,ARE,2016,0.78
United Arab Emirates,ARE,2017,0.83
United Kingdom,GBR,1993,-0.17
United Kingdom,GBR,1994,0.27
United Kingdom,GBR,1995,0.72
United Kingdom,GBR,1996,-0.02
United Kingdom,GBR,1997,0.91
United Kingdom,GBR,1998,0.72
United Kingdom,GBR,1999,0.82
United Kingdom,GBR,2000,0.58
United Kingdom,GBR,2001,0.51
United Kingdom,GBR,2002,1.08
United Kingdom,GBR,2003,1.13
United Kingdom,GBR,2004,0.98
United Kingdom,GBR,2005,0.90
United Kingdom,GBR,2006,1.07
United Kingdom,GBR,2007,1.06
United Kingdom,GBR,2008,0.70
United Kingdom,GBR,2009,0.85
United Kingdom,GBR,2010,0.08
United Kingdom,GBR,2011,1.10
United Kingdom,GBR,2012,0.54
United Kingdom,GBR,2013,0.40
United Kingdom,GBR,2014,1.39
United Kingdom,GBR,2015,0.81
United Kingdom,GBR,2016,1.01
United Kingdom,GBR,2017,1.49
United States,USA,1993,0.17
United States,USA,1994,0.41
United States,USA,1995,0.46
United States,USA,1996,-0.23
United States,USA,1997,0.37
United States,USA,1998,1.32
United States,USA,1999,0.59
United States,USA,2000,0.77
United States,USA,2001,0.94
United States,USA,2002,0.95
United States,USA,2003,0.94
United States,USA,2004,0.80
United States,USA,2005,1.03
United States,USA,2006,1.07
United States,USA,2007,0.94
United States,USA,2008,0.05
United States,USA,2009,0.27
United States,USA,2010,0.68
United States,USA,2011,0.62
United States,USA,2012,1.29
United States,USA,2013,0.30
United States,USA,2014,0.68
United States,USA,2015,1.50
United States,USA,2016,1.97
United States,USA,2017,1.71
Uruguay,URY,1993,0.09
Uruguay,URY,1994,0.54
Uruguay,URY,1995,0.03
Uruguay,URY,1996,0.37
Uruguay,URY,1997,0.87
Uruguay,URY,1998,-0.04
Uruguay,URY,1999,0.17
Uruguay,URY,2000,0.16
Uruguay,URY,2001,0.95
Uruguay,URY,2002,0.54
Uruguay,URY,2003,0.04
Uruguay,URY,2004,0.54
Uruguay,URY,2005,0.34
Uruguay,URY,2006,0.77
Uruguay,URY,2007,-0.25
Uruguay,URY,2008,0.80
Uruguay,URY,2009,0.38
Uruguay,URY,2010,0.26
Uruguay,URY,2011,0.23
Uruguay,URY,2012,0.92
Uruguay,URY,2013,0.21
Uruguay,URY,2014,0.70
Uruguay,URY,2015,0.72
Uruguay,URY,2016,-0.01
Uruguay,URY,2017,1.16
Uzbekistan,UZB,1993,-0.80
Uzbekistan,UZB,1994,-0.06
Uzbekistan,UZB,1995,1.18
Uzbekistan,UZB,1996,-0.32
Uzbekistan,UZB,1997,1.14
Uzbekistan,UZB,1998,0.36
Uzbekistan,UZB,1999,1.21
Uzbekistan,UZB,2000,1.26
Uzbekistan,UZB,2001,1.38
Uzbekistan,UZB,2002,1.18
Uzbekistan,UZB,2003,0.38
Uzbekistan,UZB,2004,1.75
Uzbekistan,UZB,2005,1.25
Uzbekistan,UZB,2006,1.02
Uzbekistan,UZB,2007,1.43
Uzbekistan,UZB,2008,0.57
Uzbekistan,UZB,2009,1.35
Uzbekistan,UZB,2010,1.70
Uzbekistan,UZB,2011,0.50
Uzbekistan,UZB,2012,0.22
Uzbekistan,UZB,2013,1.59
Uzbekistan,UZB,2014,-0.06
Uzbekistan,UZB,2015,1.39
Uzbekistan,UZB,2016,1.81
Uzbekistan,UZB,2017,1.32
Venezuela,VEN,1993,-0.13
Venezuela,VEN,1994,-0.28
Venezuela,VEN,1995,0.33
Venezuela,VEN,1996,-0.04
Venezuela,VEN,1997,0.04
Venezuela,VEN,1998,0.38
Venezuela,VEN,1999,0.14
Venezuela,VEN,2000,0.09
Venezuela,VEN,2001,0.27
Venezuela,VEN,2002,0.18
Venezuela,VEN,2003,0.76
Venezuela,VEN,2004,0.41
Venezuela,VEN,2005,0.55
Venezuela,VEN,2006,0.59
Venezuela,VEN,2007,0.33
Venezuela,VEN,2008,0.25
Venezuela,VEN,2009,0.64
Venezuela,VEN,2010,0.77
Venezuela,VEN,2011,0.13
Venezuela,VEN,2012,-0.04
Venezuela,VEN,2013,0.19
Venezuela,VEN,2014,0.35
Venezuela,VEN,2015,0.75
Venezuela,VEN,2016,0.93
Venezuela,VEN,2017,0.48
Yemen,YEM,1993,0.52
Yemen,YEM,1994,0.29
Yemen,YEM,1995,0.37
Yemen,YEM,1996,0.06
Yemen,YEM,1997,0.52
Yemen,YEM,1998,1.11
Yemen,YEM,1999,0.21
Yemen,YEM,2000,0.18
Yemen,YEM,2001,0.35
Yemen,YEM,2002,0.33
Yemen,YEM,2003,0.86
Yemen,YEM,2004,0.30
Yemen,YEM,2005,0.36
Yemen,YEM,2006,0.53
Yemen,YEM,2007,0.82
Yemen,YEM,2008,-0.22
Yemen,YEM,2009,0.56
Yemen,YEM,2010,0.64
Yemen,YEM,2011,0.20
Yemen,YEM,2012,0.22
Yemen,YEM,2013,0.09
Yemen,YEM,2014,0.43
Yemen,YEM,2015,0.99
Yemen,YEM,2016,0.46
Yemen,YEM,2017,0.53
Zambia,ZMB,1993,0.53
Zambia,ZMB,1994,0.69
Zambia,ZMB,1995,0.86
Zambia,ZMB,1996,0.71
Zambia,ZMB,1997,0.78
Zambia,ZMB,1998,1.19
Zambia,ZMB,1999,0.54
Zambia,ZMB,2000,0.66
Zambia,ZMB,2001,0.68
Zambia,ZMB,2002,0.98
Zambia,ZMB,2003,0.92
Zambia,ZMB,2004,0.65
Zambia,ZMB,2005,1.49
Zambia,ZMB,2006,0.83
Zambia,ZMB,2007,1.12
Zambia,ZMB,2008,0.73
Zambia,ZMB,2009,0.53
Zambia,ZMB,2010,1.32
Zambia,ZMB,2011,0.76
Zambia,ZMB,2012,0.50
Zambia,ZMB,2013,2.25
Zambia,ZMB,2014,0.27
Zambia,ZMB,2015,2.02
Zambia,ZMB,2016,1.09
Zambia,ZMB,2017,0.71
Zimbabwe,ZWE,1993,0.45
Zimbabwe,ZWE,1994,0.12
Zimbabwe,ZWE,1995,1.12
Zimbabwe,ZWE,1996,0.36
Zimbabwe,ZWE,1997,0.40
Zimbabwe,ZWE,1998,0.94
Zimbabwe,ZWE,1999,0.44
Zimbabwe,ZWE,2000,0.00
Zimbabwe,ZWE,2001,0.33
Zimbabwe,ZWE,2002,1.04
Zimbabwe,ZWE,2003,0.88
Zimbabwe,ZWE,2004,0.54
Zimbabwe,ZWE,2005,1.59
Zimbabwe,ZWE,2006,0.82
Zimbabwe,ZWE,2007,1.00
Zimbabwe,ZWE,2008,0.75
Zimbabwe,ZWE,2009,0.87
Zimbabwe,ZWE,2010,1.53
Zimbabwe,ZWE,2011,1.22
Zimbabwe,ZWE,2012,0.92
Zimbabwe,ZWE,2013,0.64
Zimbabwe,ZWE,2014,0.94
Zimbabwe,ZWE,2015,1.32
Zimbabwe,ZWE,2016,1.41
Zimbabwe,ZWE,2017,0.18
