Country,Code,Year,Wheat_Yield_Hg_Per_Ha
Afghanistan,AFG,1993,10211
Afghanistan,AFG,1994,10250
Afghanistan,AFG,1995,10895
Afghanistan,AFG,1996,11220
Afghanistan,AFG,1997,12764
Afghanistan,AFG,1998,12964
Afghanistan,AFG,1999,12329
Afghanistan,AFG,2000,7240
Afghanistan,AFG,2001,8977
Afghanistan,AFG,2002,15419
Afghanistan,AFG,2003,15000
Afghanistan,AFG,2004,12659
Afghanistan,AFG,2005,18215
Afghanistan,AFG,2006,13760
Afghanistan,AFG,2007,18183
Afghanistan,AFG,2008,12263
Afghanistan,AFG,2009,19666
Afghanistan,AFG,2010,19252
Afghanistan,AFG,2011,15179
Afghanistan,AFG,2012,20104
Afghanistan,AFG,2013,20248
Afghanistan,AFG,2014,20237
Afghanistan,AFG,2015,21959
Afghanistan,AFG,2016,19803
Afghanistan,AFG,2017,20342
Afghanistan,AFG,2018,22100
Albania,ALB,1993,29976
Albania,ALB,1994,24745
Albania,ALB,1995,28703
Albania,ALB,1996,21741
Albania,ALB,1997,28516
Albania,ALB,1998,28037
Albania,ALB,1999,24954
Albania,ALB,2000,30455
Albania,ALB,2001,28220
Albania,ALB,2002,31617
Albania,ALB,2003,28629
Albania,ALB,2004,31130
Albania,ALB,2005,31582
Albania,ALB,2006,30787
Albania,ALB,2007,35496
Albania,ALB,2008,40168
Albania,ALB,2009,40229
Albania,ALB,2010,39905
Albania,ALB,2011,42301
Albania,ALB,2012,41096
Albania,ALB,2013,41292
Albania,ALB,2014,40001
Albania,ALB,2015,39511
Albania,ALB,2016,39000
Albania,ALB,2017,40367
Albania,ALB,2018,36927
Algeria,DZA,1993,8097
Algeria,DZA,1994,7999
Algeria,DZA,1995,8924
Algeria,DZA,1996,13090
Algeria,DZA,1997,8016
Algeria,DZA,1998,8847
Algeria,DZA,1999,10711
Algeria,DZA,2000,9194
Algeria,DZA,2001,11104
Algeria,DZA,2002,10739
Algeria,DZA,2003,14480
Algeria,DZA,2004,13582
Algeria,DZA,2005,15057
Algeria,DZA,2006,15068
Algeria,DZA,2007,12742
Algeria,DZA,2008,11038
Algeria,DZA,2009,15975
Algeria,DZA,2010,14838
Algeria,DZA,2011,17405
Algeria,DZA,2012,17639
Algeria,DZA,2013,19100
Algeria,DZA,2014,14753
Algeria,DZA,2015,14640
Algeria,DZA,2016,11833
Algeria,DZA,2017,11501
Algeria,DZA,2018,19076
Angola,AGO,1993,8862
Angola,AGO,1994,10000
Angola,AGO,1995,11865
Angola,AGO,1996,13758
Angola,AGO,1997,15529
Angola,AGO,1998,17143
Angola,AGO,1999,17391
Angola,AGO,2000,17025
Angola,AGO,2001,16667
Angola,AGO,2002,15485
Angola,AGO,2003,13879
Angola,AGO,2004,12412
Angola,AGO,2005,10860
Angola,AGO,2006,10000
Angola,AGO,2007,10000
Angola,AGO,2008,10000
Angola,AGO,2009,10000
Angola,AGO,2010,10526
Angola,AGO,2011,10959
Angola,AGO,2012,11294
Angola,AGO,2013,9399
Angola,AGO,2014,7629
Angola,AGO,2015,10745
Angola,AGO,2016,10796
Angola,AGO,2017,10866
Angola,AGO,2018,10935
Argentina,ARG,1993,23272
Argentina,ARG,1994,20237
Argentina,ARG,1995,21675
Argentina,ARG,1996,19344
Argentina,ARG,1997,22426
Argentina,ARG,1998,26088
Argentina,ARG,1999,23028
Argentina,ARG,2000,24873
Argentina,ARG,2001,24934
Argentina,ARG,2002,22398
Argentina,ARG,2003,20361
Argentina,ARG,2004,25441
Argentina,ARG,2005,26356
Argentina,ARG,2006,25302
Argentina,ARG,2007,26234
Argentina,ARG,2008,28271
Argentina,ARG,2009,19628
Argentina,ARG,2010,27113
Argentina,ARG,2011,35063
Argentina,ARG,2012,32199
Argentina,ARG,2013,26581
Argentina,ARG,2014,26619
Argentina,ARG,2015,28100
Argentina,ARG,2016,28623
Argentina,ARG,2017,33047
Argentina,ARG,2018,31806
Armenia,ARM,1993,22257
Armenia,ARM,1994,17842
Armenia,ARM,1995,25480
Armenia,ARM,1996,23569
Armenia,ARM,1997,17009
Armenia,ARM,1998,20651
Armenia,ARM,1999,19466
Armenia,ARM,2000,16679
Armenia,ARM,2001,22263
Armenia,ARM,2002,23877
Armenia,ARM,2003,17183
Armenia,ARM,2004,23416
Armenia,ARM,2005,20252
Armenia,ARM,2006,14627
Armenia,ARM,2007,25837
Armenia,ARM,2008,24322
Armenia,ARM,2009,22374
Armenia,ARM,2010,21192
Armenia,ARM,2011,28800
Armenia,ARM,2012,26010
Armenia,ARM,2013,31273
Armenia,ARM,2014,32260
Armenia,ARM,2015,33437
Armenia,ARM,2016,32427
Armenia,ARM,2017,21783
Armenia,ARM,2018,28240
Australia,AUS,1993,19658
Australia,AUS,1994,11356
Australia,AUS,1995,17899
Australia,AUS,1996,21673
Australia,AUS,1997,18412
Australia,AUS,1998,19153
Australia,AUS,1999,20066
Australia,AUS,2000,18209
Australia,AUS,2001,18209
Australia,AUS,2002,21076
Australia,AUS,2003,9070
Australia,AUS,2004,19998
Australia,AUS,2005,16348
Australia,AUS,2006,20213
Australia,AUS,2007,9173
Australia,AUS,2008,10788
Australia,AUS,2009,15831
Australia,AUS,2010,15729
Australia,AUS,2011,20301
Australia,AUS,2012,21511
Australia,AUS,2013,17609
Australia,AUS,2014,20061
Australia,AUS,2015,19172
Australia,AUS,2016,19743
Australia,AUS,2017,26100
Australia,AUS,2018,19178
Austria,AUT,1993,42246
Austria,AUT,1994,52088
Austria,AUT,1995,50856
Austria,AUT,1996,50069
Austria,AUT,1997,52044
Austria,AUT,1998,50749
Austria,AUT,1999,54348
Austria,AUT,2000,44688
Austria,AUT,2001,52412
Austria,AUT,2002,49667
Austria,AUT,2003,43801
Austria,AUT,2004,59234
Austria,AUT,2005,50286
Austria,AUT,2006,49066
Austria,AUT,2007,47763
Austria,AUT,2008,56935
Austria,AUT,2009,49295
Austria,AUT,2010,50117
Austria,AUT,2011,58549
Austria,AUT,2012,41388
Austria,AUT,2013,53743
Austria,AUT,2014,59217
Austria,AUT,2015,56962
Austria,AUT,2016,62534
Austria,AUT,2017,48712
Austria,AUT,2018,46846
Azerbaijan,AZE,1993,16855
Azerbaijan,AZE,1994,16296
Azerbaijan,AZE,1995,14940
Azerbaijan,AZE,1996,16627
Azerbaijan,AZE,1997,16914
Azerbaijan,AZE,1998,15764
Azerbaijan,AZE,1999,19992
Azerbaijan,AZE,2000,23223
Azerbaijan,AZE,2001,26154
Azerbaijan,AZE,2002,26028
Azerbaijan,AZE,2003,25599
Azerbaijan,AZE,2004,25748
Azerbaijan,AZE,2005,25818
Azerbaijan,AZE,2006,26050
Azerbaijan,AZE,2007,26722
Azerbaijan,AZE,2008,27251
Azerbaijan,AZE,2009,25946
Azerbaijan,AZE,2010,19381
Azerbaijan,AZE,2011,24376
Azerbaijan,AZE,2012,26144
Azerbaijan,AZE,2013,26719
Azerbaijan,AZE,2014,23285
Azerbaijan,AZE,2015,30385
Azerbaijan,AZE,2016,30475
Azerbaijan,AZE,2017,29687
Azerbaijan,AZE,2018,29383
Bangladesh,BGD,1993,18457
Bangladesh,BGD,1994,18390
Bangladesh,BGD,1995,19483
Bangladesh,BGD,1996,19531
Bangladesh,BGD,1997,20544
Bangladesh,BGD,1998,22408
Bangladesh,BGD,1999,21627
Bangladesh,BGD,2000,22104
Bangladesh,BGD,2001,21643
Bangladesh,BGD,2002,21644
Bangladesh,BGD,2003,21327
Bangladesh,BGD,2004,19527
Bangladesh,BGD,2005,17478
Bangladesh,BGD,2006,15344
Bangladesh,BGD,2007,18471
Bangladesh,BGD,2008,21753
Bangladesh,BGD,2009,21516
Bangladesh,BGD,2010,23959
Bangladesh,BGD,2011,26012
Bangladesh,BGD,2012,27789
Bangladesh,BGD,2013,30138
Bangladesh,BGD,2014,30319
Bangladesh,BGD,2015,30860
Bangladesh,BGD,2016,30310
Bangladesh,BGD,2017,31576
Bangladesh,BGD,2018,31301
Belarus,BLR,1993,26826
Belarus,BLR,1994,22802
Belarus,BLR,1995,24791
Belarus,BLR,1996,21989
Belarus,BLR,1997,25132
Belarus,BLR,1998,21347
Belarus,BLR,1999,17322
Belarus,BLR,2000,21367
Belarus,BLR,2001,21255
Belarus,BLR,2002,26919
Belarus,BLR,2003,25082
Belarus,BLR,2004,33040
Belarus,BLR,2005,32812
Belarus,BLR,2006,28191
Belarus,BLR,2007,32771
Belarus,BLR,2008,39752
Belarus,BLR,2009,35428
Belarus,BLR,2010,28851
Belarus,BLR,2011,33088
Belarus,BLR,2012,35822
Belarus,BLR,2013,30610
Belarus,BLR,2014,39424
Belarus,BLR,2015,39623
Belarus,BLR,2016,32938
Belarus,BLR,2017,36540
Belarus,BLR,2018,27502
Bhutan,BTN,1993,11667
Bhutan,BTN,1994,12500
Bhutan,BTN,1995,13000
Bhutan,BTN,1996,14167
Bhutan,BTN,1997,15385
Bhutan,BTN,1998,15385
Bhutan,BTN,1999,15385
Bhutan,BTN,2000,9457
Bhutan,BTN,2001,10000
Bhutan,BTN,2002,11269
Bhutan,BTN,2003,14239
Bhutan,BTN,2004,13656
Bhutan,BTN,2005,12754
Bhutan,BTN,2006,13481
Bhutan,BTN,2007,12921
Bhutan,BTN,2008,17655
Bhutan,BTN,2009,14371
Bhutan,BTN,2010,21637
Bhutan,BTN,2011,26686
Bhutan,BTN,2012,22471
Bhutan,BTN,2013,23392
Bhutan,BTN,2014,22341
Bhutan,BTN,2015,19016
Bhutan,BTN,2016,16751
Bhutan,BTN,2017,17932
Bhutan,BTN,2018,19439
Bolivia,BOL,1993,10320
Bolivia,BOL,1994,7519
Bolivia,BOL,1995,9746
Bolivia,BOL,1996,7490
Bolivia,BOL,1997,10641
Bolivia,BOL,1998,9042
Bolivia,BOL,1999,8677
Bolivia,BOL,2000,8492
Bolivia,BOL,2001,9890
Bolivia,BOL,2002,8850
Bolivia,BOL,2003,9878
Bolivia,BOL,2004,10665
Bolivia,BOL,2005,10741
Bolivia,BOL,2006,11113
Bolivia,BOL,2007,9210
Bolivia,BOL,2008,12931
Bolivia,BOL,2009,12862
Bolivia,BOL,2010,13920
Bolivia,BOL,2011,9731
Bolivia,BOL,2012,9186
Bolivia,BOL,2013,11167
Bolivia,BOL,2014,10652
Bolivia,BOL,2015,17208
Bolivia,BOL,2016,14334
Bolivia,BOL,2017,8848
Bolivia,BOL,2018,15117
Bosnia and Herzegovina,BIH,1993,32613
Bosnia and Herzegovina,BIH,1994,34778
Bosnia and Herzegovina,BIH,1995,34107
Bosnia and Herzegovina,BIH,1996,30127
Bosnia and Herzegovina,BIH,1997,30193
Bosnia and Herzegovina,BIH,1998,32113
Bosnia and Herzegovina,BIH,1999,27163
Bosnia and Herzegovina,BIH,2000,32290
Bosnia and Herzegovina,BIH,2001,24263
Bosnia and Herzegovina,BIH,2002,30026
Bosnia and Herzegovina,BIH,2003,22617
Bosnia and Herzegovina,BIH,2004,36711
Bosnia and Herzegovina,BIH,2005,30568
Bosnia and Herzegovina,BIH,2006,31698
Bosnia and Herzegovina,BIH,2007,34760
Bosnia and Herzegovina,BIH,2008,37354
Bosnia and Herzegovina,BIH,2009,37751
Bosnia and Herzegovina,BIH,2010,26621
Bosnia and Herzegovina,BIH,2011,35960
Bosnia and Herzegovina,BIH,2012,37082
Bosnia and Herzegovina,BIH,2013,39206
Bosnia and Herzegovina,BIH,2014,28640
Bosnia and Herzegovina,BIH,2015,35263
Bosnia and Herzegovina,BIH,2016,42945
Bosnia and Herzegovina,BIH,2017,41740
Bosnia and Herzegovina,BIH,2018,40196
Botswana,BWA,1993,20681
Botswana,BWA,1994,19887
Botswana,BWA,1995,19093
Botswana,BWA,1996,18929
Botswana,BWA,1997,17218
Botswana,BWA,1998,16667
Botswana,BWA,1999,16323
Botswana,BWA,2000,15862
Botswana,BWA,2001,15714
Botswana,BWA,2002,14549
Botswana,BWA,2003,13665
Botswana,BWA,2004,12686
Botswana,BWA,2005,11612
Botswana,BWA,2006,10456
Botswana,BWA,2007,9000
Botswana,BWA,2008,8000
Brazil,BRA,1993,14825
Brazil,BRA,1994,15541
Brazil,BRA,1995,15420
Brazil,BRA,1996,18334
Brazil,BRA,1997,16359
Brazil,BRA,1998,16111
Brazil,BRA,1999,19699
Brazil,BRA,2000,15156
Brazil,BRA,2001,19488
Brazil,BRA,2002,14754
Brazil,BRA,2003,24035
Brazil,BRA,2004,20728
Brazil,BRA,2005,19735
Brazil,BRA,2006,15927
Brazil,BRA,2007,22199
Brazil,BRA,2008,25497
Brazil,BRA,2009,20802
Brazil,BRA,2010,28288
Brazil,BRA,2011,26602
Brazil,BRA,2012,23100
Brazil,BRA,2013,27491
Brazil,BRA,2014,22088
Brazil,BRA,2015,22278
Brazil,BRA,2016,31551
Brazil,BRA,2017,22790
Brazil,BRA,2018,26238
Bulgaria,BGR,1993,28580
Bulgaria,BGR,1994,28447
Bulgaria,BGR,1995,29085
Bulgaria,BGR,1996,18818
Bulgaria,BGR,1997,29502
Bulgaria,BGR,1998,28058
Bulgaria,BGR,1999,27352
Bulgaria,BGR,2000,28421
Bulgaria,BGR,2001,30081
Bulgaria,BGR,2002,30123
Bulgaria,BGR,2003,23828
Bulgaria,BGR,2004,38100
Bulgaria,BGR,2005,31567
Bulgaria,BGR,2006,34026
Bulgaria,BGR,2007,21973
Bulgaria,BGR,2008,41674
Bulgaria,BGR,2009,31873
Bulgaria,BGR,2010,36185
Bulgaria,BGR,2011,39197
Bulgaria,BGR,2012,37596
Bulgaria,BGR,2013,41885
Bulgaria,BGR,2014,42172
Bulgaria,BGR,2015,45316
Bulgaria,BGR,2016,47483
Bulgaria,BGR,2017,53583
Bulgaria,BGR,2018,48122
Burundi,BDI,1993,7787
Burundi,BDI,1994,8824
Burundi,BDI,1995,7440
Burundi,BDI,1996,7755
Burundi,BDI,1997,7774
Burundi,BDI,1998,8148
Burundi,BDI,1999,7085
Burundi,BDI,2000,6774
Burundi,BDI,2001,8667
Burundi,BDI,2002,8290
Burundi,BDI,2003,7895
Burundi,BDI,2004,8326
Burundi,BDI,2005,7387
Burundi,BDI,2006,8007
Burundi,BDI,2007,8407
Burundi,BDI,2008,8431
Burundi,BDI,2009,8583
Burundi,BDI,2010,7317
Burundi,BDI,2011,6973
Burundi,BDI,2012,4448
Burundi,BDI,2013,7276
Burundi,BDI,2014,5763
Burundi,BDI,2015,6592
Burundi,BDI,2016,3861
Burundi,BDI,2017,3982
Burundi,BDI,2018,14092
Cameroon,CMR,1993,13063
Cameroon,CMR,1994,13086
Cameroon,CMR,1995,13198
Cameroon,CMR,1996,13333
Cameroon,CMR,1997,13330
Cameroon,CMR,1998,13341
Cameroon,CMR,1999,13352
Cameroon,CMR,2000,13362
Cameroon,CMR,2001,13373
Cameroon,CMR,2002,13384
Cameroon,CMR,2003,13395
Cameroon,CMR,2004,13407
Cameroon,CMR,2005,13418
Cameroon,CMR,2006,13429
Cameroon,CMR,2007,13441
Cameroon,CMR,2008,13454
Cameroon,CMR,2009,13467
Cameroon,CMR,2010,13846
Cameroon,CMR,2011,13971
Cameroon,CMR,2012,12308
Cameroon,CMR,2013,12879
Cameroon,CMR,2014,13298
Cameroon,CMR,2015,13311
Cameroon,CMR,2016,13290
Cameroon,CMR,2017,13291
Cameroon,CMR,2018,13293
Canada,CAN,1993,22027
Canada,CAN,1994,21275
Canada,CAN,1995,22467
Canada,CAN,1996,24304
Canada,CAN,1997,21285
Canada,CAN,1998,22550
Canada,CAN,1999,25971
Canada,CAN,2000,24446
Canada,CAN,2001,19452
Canada,CAN,2002,18324
Canada,CAN,2003,22565
Canada,CAN,2004,26409
Canada,CAN,2005,27381
Canada,CAN,2006,26096
Canada,CAN,2007,23317
Canada,CAN,2008,28575
Canada,CAN,2009,27897
Canada,CAN,2010,28085
Canada,CAN,2011,29568
Canada,CAN,2012,28743
Canada,CAN,2013,35980
Canada,CAN,2014,30818
Canada,CAN,2015,28925
Canada,CAN,2016,35805
Canada,CAN,2017,33378
Canada,CAN,2018,32152
Chad,TCD,1993,21363
Chad,TCD,1994,22297
Chad,TCD,1995,9996
Chad,TCD,1996,22496
Chad,TCD,1997,30000
Chad,TCD,1998,20226
Chad,TCD,1999,14340
Chad,TCD,2000,14336
Chad,TCD,2001,14933
Chad,TCD,2002,20000
Chad,TCD,2003,14450
Chad,TCD,2005,15000
Chad,TCD,2006,10000
Chad,TCD,2007,18651
Chad,TCD,2008,18000
Chad,TCD,2009,20000
Chad,TCD,2010,25007
Chad,TCD,2011,4923
Chad,TCD,2012,25000
Chad,TCD,2013,26421
Chad,TCD,2014,13006
Chad,TCD,2015,14006
Chad,TCD,2016,20000
Chad,TCD,2017,19684
Chad,TCD,2018,22440
Chile,CHL,1993,33500
Chile,CHL,1994,35157
Chile,CHL,1995,35500
Chile,CHL,1996,33278
Chile,CHL,1997,40174
Chile,CHL,1998,43846
Chile,CHL,1999,35342
Chile,CHL,2000,38120
Chile,CHL,2001,42999
Chile,CHL,2002,42722
Chile,CHL,2003,43230
Chile,CHL,2004,45710
Chile,CHL,2005,44130
Chile,CHL,2006,44601
Chile,CHL,2007,47859
Chile,CHL,2008,45748
Chile,CHL,2009,40809
Chile,CHL,2010,57658
Chile,CHL,2011,58060
Chile,CHL,2012,49468
Chile,CHL,2013,58143
Chile,CHL,2014,53290
Chile,CHL,2015,56326
Chile,CHL,2016,60706
Chile,CHL,2017,59966
Chile,CHL,2018,62137
China,CHN,1993,35188
China,CHN,1994,34263
China,CHN,1995,35415
China,CHN,1996,37341
China,CHN,1997,41019
China,CHN,1998,36852
China,CHN,1999,39466
China,CHN,2000,37382
China,CHN,2001,38061
China,CHN,2002,37766
China,CHN,2003,39318
China,CHN,2004,42519
China,CHN,2005,42753
China,CHN,2006,45935
China,CHN,2007,46076
China,CHN,2008,47620
China,CHN,2009,47390
China,CHN,2010,47484
China,CHN,2011,48374
China,CHN,2012,49868
China,CHN,2013,50553
China,CHN,2014,52433
China,CHN,2015,53923
China,CHN,2016,53962
China,CHN,2017,54809
China,CHN,2018,54163
Colombia,COL,1993,18773
Colombia,COL,1994,20547
Colombia,COL,1995,21193
Colombia,COL,1996,21824
Colombia,COL,1997,21243
Colombia,COL,1998,20497
Colombia,COL,1999,21537
Colombia,COL,2000,15992
Colombia,COL,2001,15106
Colombia,COL,2002,17353
Colombia,COL,2003,19496
Colombia,COL,2004,18879
Colombia,COL,2005,23371
Colombia,COL,2006,15490
Colombia,COL,2007,18709
Colombia,COL,2008,18151
Colombia,COL,2009,16946
Colombia,COL,2010,17697
Colombia,COL,2011,15964
Colombia,COL,2012,15196
Colombia,COL,2013,16938
Colombia,COL,2014,14785
Colombia,COL,2015,18539
Colombia,COL,2016,15941
Colombia,COL,2017,16196
Colombia,COL,2018,16355
Croatia,HRV,1993,41867
Croatia,HRV,1994,37823
Croatia,HRV,1995,38605
Croatia,HRV,1996,36905
Croatia,HRV,1997,40000
Croatia,HRV,1998,42214
Croatia,HRV,1999,32976
Croatia,HRV,2000,47455
Croatia,HRV,2001,44047
Croatia,HRV,2002,45919
Croatia,HRV,2003,32207
Croatia,HRV,2004,49278
Croatia,HRV,2005,41144
Croatia,HRV,2006,45833
Croatia,HRV,2007,46408
Croatia,HRV,2008,54833
Croatia,HRV,2009,51896
Croatia,HRV,2010,40415
Croatia,HRV,2011,52237
Croatia,HRV,2012,53473
Croatia,HRV,2013,48846
Croatia,HRV,2014,41560
Croatia,HRV,2015,53809
Croatia,HRV,2016,56537
Croatia,HRV,2017,58084
Croatia,HRV,2018,53765
Czech Republic,CZE,1993,42350
Czech Republic,CZE,1994,45800
Czech Republic,CZE,1995,46016
Czech Republic,CZE,1996,46671
Czech Republic,CZE,1997,44100
Czech Republic,CZE,1998,42143
Czech Republic,CZE,1999,46457
Czech Republic,CZE,2000,42085
Czech Republic,CZE,2001,48483
Czech Republic,CZE,2002,45551
Czech Republic,CZE,2003,40684
Czech Republic,CZE,2004,58419
Czech Republic,CZE,2005,50522
Czech Republic,CZE,2006,44865
Czech Republic,CZE,2007,48570
Czech Republic,CZE,2008,57726
Czech Republic,CZE,2009,52425
Czech Republic,CZE,2010,49924
Czech Republic,CZE,2011,56921
Czech Republic,CZE,2012,43156
Czech Republic,CZE,2013,56676
Czech Republic,CZE,2014,65104
Czech Republic,CZE,2015,63559
Czech Republic,CZE,2016,64959
Czech Republic,CZE,2017,56705
Czech Republic,CZE,2018,53896
Democratic Republic of Congo,COD,1993,12803
Democratic Republic of Congo,COD,1994,12813
Democratic Republic of Congo,COD,1995,12929
Democratic Republic of Congo,COD,1996,12901
Democratic Republic of Congo,COD,1997,12894
Democratic Republic of Congo,COD,1998,12904
Democratic Republic of Congo,COD,1999,12850
Democratic Republic of Congo,COD,2000,12849
Democratic Republic of Congo,COD,2001,12850
Democratic Republic of Congo,COD,2002,12872
Democratic Republic of Congo,COD,2003,12129
Democratic Republic of Congo,COD,2004,12842
Democratic Republic of Congo,COD,2005,12850
Democratic Republic of Congo,COD,2006,12849
Democratic Republic of Congo,COD,2007,12849
Democratic Republic of Congo,COD,2008,12849
Democratic Republic of Congo,COD,2009,12851
Democratic Republic of Congo,COD,2010,12854
Democratic Republic of Congo,COD,2011,12961
Democratic Republic of Congo,COD,2012,13112
Democratic Republic of Congo,COD,2013,13046
Democratic Republic of Congo,COD,2014,13053
Democratic Republic of Congo,COD,2015,13034
Democratic Republic of Congo,COD,2016,12896
Democratic Republic of Congo,COD,2017,12867
Democratic Republic of Congo,COD,2018,12844
Ecuador,ECU,1993,6711
Ecuador,ECU,1994,6162
Ecuador,ECU,1995,6951
Ecuador,ECU,1996,6176
Ecuador,ECU,1997,5976
Ecuador,ECU,1998,6484
Ecuador,ECU,1999,7001
Ecuador,ECU,2000,6208
Ecuador,ECU,2001,6100
Ecuador,ECU,2002,5696
Ecuador,ECU,2003,7980
Ecuador,ECU,2004,8053
Ecuador,ECU,2005,7220
Ecuador,ECU,2006,7774
Ecuador,ECU,2007,8186
Ecuador,ECU,2008,7466
Ecuador,ECU,2009,8617
Ecuador,ECU,2010,8912
Ecuador,ECU,2011,9249
Ecuador,ECU,2012,7995
Ecuador,ECU,2013,7064
Ecuador,ECU,2014,11204
Ecuador,ECU,2015,7165
Ecuador,ECU,2016,15250
Ecuador,ECU,2017,12924
Ecuador,ECU,2018,17142
Egypt,EGY,1993,52970
Egypt,EGY,1994,50026
Egypt,EGY,1995,54221
Egypt,EGY,1996,56384
Egypt,EGY,1997,55994
Egypt,EGY,1998,59896
Egypt,EGY,1999,63467
Egypt,EGY,2000,63422
Egypt,EGY,2001,63580
Egypt,EGY,2002,64345
Egypt,EGY,2003,65001
Egypt,EGY,2004,65567
Egypt,EGY,2005,64929
Egypt,EGY,2006,64303
Egypt,EGY,2007,64673
Egypt,EGY,2008,65031
Egypt,EGY,2009,63829
Egypt,EGY,2010,55741
Egypt,EGY,2011,65428
Egypt,EGY,2012,65823
Egypt,EGY,2013,66682
Egypt,EGY,2014,61752
Egypt,EGY,2015,65919
Egypt,EGY,2016,66311
Egypt,EGY,2017,68597
Egypt,EGY,2018,66895
Eritrea,ERI,1993,2038
Eritrea,ERI,1994,7449
Eritrea,ERI,1995,5124
Eritrea,ERI,1996,3665
Eritrea,ERI,1997,3434
Eritrea,ERI,1998,9552
Eritrea,ERI,1999,7700
Eritrea,ERI,2000,5943
Eritrea,ERI,2001,11658
Eritrea,ERI,2002,1706
Eritrea,ERI,2003,1987
Eritrea,ERI,2004,2980
Eritrea,ERI,2005,11565
Eritrea,ERI,2006,11604
Eritrea,ERI,2007,8395
Eritrea,ERI,2008,3307
Eritrea,ERI,2009,10706
Eritrea,ERI,2010,11786
Eritrea,ERI,2011,11154
Eritrea,ERI,2012,12692
Eritrea,ERI,2013,12000
Eritrea,ERI,2014,12000
Eritrea,ERI,2015,10000
Eritrea,ERI,2016,10000
Eritrea,ERI,2017,10000
Eritrea,ERI,2018,11306
Ethiopia,ETH,1993,15487
Ethiopia,ETH,1994,10749
Ethiopia,ETH,1995,13106
Ethiopia,ETH,1996,12114
Ethiopia,ETH,1997,12917
Ethiopia,ETH,1998,13738
Ethiopia,ETH,1999,11150
Ethiopia,ETH,2000,11631
Ethiopia,ETH,2001,13259
Ethiopia,ETH,2002,14354
Ethiopia,ETH,2003,13874
Ethiopia,ETH,2004,14691
Ethiopia,ETH,2005,15567
Ethiopia,ETH,2006,15204
Ethiopia,ETH,2007,16711
Ethiopia,ETH,2008,16245
Ethiopia,ETH,2009,18269
Ethiopia,ETH,2010,18385
Ethiopia,ETH,2011,20288
Ethiopia,ETH,2012,21102
Ethiopia,ETH,2013,24446
Ethiopia,ETH,2014,25433
Ethiopia,ETH,2015,27941
Ethiopia,ETH,2016,26755
Ethiopia,ETH,2017,28157
Ethiopia,ETH,2018,24236
France,FRA,1993,64739
France,FRA,1994,66685
France,FRA,1995,65079
France,FRA,1996,71361
France,FRA,1997,66288
France,FRA,1998,76063
France,FRA,1999,72395
France,FRA,2000,71175
France,FRA,2001,66169
France,FRA,2002,74455
France,FRA,2003,62500
France,FRA,2004,75788
France,FRA,2005,69887
France,FRA,2006,67414
France,FRA,2007,62542
France,FRA,2008,71018
France,FRA,2009,74478
France,FRA,2010,70405
France,FRA,2011,66563
France,FRA,2012,71512
France,FRA,2013,72656
France,FRA,2014,73530
France,FRA,2015,78008
France,FRA,2016,52896
France,FRA,2017,72538
France,FRA,2018,68427
Georgia,GEO,1993,14250
Georgia,GEO,1994,13244
Georgia,GEO,1995,13032
Georgia,GEO,1996,14039
Georgia,GEO,1997,17109
Georgia,GEO,1998,10872
Georgia,GEO,1999,20325
Georgia,GEO,2000,10430
Georgia,GEO,2001,26883
Georgia,GEO,2002,16984
Georgia,GEO,2003,19347
Georgia,GEO,2004,18165
Georgia,GEO,2005,19889
Georgia,GEO,2006,12469
Georgia,GEO,2007,16682
Georgia,GEO,2008,16834
Georgia,GEO,2009,10737
Georgia,GEO,2010,10189
Georgia,GEO,2011,20684
Georgia,GEO,2012,16989
Georgia,GEO,2013,18367
Georgia,GEO,2014,13533
Georgia,GEO,2015,25791
Georgia,GEO,2016,25732
Georgia,GEO,2017,22149
Georgia,GEO,2018,24734
Germany,DEU,1993,65841
Germany,DEU,1994,67684
Germany,DEU,1995,68882
Germany,DEU,1996,72932
Germany,DEU,1997,72902
Germany,DEU,1998,72035
Germany,DEU,1999,75411
Germany,DEU,2000,72826
Germany,DEU,2001,78827
Germany,DEU,2002,69056
Germany,DEU,2003,64985
Germany,DEU,2004,81716
Germany,DEU,2005,74651
Germany,DEU,2006,72007
Germany,DEU,2007,69611
Germany,DEU,2008,80873
Germany,DEU,2009,78091
Germany,DEU,2010,72120
Germany,DEU,2011,70139
Germany,DEU,2012,73312
Germany,DEU,2013,79979
Germany,DEU,2014,86296
Germany,DEU,2015,80877
Germany,DEU,2016,76409
Germany,DEU,2017,76443
Germany,DEU,2018,66737
Greece,GRC,1993,22952
Greece,GRC,1994,27510
Greece,GRC,1995,26341
Greece,GRC,1996,24149
Greece,GRC,1997,24172
Greece,GRC,1998,24379
Greece,GRC,1999,23910
Greece,GRC,2000,26666
Greece,GRC,2001,25096
Greece,GRC,2002,23432
Greece,GRC,2003,20076
Greece,GRC,2004,24757
Greece,GRC,2005,24058
Greece,GRC,2006,22859
Greece,GRC,2007,22353
Greece,GRC,2008,27769
Greece,GRC,2009,27436
Greece,GRC,2010,26044
Greece,GRC,2011,27004
Greece,GRC,2012,26650
Greece,GRC,2013,27777
Greece,GRC,2014,27466
Greece,GRC,2015,29050
Greece,GRC,2016,28928
Greece,GRC,2017,29284
Greece,GRC,2018,26526
Guatemala,GTM,1993,19924
Guatemala,GTM,1994,21025
Guatemala,GTM,1995,20987
Guatemala,GTM,1996,21020
Guatemala,GTM,1997,20408
Guatemala,GTM,1998,19721
Guatemala,GTM,1999,19633
Guatemala,GTM,2000,20934
Guatemala,GTM,2001,29638
Guatemala,GTM,2002,19146
Guatemala,GTM,2003,20249
Guatemala,GTM,2004,20184
Guatemala,GTM,2005,21288
Guatemala,GTM,2006,22712
Guatemala,GTM,2007,22229
Guatemala,GTM,2008,24013
Guatemala,GTM,2009,22131
Guatemala,GTM,2010,20574
Guatemala,GTM,2011,20509
Guatemala,GTM,2012,21677
Guatemala,GTM,2013,20240
Guatemala,GTM,2014,21771
Guatemala,GTM,2015,21255
Guatemala,GTM,2016,21288
Guatemala,GTM,2017,21267
Guatemala,GTM,2018,21566
Honduras,HND,1993,5821
Honduras,HND,1994,6071
Honduras,HND,1995,5947
Honduras,HND,1996,6004
Honduras,HND,1997,6667
Honduras,HND,1998,5000
Honduras,HND,1999,4750
Honduras,HND,2000,5257
Honduras,HND,2001,5302
Honduras,HND,2002,5304
Honduras,HND,2003,5000
Honduras,HND,2004,5273
Honduras,HND,2005,5312
Honduras,HND,2006,5353
Honduras,HND,2007,5395
Honduras,HND,2008,5438
Honduras,HND,2009,5750
Honduras,HND,2010,5508
Honduras,HND,2011,5421
Honduras,HND,2012,5488
Honduras,HND,2013,5500
Honduras,HND,2014,5462
Honduras,HND,2015,5482
Honduras,HND,2016,5547
Honduras,HND,2017,5562
Honduras,HND,2018,5577
Hungary,HUN,1993,30649
Hungary,HUN,1994,46033
Hungary,HUN,1995,41644
Hungary,HUN,1996,32780
Hungary,HUN,1997,42153
Hungary,HUN,1998,41390
Hungary,HUN,1999,35948
Hungary,HUN,2000,36044
Hungary,HUN,2001,43105
Hungary,HUN,2002,35212
Hungary,HUN,2003,26408
Hungary,HUN,2004,51174
Hungary,HUN,2005,45000
Hungary,HUN,2006,40719
Hungary,HUN,2007,35875
Hungary,HUN,2008,50024
Hungary,HUN,2009,38546
Hungary,HUN,2010,37038
Hungary,HUN,2011,41994
Hungary,HUN,2012,37485
Hungary,HUN,2013,46386
Hungary,HUN,2014,47288
Hungary,HUN,2015,51796
Hungary,HUN,2016,53654
Hungary,HUN,2017,54287
Hungary,HUN,2018,50955
India,IND,1993,23267
India,IND,1994,23796
India,IND,1995,25590
India,IND,1996,24828
India,IND,1997,26789
India,IND,1998,24852
India,IND,1999,25901
India,IND,2000,27785
India,IND,2001,27081
India,IND,2002,27621
India,IND,2003,26100
India,IND,2004,27132
India,IND,2005,26016
India,IND,2006,26188
India,IND,2007,27079
India,IND,2008,28022
India,IND,2009,29071
India,IND,2010,28395
India,IND,2011,29886
India,IND,2012,31775
India,IND,2013,31538
India,IND,2014,31457
India,IND,2015,27496
India,IND,2016,30339
India,IND,2017,31994
India,IND,2018,33705
Iran,IRN,1993,15766
Iran,IRN,1994,16028
Iran,IRN,1995,17096
Iran,IRN,1996,15827
Iran,IRN,1997,15947
Iran,IRN,1998,19346
Iran,IRN,1999,18301
Iran,IRN,2000,15856
Iran,IRN,2001,17033
Iran,IRN,2002,19950
Iran,IRN,2003,20969
Iran,IRN,2004,22056
Iran,IRN,2005,20585
Iran,IRN,2006,21317
Iran,IRN,2007,21997
Iran,IRN,2008,13343
Iran,IRN,2009,18192
Iran,IRN,2010,18337
Iran,IRN,2011,13608
Iran,IRN,2012,13482
Iran,IRN,2013,14538
Iran,IRN,2014,17453
Iran,IRN,2015,20159
Iran,IRN,2016,24612
Iran,IRN,2017,20896
Iran,IRN,2018,21642
Iraq,IRQ,1993,5897
Iraq,IRQ,1994,7431
Iraq,IRQ,1995,8052
Iraq,IRQ,1996,8667
Iraq,IRQ,1997,7566
Iraq,IRQ,1998,8071
Iraq,IRQ,1999,6154
Iraq,IRQ,2000,3200
Iraq,IRQ,2001,7405
Iraq,IRQ,2002,15703
Iraq,IRQ,2003,13590
Iraq,IRQ,2004,11898
Iraq,IRQ,2005,8738
Iraq,IRQ,2006,13783
Iraq,IRQ,2007,14031
Iraq,IRQ,2008,13678
Iraq,IRQ,2009,18756
Iraq,IRQ,2010,19872
Iraq,IRQ,2011,19552
Iraq,IRQ,2012,24181
Iraq,IRQ,2013,23068
Iraq,IRQ,2014,23964
Iraq,IRQ,2015,28617
Iraq,IRQ,2016,33181
Iraq,IRQ,2017,28392
Iraq,IRQ,2018,27205
Israel,ISR,1993,27183
Israel,ISR,1994,13157
Israel,ISR,1995,30371
Israel,ISR,1996,22848
Israel,ISR,1997,14055
Israel,ISR,1998,18077
Israel,ISR,1999,4564
Israel,ISR,2000,14653
Israel,ISR,2001,19431
Israel,ISR,2002,21162
Israel,ISR,2003,25312
Israel,ISR,2004,21883
Israel,ISR,2005,23458
Israel,ISR,2006,15453
Israel,ISR,2007,18501
Israel,ISR,2008,11457
Israel,ISR,2009,20646
Israel,ISR,2010,17507
Israel,ISR,2011,23403
Israel,ISR,2012,32671
Israel,ISR,2013,27839
Israel,ISR,2014,22695
Israel,ISR,2015,34055
Israel,ISR,2016,38444
Israel,ISR,2017,16116
Israel,ISR,2018,13327
Italy,ITA,1993,35533
Italy,ITA,1994,34796
Italy,ITA,1995,32013
Italy,ITA,1996,33170
Italy,ITA,1997,28563
Italy,ITA,1998,35818
Italy,ITA,1999,32434
Italy,ITA,2000,32133
Italy,ITA,2001,28013
Italy,ITA,2002,31247
Italy,ITA,2003,27482
Italy,ITA,2004,36698
Italy,ITA,2005,36352
Italy,ITA,2006,37295
Italy,ITA,2007,34137
Italy,ITA,2008,38689
Italy,ITA,2009,35859
Italy,ITA,2010,37421
Italy,ITA,2011,38335
Italy,ITA,2012,41293
Italy,ITA,2013,38441
Italy,ITA,2014,38107
Italy,ITA,2015,39280
Italy,ITA,2016,42030
Italy,ITA,2017,38562
Italy,ITA,2018,38057
Japan,JPN,1993,34739
Japan,JPN,1994,37182
Japan,JPN,1995,29319
Japan,JPN,1996,30164
Japan,JPN,1997,36387
Japan,JPN,1998,35111
Japan,JPN,1999,34544
Japan,JPN,2000,37607
Japan,JPN,2001,35546
Japan,JPN,2002,40010
Japan,JPN,2003,40335
Japan,JPN,2004,40466
Japan,JPN,2005,40970
Japan,JPN,2006,38351
Japan,JPN,2007,43400
Japan,JPN,2008,42203
Japan,JPN,2009,32367
Japan,JPN,2010,27612
Japan,JPN,2011,35286
Japan,JPN,2012,41004
Japan,JPN,2013,38616
Japan,JPN,2014,40094
Japan,JPN,2015,47114
Japan,JPN,2016,36884
Japan,JPN,2017,42708
Japan,JPN,2018,36097
Jordan,JOR,1993,15195
Jordan,JOR,1994,15767
Jordan,JOR,1995,14414
Jordan,JOR,1996,15054
Jordan,JOR,1997,11018
Jordan,JOR,1998,12476
Jordan,JOR,1999,22633
Jordan,JOR,2000,13971
Jordan,JOR,2001,14345
Jordan,JOR,2002,13367
Jordan,JOR,2003,14280
Jordan,JOR,2004,12273
Jordan,JOR,2005,11731
Jordan,JOR,2006,8517
Jordan,JOR,2007,10114
Jordan,JOR,2008,6290
Jordan,JOR,2009,7862
Jordan,JOR,2010,10307
Jordan,JOR,2011,13818
Jordan,JOR,2012,12391
Jordan,JOR,2013,13339
Jordan,JOR,2014,11926
Jordan,JOR,2015,9852
Jordan,JOR,2016,12932
Jordan,JOR,2017,23031
Jordan,JOR,2018,11451
Kazakhstan,KAZ,1993,9178
Kazakhstan,KAZ,1994,7490
Kazakhstan,KAZ,1995,5748
Kazakhstan,KAZ,1996,6835
Kazakhstan,KAZ,1997,8449
Kazakhstan,KAZ,1998,5200
Kazakhstan,KAZ,1999,12868
Kazakhstan,KAZ,2000,9028
Kazakhstan,KAZ,2001,11803
Kazakhstan,KAZ,2002,10895
Kazakhstan,KAZ,2003,10250
Kazakhstan,KAZ,2004,8432
Kazakhstan,KAZ,2005,9480
Kazakhstan,KAZ,2006,11348
Kazakhstan,KAZ,2007,12983
Kazakhstan,KAZ,2008,9715
Kazakhstan,KAZ,2009,11941
Kazakhstan,KAZ,2010,7336
Kazakhstan,KAZ,2011,16609
Kazakhstan,KAZ,2012,7929
Kazakhstan,KAZ,2013,10762
Kazakhstan,KAZ,2014,10901
Kazakhstan,KAZ,2015,11882
Kazakhstan,KAZ,2016,12111
Kazakhstan,KAZ,2017,12427
Kazakhstan,KAZ,2018,12281
Kenya,KEN,1993,13795
Kenya,KEN,1994,22164
Kenya,KEN,1995,21064
Kenya,KEN,1996,20112
Kenya,KEN,1997,16132
Kenya,KEN,1998,18951
Kenya,KEN,1999,16534
Kenya,KEN,2000,15492
Kenya,KEN,2001,19890
Kenya,KEN,2002,21217
Kenya,KEN,2003,25055
Kenya,KEN,2004,24827
Kenya,KEN,2005,23131
Kenya,KEN,2006,21875
Kenya,KEN,2007,30940
Kenya,KEN,2008,25845
Kenya,KEN,2009,16665
Kenya,KEN,2010,31991
Kenya,KEN,2011,20415
Kenya,KEN,2012,29720
Kenya,KEN,2013,27602
Kenya,KEN,2014,15549
Kenya,KEN,2015,19841
Kenya,KEN,2016,14022
Kenya,KEN,2017,11253
Kenya,KEN,2018,25280
Kuwait,KWT,1993,31304
Kuwait,KWT,1994,30714
Kuwait,KWT,1995,33636
Kuwait,KWT,1996,35000
Kuwait,KWT,1997,31489
Kuwait,KWT,1998,23812
Kuwait,KWT,1999,23925
Kuwait,KWT,2000,23856
Kuwait,KWT,2001,23906
Kuwait,KWT,2002,23914
Kuwait,KWT,2003,23897
Kuwait,KWT,2004,23750
Kuwait,KWT,2005,48019
Kuwait,KWT,2006,47222
Kuwait,KWT,2007,23900
Kuwait,KWT,2008,23412
Kuwait,KWT,2009,23333
Kuwait,KWT,2010,23478
Kuwait,KWT,2011,41333
Kuwait,KWT,2012,41429
Kuwait,KWT,2013,41111
Kuwait,KWT,2014,43077
Kuwait,KWT,2015,37500
Kuwait,KWT,2016,30000
Kuwait,KWT,2017,31429
Kuwait,KWT,2018,30000
Kyrgyzstan,KGZ,1993,24555
Kyrgyzstan,KGZ,1994,18265
Kyrgyzstan,KGZ,1995,17175
Kyrgyzstan,KGZ,1996,21353
Kyrgyzstan,KGZ,1997,23174
Kyrgyzstan,KGZ,1998,23578
Kyrgyzstan,KGZ,1999,22977
Kyrgyzstan,KGZ,2000,23420
Kyrgyzstan,KGZ,2001,24883
Kyrgyzstan,KGZ,2002,23017
Kyrgyzstan,KGZ,2003,23649
Kyrgyzstan,KGZ,2004,24344
Kyrgyzstan,KGZ,2005,22410
Kyrgyzstan,KGZ,2006,20684
Kyrgyzstan,KGZ,2007,19985
Kyrgyzstan,KGZ,2008,19402
Kyrgyzstan,KGZ,2009,26285
Kyrgyzstan,KGZ,2010,21674
Kyrgyzstan,KGZ,2011,21445
Kyrgyzstan,KGZ,2012,16751
Kyrgyzstan,KGZ,2013,23654
Kyrgyzstan,KGZ,2014,16893
Kyrgyzstan,KGZ,2015,23701
Kyrgyzstan,KGZ,2016,24461
Kyrgyzstan,KGZ,2017,24053
Kyrgyzstan,KGZ,2018,24268
Lebanon,LBN,1993,22917
Lebanon,LBN,1994,22244
Lebanon,LBN,1995,24765
Lebanon,LBN,1996,24726
Lebanon,LBN,1997,16263
Lebanon,LBN,1998,20667
Lebanon,LBN,1999,18814
Lebanon,LBN,2000,27025
Lebanon,LBN,2001,31995
Lebanon,LBN,2002,27356
Lebanon,LBN,2003,25389
Lebanon,LBN,2004,29344
Lebanon,LBN,2005,29030
Lebanon,LBN,2006,28998
Lebanon,LBN,2007,22008
Lebanon,LBN,2008,28798
Lebanon,LBN,2009,27990
Lebanon,LBN,2010,27815
Lebanon,LBN,2011,29683
Lebanon,LBN,2012,31245
Lebanon,LBN,2013,32567
Lebanon,LBN,2014,38043
Lebanon,LBN,2015,33482
Lebanon,LBN,2016,31490
Lebanon,LBN,2017,33007
Lebanon,LBN,2018,33671
Lesotho,LSO,1993,7330
Lesotho,LSO,1994,4199
Lesotho,LSO,1995,6166
Lesotho,LSO,1996,14108
Lesotho,LSO,1997,16291
Lesotho,LSO,1998,14810
Lesotho,LSO,1999,7388
Lesotho,LSO,2000,6547
Lesotho,LSO,2001,20515
Lesotho,LSO,2002,7172
Lesotho,LSO,2003,5879
Lesotho,LSO,2004,6401
Lesotho,LSO,2005,7234
Lesotho,LSO,2006,2685
Lesotho,LSO,2007,4316
Lesotho,LSO,2008,2415
Lesotho,LSO,2009,3473
Lesotho,LSO,2010,14693
Lesotho,LSO,2011,9965
Lesotho,LSO,2012,8641
Lesotho,LSO,2013,12345
Lesotho,LSO,2014,9104
Lesotho,LSO,2015,8499
Lesotho,LSO,2016,5937
Lesotho,LSO,2017,12934
Lesotho,LSO,2018,10429
Libya,LBY,1993,8400
Libya,LBY,1994,7742
Libya,LBY,1995,7313
Libya,LBY,1996,7294
Libya,LBY,1997,10090
Libya,LBY,1998,8750
Libya,LBY,1999,7879
Libya,LBY,2000,7784
Libya,LBY,2001,7569
Libya,LBY,2002,7823
Libya,LBY,2003,7622
Libya,LBY,2004,7685
Libya,LBY,2005,7576
Libya,LBY,2006,7879
Libya,LBY,2007,7879
Libya,LBY,2008,7879
Libya,LBY,2009,7895
Libya,LBY,2010,7772
Libya,LBY,2011,7730
Libya,LBY,2012,7856
Libya,LBY,2013,7850
Libya,LBY,2014,7746
Libya,LBY,2015,7636
Libya,LBY,2016,7744
Libya,LBY,2017,7736
Libya,LBY,2018,7728
Lithuania,LTU,1993,23718
Lithuania,LTU,1994,20348
Lithuania,LTU,1995,24455
Lithuania,LTU,1996,26926
Lithuania,LTU,1997,30016
Lithuania,LTU,1998,28671
Lithuania,LTU,1999,26098
Lithuania,LTU,2000,33413
Lithuania,LTU,2001,30559
Lithuania,LTU,2002,36335
Lithuania,LTU,2003,35783
Lithuania,LTU,2004,40276
Lithuania,LTU,2005,37332
Lithuania,LTU,2006,23554
Lithuania,LTU,2007,39219
Lithuania,LTU,2008,42689
Lithuania,LTU,2009,42004
Lithuania,LTU,2010,33045
Lithuania,LTU,2011,33919
Lithuania,LTU,2012,47829
Lithuania,LTU,2013,43022
Lithuania,LTU,2014,45630
Lithuania,LTU,2015,52384
Lithuania,LTU,2016,43661
Lithuania,LTU,2017,48247
Lithuania,LTU,2018,36731
Macedonia,MKD,1993,21352
Macedonia,MKD,1994,27545
Macedonia,MKD,1995,29304
Macedonia,MKD,1996,22922
Macedonia,MKD,1997,25485
Macedonia,MKD,1998,29615
Macedonia,MKD,1999,28026
Macedonia,MKD,2000,24719
Macedonia,MKD,2001,21298
Macedonia,MKD,2002,26473
Macedonia,MKD,2003,21761
Macedonia,MKD,2004,35217
Macedonia,MKD,2005,30811
Macedonia,MKD,2006,30098
Macedonia,MKD,2007,24020
Macedonia,MKD,2008,34101
Macedonia,MKD,2009,30756
Macedonia,MKD,2010,30443
Macedonia,MKD,2011,33458
Macedonia,MKD,2012,26956
Macedonia,MKD,2013,31978
Macedonia,MKD,2014,37550
Macedonia,MKD,2015,27541
Macedonia,MKD,2016,38385
Macedonia,MKD,2017,27464
Macedonia,MKD,2018,33965
Madagascar,MDG,1993,26667
Madagascar,MDG,1994,20000
Madagascar,MDG,1995,20000
Madagascar,MDG,1996,20000
Madagascar,MDG,1997,25000
Madagascar,MDG,1998,25000
Madagascar,MDG,1999,23672
Madagascar,MDG,2000,23574
Madagascar,MDG,2001,23810
Madagascar,MDG,2002,23521
Madagascar,MDG,2003,23479
Madagascar,MDG,2004,23449
Madagascar,MDG,2005,23394
Madagascar,MDG,2006,23256
Madagascar,MDG,2007,24444
Madagascar,MDG,2008,23810
Madagascar,MDG,2009,23814
Madagascar,MDG,2010,23923
Madagascar,MDG,2011,23889
Madagascar,MDG,2012,23955
Madagascar,MDG,2013,24022
Madagascar,MDG,2014,24016
Madagascar,MDG,2015,24012
Madagascar,MDG,2016,23938
Madagascar,MDG,2017,23972
Madagascar,MDG,2018,24006
Malawi,MWI,1993,6306
Malawi,MWI,1994,2244
Malawi,MWI,1995,6865
Malawi,MWI,1996,8619
Malawi,MWI,1997,5896
Malawi,MWI,1998,7418
Malawi,MWI,1999,7877
Malawi,MWI,2000,7968
Malawi,MWI,2001,8989
Malawi,MWI,2002,5588
Malawi,MWI,2003,7510
Malawi,MWI,2004,7537
Malawi,MWI,2005,8707
Malawi,MWI,2006,12071
Malawi,MWI,2007,22968
Malawi,MWI,2008,16133
Malawi,MWI,2009,15006
Malawi,MWI,2010,15123
Malawi,MWI,2011,15214
Malawi,MWI,2012,15104
Malawi,MWI,2013,14058
Malawi,MWI,2014,12262
Malawi,MWI,2015,12790
Malawi,MWI,2016,11116
Malawi,MWI,2017,12273
Malawi,MWI,2018,12314
Mali,MLI,1993,30909
Mali,MLI,1994,16278
Mali,MLI,1995,21040
Mali,MLI,1996,19658
Mali,MLI,1997,12752
Mali,MLI,1998,24925
Mali,MLI,1999,21696
Mali,MLI,2000,23515
Mali,MLI,2001,25237
Mali,MLI,2002,25687
Mali,MLI,2003,24489
Mali,MLI,2004,25296
Mali,MLI,2005,22001
Mali,MLI,2006,24025
Mali,MLI,2007,25029
Mali,MLI,2008,24409
Mali,MLI,2009,29665
Mali,MLI,2010,25543
Mali,MLI,2011,34378
Mali,MLI,2012,40285
Mali,MLI,2013,39754
Mali,MLI,2014,44420
Mali,MLI,2015,39401
Mali,MLI,2016,40137
Mali,MLI,2017,40137
Mali,MLI,2018,35419
Mauritania,MRT,1993,10000
Mauritania,MRT,1994,12169
Mauritania,MRT,1995,12893
Mauritania,MRT,1996,13188
Mauritania,MRT,1997,10000
Mauritania,MRT,1998,14165
Mauritania,MRT,1999,15088
Mauritania,MRT,2000,15464
Mauritania,MRT,2001,16005
Mauritania,MRT,2002,16731
Mauritania,MRT,2003,16667
Mauritania,MRT,2004,24906
Mauritania,MRT,2005,20000
Mauritania,MRT,2006,21026
Mauritania,MRT,2007,20000
Mauritania,MRT,2008,20000
Mauritania,MRT,2009,19780
Mauritania,MRT,2010,20820
Mauritania,MRT,2011,16018
Mauritania,MRT,2012,21278
Mauritania,MRT,2013,21172
Mauritania,MRT,2014,20203
Mauritania,MRT,2015,20143
Mauritania,MRT,2016,21504
Mauritania,MRT,2017,21394
Mauritania,MRT,2018,21566
Mexico,MEX,1993,40821
Mexico,MEX,1994,43034
Mexico,MEX,1995,37320
Mexico,MEX,1996,41706
Mexico,MEX,1997,47347
Mexico,MEX,1998,42077
Mexico,MEX,1999,46310
Mexico,MEX,2000,49355
Mexico,MEX,2001,47661
Mexico,MEX,2002,50999
Mexico,MEX,2003,44912
Mexico,MEX,2004,44871
Mexico,MEX,2005,47517
Mexico,MEX,2006,52274
Mexico,MEX,2007,50824
Mexico,MEX,2008,50134
Mexico,MEX,2009,49688
Mexico,MEX,2010,54185
Mexico,MEX,2011,54778
Mexico,MEX,2012,56568
Mexico,MEX,2013,52934
Mexico,MEX,2014,51935
Mexico,MEX,2015,45256
Mexico,MEX,2016,53388
Mexico,MEX,2017,52967
Mexico,MEX,2018,54373
Moldova,MDA,1993,40260
Moldova,MDA,1994,21930
Moldova,MDA,1995,32427
Moldova,MDA,1996,20592
Moldova,MDA,1997,32794
Moldova,MDA,1998,26714
Moldova,MDA,1999,23423
Moldova,MDA,2000,19512
Moldova,MDA,2001,27133
Moldova,MDA,2002,25068
Moldova,MDA,2003,25261
Moldova,MDA,2004,27386
Moldova,MDA,2005,25989
Moldova,MDA,2006,23196
Moldova,MDA,2007,12925
Moldova,MDA,2008,31244
Moldova,MDA,2009,20988
Moldova,MDA,2010,22872
Moldova,MDA,2011,26376
Moldova,MDA,2012,15760
Moldova,MDA,2013,27551
Moldova,MDA,2014,31667
Moldova,MDA,2015,26729
Moldova,MDA,2016,34869
Moldova,MDA,2017,37309
Moldova,MDA,2018,31251
Morocco,MAR,1993,6808
Morocco,MAR,1994,18111
Morocco,MAR,1995,5543
Morocco,MAR,1996,18415
Morocco,MAR,1997,9292
Morocco,MAR,1998,14184
Morocco,MAR,1999,8004
Morocco,MAR,2000,4758
Morocco,MAR,2001,12280
Morocco,MAR,2002,12793
Morocco,MAR,2003,17220
Morocco,MAR,2004,18082
Morocco,MAR,2005,10261
Morocco,MAR,2006,20365
Morocco,MAR,2007,6154
Morocco,MAR,2008,13189
Morocco,MAR,2009,21398
Morocco,MAR,2010,17095
Morocco,MAR,2011,19488
Morocco,MAR,2012,12342
Morocco,MAR,2013,21640
Morocco,MAR,2014,17132
Morocco,MAR,2015,24664
Morocco,MAR,2016,11315
Morocco,MAR,2017,20953
Morocco,MAR,2018,25752
Mozambique,MOZ,1993,11613
Mozambique,MOZ,1994,11464
Mozambique,MOZ,1995,11401
Mozambique,MOZ,1996,11356
Mozambique,MOZ,1997,11328
Mozambique,MOZ,1998,11337
Mozambique,MOZ,1999,11372
Mozambique,MOZ,2000,10000
Mozambique,MOZ,2001,10000
Mozambique,MOZ,2002,10385
Mozambique,MOZ,2003,11875
Mozambique,MOZ,2004,10870
Mozambique,MOZ,2005,11071
Mozambique,MOZ,2006,12353
Mozambique,MOZ,2007,11765
Mozambique,MOZ,2008,12500
Mozambique,MOZ,2009,12500
Mozambique,MOZ,2010,13367
Mozambique,MOZ,2011,17042
Mozambique,MOZ,2012,9958
Mozambique,MOZ,2013,10951
Mozambique,MOZ,2014,10900
Mozambique,MOZ,2015,10787
Mozambique,MOZ,2016,10938
Mozambique,MOZ,2017,11586
Mozambique,MOZ,2018,11612
Myanmar,MMR,1993,9334
Myanmar,MMR,1994,8209
Myanmar,MMR,1995,8424
Myanmar,MMR,1996,9463
Myanmar,MMR,1997,10328
Myanmar,MMR,1998,9592
Myanmar,MMR,1999,10959
Myanmar,MMR,2000,11494
Myanmar,MMR,2001,11902
Myanmar,MMR,2002,12679
Myanmar,MMR,2003,12870
Myanmar,MMR,2004,13935
Myanmar,MMR,2005,13934
Myanmar,MMR,2006,15262
Myanmar,MMR,2007,15792
Myanmar,MMR,2008,17117
Myanmar,MMR,2009,17297
Myanmar,MMR,2010,17819
Myanmar,MMR,2011,17779
Myanmar,MMR,2012,17840
Myanmar,MMR,2013,18078
Myanmar,MMR,2014,18472
Myanmar,MMR,2015,18616
Myanmar,MMR,2016,11859
Myanmar,MMR,2017,18833
Myanmar,MMR,2018,18124
Namibia,NAM,1993,43846
Namibia,NAM,1994,52500
Namibia,NAM,1995,55172
Namibia,NAM,1996,43846
Namibia,NAM,1997,46361
Namibia,NAM,1998,49336
Namibia,NAM,1999,36440
Namibia,NAM,2000,50983
Namibia,NAM,2001,60464
Namibia,NAM,2002,63724
Namibia,NAM,2003,62509
Namibia,NAM,2004,41622
Namibia,NAM,2005,45255
Namibia,NAM,2006,59308
Namibia,NAM,2007,51342
Namibia,NAM,2008,61420
Namibia,NAM,2009,67214
Namibia,NAM,2010,60942
Namibia,NAM,2011,61219
Namibia,NAM,2012,61697
Namibia,NAM,2013,62155
Namibia,NAM,2014,66667
Namibia,NAM,2015,57756
Namibia,NAM,2016,47289
Namibia,NAM,2017,53061
Namibia,NAM,2018,53061
Nepal,NPL,1993,12460
Nepal,NPL,1994,14704
Nepal,NPL,1995,14416
Nepal,NPL,1996,15500
Nepal,NPL,1997,16072
Nepal,NPL,1998,15463
Nepal,NPL,1999,16955
Nepal,NPL,2000,17931
Nepal,NPL,2001,18063
Nepal,NPL,2002,18859
Nepal,NPL,2003,20092
Nepal,NPL,2004,20873
Nepal,NPL,2005,21344
Nepal,NPL,2006,20745
Nepal,NPL,2007,21563
Nepal,NPL,2008,22252
Nepal,NPL,2009,19338
Nepal,NPL,2010,21289
Nepal,NPL,2011,22747
Nepal,NPL,2012,24123
Nepal,NPL,2013,22902
Nepal,NPL,2014,24960
Nepal,NPL,2015,25914
Nepal,NPL,2016,23288
Nepal,NPL,2017,25538
Nepal,NPL,2018,27573
Netherlands,NLD,1993,87712
Netherlands,NLD,1994,80674
Netherlands,NLD,1995,86189
Netherlands,NLD,1996,89612
Netherlands,NLD,1997,77309
Netherlands,NLD,1998,76956
Netherlands,NLD,1999,83311
Netherlands,NLD,2000,83592
Netherlands,NLD,2001,79447
Netherlands,NLD,2002,78145
Netherlands,NLD,2003,87439
Netherlands,NLD,2004,89149
Netherlands,NLD,2005,85932
Netherlands,NLD,2006,83940
Netherlands,NLD,2007,72714
Netherlands,NLD,2008,87295
Netherlands,NLD,2009,92919
Netherlands,NLD,2010,89092
Netherlands,NLD,2011,77812
Netherlands,NLD,2012,85870
Netherlands,NLD,2013,87412
Netherlands,NLD,2014,91698
Netherlands,NLD,2015,91255
Netherlands,NLD,2016,79832
Netherlands,NLD,2017,90935
Netherlands,NLD,2018,88212
New Zealand,NZL,1993,53698
New Zealand,NZL,1994,54145
New Zealand,NZL,1995,46823
New Zealand,NZL,1996,54738
New Zealand,NZL,1997,56607
New Zealand,NZL,1998,62160
New Zealand,NZL,1999,60610
New Zealand,NZL,2000,62095
New Zealand,NZL,2001,74286
New Zealand,NZL,2002,71467
New Zealand,NZL,2003,74863
New Zealand,NZL,2004,65501
New Zealand,NZL,2005,80920
New Zealand,NZL,2006,68963
New Zealand,NZL,2007,84966
New Zealand,NZL,2008,81120
New Zealand,NZL,2009,74918
New Zealand,NZL,2010,81241
New Zealand,NZL,2011,72858
New Zealand,NZL,2012,89245
New Zealand,NZL,2013,91053
New Zealand,NZL,2014,86267
New Zealand,NZL,2015,86722
New Zealand,NZL,2016,91971
New Zealand,NZL,2017,98644
New Zealand,NZL,2018,89596
Niger,NER,1993,22000
Niger,NER,1994,28800
Niger,NER,1995,34444
Niger,NER,1996,21250
Niger,NER,1997,20000
Niger,NER,1998,22051
Niger,NER,1999,21115
Niger,NER,2000,20049
Niger,NER,2001,18783
Niger,NER,2002,10606
Niger,NER,2003,17100
Niger,NER,2004,17188
Niger,NER,2005,17443
Niger,NER,2006,14992
Niger,NER,2007,14894
Niger,NER,2008,18251
Niger,NER,2009,18917
Niger,NER,2010,19909
Niger,NER,2011,19770
Niger,NER,2012,16537
Niger,NER,2013,30090
Niger,NER,2014,25132
Niger,NER,2015,20664
Niger,NER,2016,20085
Niger,NER,2017,27536
Niger,NER,2018,29615
Nigeria,NGA,1993,23286
Nigeria,NGA,1994,23467
Nigeria,NGA,1995,21800
Nigeria,NGA,1996,20435
Nigeria,NGA,1997,26400
Nigeria,NGA,1998,20000
Nigeria,NGA,1999,20120
Nigeria,NGA,2000,14038
Nigeria,NGA,2001,9808
Nigeria,NGA,2002,9818
Nigeria,NGA,2003,10357
Nigeria,NGA,2004,10690
Nigeria,NGA,2005,11000
Nigeria,NGA,2006,11270
Nigeria,NGA,2007,16923
Nigeria,NGA,2008,16563
Nigeria,NGA,2009,16667
Nigeria,NGA,2010,14844
Nigeria,NGA,2011,12791
Nigeria,NGA,2012,10189
Nigeria,NGA,2013,10000
Nigeria,NGA,2014,13043
Nigeria,NGA,2015,10000
Nigeria,NGA,2016,10000
Nigeria,NGA,2017,9151
Nigeria,NGA,2018,7895
North Korea,PRK,1993,13987
North Korea,PRK,1994,14505
North Korea,PRK,1995,14849
North Korea,PRK,1996,13333
North Korea,PRK,1997,13333
North Korea,PRK,1998,23571
North Korea,PRK,1999,20208
North Korea,PRK,2000,8475
North Korea,PRK,2001,21628
North Korea,PRK,2002,23016
North Korea,PRK,2003,23333
North Korea,PRK,2004,25000
North Korea,PRK,2005,25065
North Korea,PRK,2006,24875
North Korea,PRK,2007,24375
North Korea,PRK,2008,23973
North Korea,PRK,2009,22624
North Korea,PRK,2010,21918
North Korea,PRK,2011,20159
North Korea,PRK,2012,14800
North Korea,PRK,2013,15000
North Korea,PRK,2014,15000
North Korea,PRK,2015,13750
North Korea,PRK,2016,12381
North Korea,PRK,2017,14143
North Korea,PRK,2018,14665
Oman,OMN,1993,23636
Oman,OMN,1994,23661
Oman,OMN,1995,23684
Oman,OMN,1996,23793
Oman,OMN,1997,25000
Oman,OMN,1998,25667
Oman,OMN,1999,30000
Oman,OMN,2000,31896
Oman,OMN,2001,31826
Oman,OMN,2002,31648
Oman,OMN,2003,32703
Oman,OMN,2004,30888
Oman,OMN,2005,31919
Oman,OMN,2006,28080
Oman,OMN,2007,30509
Oman,OMN,2008,30571
Oman,OMN,2009,30975
Oman,OMN,2010,41264
Oman,OMN,2011,33064
Oman,OMN,2012,46512
Oman,OMN,2013,36745
Oman,OMN,2014,36631
Oman,OMN,2015,29882
Oman,OMN,2016,42842
Oman,OMN,2017,42842
Oman,OMN,2018,38525
Pakistan,PAK,1993,19466
Pakistan,PAK,1994,18935
Pakistan,PAK,1995,20811
Pakistan,PAK,1996,20184
Pakistan,PAK,1997,20533
Pakistan,PAK,1998,22376
Pakistan,PAK,1999,21698
Pakistan,PAK,2000,24907
Pakistan,PAK,2001,23254
Pakistan,PAK,2002,22621
Pakistan,PAK,2003,23878
Pakistan,PAK,2004,23733
Pakistan,PAK,2005,25858
Pakistan,PAK,2006,25186
Pakistan,PAK,2007,27156
Pakistan,PAK,2008,24514
Pakistan,PAK,2009,26568
Pakistan,PAK,2010,25528
Pakistan,PAK,2011,28328
Pakistan,PAK,2012,27138
Pakistan,PAK,2013,27957
Pakistan,PAK,2014,28241
Pakistan,PAK,2015,27256
Pakistan,PAK,2016,27790
Pakistan,PAK,2017,29729
Pakistan,PAK,2018,28505
Paraguay,PRY,1993,22131
Paraguay,PRY,1994,21494
Paraguay,PRY,1995,12094
Paraguay,PRY,1996,24544
Paraguay,PRY,1997,17862
Paraguay,PRY,1998,11419
Paraguay,PRY,1999,9584
Paraguay,PRY,2000,18101
Paraguay,PRY,2001,18334
Paraguay,PRY,2002,17263
Paraguay,PRY,2003,22000
Paraguay,PRY,2004,22000
Paraguay,PRY,2005,21918
Paraguay,PRY,2006,16986
Paraguay,PRY,2007,25000
Paraguay,PRY,2008,20986
Paraguay,PRY,2009,21000
Paraguay,PRY,2010,25000
Paraguay,PRY,2011,25049
Paraguay,PRY,2012,26010
Paraguay,PRY,2013,26000
Paraguay,PRY,2014,15000
Paraguay,PRY,2015,18986
Paraguay,PRY,2016,22000
Paraguay,PRY,2017,20000
Paraguay,PRY,2018,16800
Peru,PER,1993,14812
Peru,PER,1994,12420
Peru,PER,1995,12643
Peru,PER,1996,12499
Peru,PER,1997,11150
Peru,PER,1998,11648
Peru,PER,1999,12877
Peru,PER,2000,12797
Peru,PER,2001,12465
Peru,PER,2002,13456
Peru,PER,2003,13779
Peru,PER,2004,13872
Peru,PER,2005,13440
Peru,PER,2006,13360
Peru,PER,2007,12562
Peru,PER,2008,13839
Peru,PER,2009,14315
Peru,PER,2010,14224
Peru,PER,2011,14719
Peru,PER,2012,14891
Peru,PER,2013,14976
Peru,PER,2014,15554
Peru,PER,2015,15529
Peru,PER,2016,15027
Peru,PER,2017,15050
Peru,PER,2018,15405
Poland,POL,1993,33279
Poland,POL,1994,31817
Poland,POL,1995,36015
Poland,POL,1996,34574
Poland,POL,1997,32064
Poland,POL,1998,36243
Poland,POL,1999,35042
Poland,POL,2000,32268
Poland,POL,2001,35336
Poland,POL,2002,38539
Poland,POL,2003,34047
Poland,POL,2004,42811
Poland,POL,2005,39545
Poland,POL,2006,32447
Poland,POL,2007,39381
Poland,POL,2008,40716
Poland,POL,2009,41725
Poland,POL,2010,44290
Poland,POL,2011,41348
Poland,POL,2012,41438
Poland,POL,2013,44367
Poland,POL,2014,49721
Poland,POL,2015,45744
Poland,POL,2016,45802
Poland,POL,2017,48773
Poland,POL,2018,40626
Portugal,PRT,1993,16861
Portugal,PRT,1994,19667
Portugal,PRT,1995,13872
Portugal,PRT,1996,17139
Portugal,PRT,1997,11905
Portugal,PRT,1998,10151
Portugal,PRT,1999,15986
Portugal,PRT,2000,15678
Portugal,PRT,2001,8371
Portugal,PRT,2002,17904
Portugal,PRT,2003,8581
Portugal,PRT,2004,15625
Portugal,PRT,2005,6644
Portugal,PRT,2006,23847
Portugal,PRT,2007,18630
Portugal,PRT,2008,23028
Portugal,PRT,2009,17008
Portugal,PRT,2010,14305
Portugal,PRT,2011,12002
Portugal,PRT,2012,10766
Portugal,PRT,2013,17635
Portugal,PRT,2014,20657
Portugal,PRT,2015,20232
Portugal,PRT,2016,23565
Portugal,PRT,2017,20542
Portugal,PRT,2018,25069
Qatar,QAT,1993,23103
Qatar,QAT,1994,23065
Qatar,QAT,1995,22969
Qatar,QAT,1996,22881
Qatar,QAT,1997,23077
Qatar,QAT,1998,22951
Qatar,QAT,1999,23056
Qatar,QAT,2000,23056
Qatar,QAT,2001,23333
Qatar,QAT,2002,22727
Qatar,QAT,2003,23333
Qatar,QAT,2004,24444
Qatar,QAT,2005,23333
Qatar,QAT,2006,20000
Qatar,QAT,2007,23188
Qatar,QAT,2008,30000
Qatar,QAT,2009,23333
Qatar,QAT,2010,22500
Qatar,QAT,2011,23636
Qatar,QAT,2012,22857
Qatar,QAT,2013,22632
Qatar,QAT,2014,25000
Qatar,QAT,2016,22963
Qatar,QAT,2017,22857
Qatar,QAT,2018,25000
Romania,ROU,1993,23291
Romania,ROU,1994,25435
Romania,ROU,1995,30903
Romania,ROU,1996,17645
Romania,ROU,1997,30103
Romania,ROU,1998,25963
Romania,ROU,1999,27993
Romania,ROU,2000,22996
Romania,ROU,2001,30449
Romania,ROU,2002,20580
Romania,ROU,2003,17570
Romania,ROU,2004,34775
Romania,ROU,2005,29985
Romania,ROU,2006,27737
Romania,ROU,2007,16100
Romania,ROU,2008,34222
Romania,ROU,2009,24305
Romania,ROU,2010,27000
Romania,ROU,2011,36650
Romania,ROU,2012,26593
Romania,ROU,2013,34786
Romania,ROU,2014,35984
Romania,ROU,2015,37872
Romania,ROU,2016,39484
Romania,ROU,2017,48911
Romania,ROU,2018,48022
Russia,RUS,1993,17655
Russia,RUS,1994,14498
Russia,RUS,1995,13946
Russia,RUS,1996,15449
Russia,RUS,1997,18417
Russia,RUS,1998,13594
Russia,RUS,1999,15691
Russia,RUS,2000,16144
Russia,RUS,2001,20583
Russia,RUS,2002,20681
Russia,RUS,2003,17030
Russia,RUS,2004,19823
Russia,RUS,2005,19291
Russia,RUS,2006,19492
Russia,RUS,2007,21007
Russia,RUS,2008,24459
Russia,RUS,2009,23182
Russia,RUS,2010,19181
Russia,RUS,2011,22645
Russia,RUS,2012,17727
Russia,RUS,2013,22288
Russia,RUS,2014,24976
Russia,RUS,2015,23883
Russia,RUS,2016,26854
Russia,RUS,2017,31254
Russia,RUS,2018,27250
Rwanda,RWA,1993,12000
Rwanda,RWA,1994,11852
Rwanda,RWA,1995,10442
Rwanda,RWA,1996,11357
Rwanda,RWA,1997,9557
Rwanda,RWA,1998,7263
Rwanda,RWA,1999,6974
Rwanda,RWA,2000,6416
Rwanda,RWA,2001,7694
Rwanda,RWA,2002,6171
Rwanda,RWA,2003,7653
Rwanda,RWA,2004,7987
Rwanda,RWA,2005,9083
Rwanda,RWA,2006,8510
Rwanda,RWA,2007,8948
Rwanda,RWA,2008,10308
Rwanda,RWA,2009,13846
Rwanda,RWA,2010,12623
Rwanda,RWA,2011,16364
Rwanda,RWA,2012,17442
Rwanda,RWA,2013,16279
Rwanda,RWA,2014,18747
Rwanda,RWA,2015,17967
Rwanda,RWA,2016,17060
Rwanda,RWA,2017,10157
Rwanda,RWA,2018,10106
Saudi Arabia,SAU,1993,44886
Saudi Arabia,SAU,1994,45503
Saudi Arabia,SAU,1995,44720
Saudi Arabia,SAU,1996,43821
Saudi Arabia,SAU,1997,44497
Saudi Arabia,SAU,1998,44999
Saudi Arabia,SAU,1999,42526
Saudi Arabia,SAU,2000,42640
Saudi Arabia,SAU,2001,49081
Saudi Arabia,SAU,2002,48875
Saudi Arabia,SAU,2003,48849
Saudi Arabia,SAU,2004,53066
Saudi Arabia,SAU,2005,54175
Saudi Arabia,SAU,2006,56172
Saudi Arabia,SAU,2007,56844
Saudi Arabia,SAU,2008,60877
Saudi Arabia,SAU,2009,58833
Saudi Arabia,SAU,2010,61474
Saudi Arabia,SAU,2011,61429
Saudi Arabia,SAU,2012,59254
Saudi Arabia,SAU,2013,64333
Saudi Arabia,SAU,2014,58800
Saudi Arabia,SAU,2015,61420
Saudi Arabia,SAU,2016,59250
Saudi Arabia,SAU,2017,64333
Saudi Arabia,SAU,2018,65334
Slovakia,SVK,1993,38474
Slovakia,SVK,1994,48518
Slovakia,SVK,1995,44379
Slovakia,SVK,1996,41302
Slovakia,SVK,1997,45723
Slovakia,SVK,1998,41726
Slovakia,SVK,1999,40133
Slovakia,SVK,2000,30952
Slovakia,SVK,2001,40102
Slovakia,SVK,2002,38302
Slovakia,SVK,2003,30313
Slovakia,SVK,2004,47988
Slovakia,SVK,2005,43111
Slovakia,SVK,2006,38461
Slovakia,SVK,2007,38249
Slovakia,SVK,2008,48693
Slovakia,SVK,2009,40557
Slovakia,SVK,2010,34646
Slovakia,SVK,2011,44953
Slovakia,SVK,2012,32856
Slovakia,SVK,2013,45808
Slovakia,SVK,2014,54640
Slovakia,SVK,2015,55098
Slovakia,SVK,2016,58434
Slovakia,SVK,2017,47386
Slovakia,SVK,2018,47795
Slovenia,SVN,1993,38430
Slovenia,SVN,1994,43300
Slovenia,SVN,1995,42300
Slovenia,SVN,1996,39000
Slovenia,SVN,1997,41557
Slovenia,SVN,1998,48279
Slovenia,SVN,1999,37087
Slovenia,SVN,2000,42492
Slovenia,SVN,2001,46036
Slovenia,SVN,2002,48943
Slovenia,SVN,2003,34543
Slovenia,SVN,2004,45339
Slovenia,SVN,2005,47005
Slovenia,SVN,2006,41907
Slovenia,SVN,2007,41616
Slovenia,SVN,2008,45265
Slovenia,SVN,2009,39643
Slovenia,SVN,2010,48044
Slovenia,SVN,2011,51770
Slovenia,SVN,2012,54376
Slovenia,SVN,2013,43528
Slovenia,SVN,2014,52302
Slovenia,SVN,2015,51102
Slovenia,SVN,2016,51863
Slovenia,SVN,2017,50314
Slovenia,SVN,2018,43815
Somalia,SOM,1993,3700
Somalia,SOM,1994,3701
Somalia,SOM,1995,3708
Somalia,SOM,1996,3714
Somalia,SOM,1997,3724
Somalia,SOM,1998,3750
Somalia,SOM,1999,3722
Somalia,SOM,2000,3692
Somalia,SOM,2001,3654
Somalia,SOM,2002,3736
Somalia,SOM,2003,3763
Somalia,SOM,2004,3786
Somalia,SOM,2005,3871
Somalia,SOM,2006,3692
Somalia,SOM,2007,3785
Somalia,SOM,2008,3806
Somalia,SOM,2009,3834
Somalia,SOM,2010,3868
Somalia,SOM,2011,3901
Somalia,SOM,2012,4000
Somalia,SOM,2013,4000
Somalia,SOM,2014,3949
Somalia,SOM,2015,3954
Somalia,SOM,2016,3971
Somalia,SOM,2017,3982
Somalia,SOM,2018,3994
South Africa,ZAF,1993,18454
South Africa,ZAF,1994,17561
South Africa,ZAF,1995,14507
South Africa,ZAF,1996,20961
South Africa,ZAF,1997,17575
South Africa,ZAF,1998,25295
South Africa,ZAF,1999,24137
South Africa,ZAF,2000,25997
South Africa,ZAF,2001,25708
South Africa,ZAF,2002,25906
South Africa,ZAF,2003,20680
South Africa,ZAF,2004,20325
South Africa,ZAF,2005,23665
South Africa,ZAF,2006,27516
South Africa,ZAF,2007,30142
South Africa,ZAF,2008,28476
South Africa,ZAF,2009,30475
South Africa,ZAF,2010,25623
South Africa,ZAF,2011,33157
South Africa,ZAF,2012,37476
South Africa,ZAF,2013,36993
South Africa,ZAF,2014,36721
South Africa,ZAF,2015,29866
South Africa,ZAF,2016,37571
South Africa,ZAF,2017,31225
South Africa,ZAF,2018,37111
South Korea,KOR,1993,27112
South Korea,KOR,1994,37045
South Korea,KOR,1995,44386
South Korea,KOR,1996,39193
South Korea,KOR,1997,40441
South Korea,KOR,1998,34847
South Korea,KOR,1999,36699
South Korea,KOR,2000,25452
South Korea,KOR,2001,31049
South Korea,KOR,2002,32268
South Korea,KOR,2003,30512
South Korea,KOR,2004,33289
South Korea,KOR,2005,32058
South Korea,KOR,2006,33429
South Korea,KOR,2007,38128
South Korea,KOR,2008,40639
South Korea,KOR,2009,37067
South Korea,KOR,2010,31173
South Korea,KOR,2011,33484
South Korea,KOR,2012,39098
South Korea,KOR,2013,25852
South Korea,KOR,2014,32603
South Korea,KOR,2015,26234
South Korea,KOR,2016,37074
South Korea,KOR,2017,40316
South Korea,KOR,2018,36558
Spain,ESP,1993,24492
Spain,ESP,1994,21843
Spain,ESP,1995,14761
Spain,ESP,1996,30016
Spain,ESP,1997,22498
Spain,ESP,1998,28424
Spain,ESP,1999,20987
Spain,ESP,2000,30997
Spain,ESP,2001,23003
Spain,ESP,2002,28347
Spain,ESP,2003,29236
Spain,ESP,2004,32628
Spain,ESP,2005,17707
Spain,ESP,2006,28755
Spain,ESP,2007,35692
Spain,ESP,2008,32483
Spain,ESP,2009,27103
Spain,ESP,2010,30498
Spain,ESP,2011,34475
Spain,ESP,2012,23718
Spain,ESP,2013,36447
Spain,ESP,2014,29806
Spain,ESP,2015,29236
Spain,ESP,2016,34886
Spain,ESP,2017,23263
Spain,ESP,2018,38717
Swaziland,SWZ,1993,16051
Swaziland,SWZ,1994,14286
Swaziland,SWZ,1995,15000
Swaziland,SWZ,1996,15000
Swaziland,SWZ,1997,15603
Swaziland,SWZ,1998,15909
Swaziland,SWZ,1999,15000
Swaziland,SWZ,2000,15000
Swaziland,SWZ,2001,15413
Swaziland,SWZ,2002,15392
Swaziland,SWZ,2003,15428
Swaziland,SWZ,2004,15438
Swaziland,SWZ,2005,15451
Swaziland,SWZ,2006,15520
Swaziland,SWZ,2007,14773
Swaziland,SWZ,2008,15660
Swaziland,SWZ,2009,15000
Swaziland,SWZ,2010,15000
Swaziland,SWZ,2011,16847
Swaziland,SWZ,2012,20000
Swaziland,SWZ,2013,20000
Swaziland,SWZ,2014,18353
Swaziland,SWZ,2015,17709
Swaziland,SWZ,2016,17916
Swaziland,SWZ,2017,18017
Swaziland,SWZ,2018,18146
Switzerland,CHE,1993,59382
Switzerland,CHE,1994,54925
Switzerland,CHE,1995,59798
Switzerland,CHE,1996,66149
Switzerland,CHE,1997,59787
Switzerland,CHE,1998,61811
Switzerland,CHE,1999,52609
Switzerland,CHE,2000,59477
Switzerland,CHE,2001,55116
Switzerland,CHE,2002,56340
Switzerland,CHE,2003,50550
Switzerland,CHE,2004,61177
Switzerland,CHE,2005,57316
Switzerland,CHE,2006,58130
Switzerland,CHE,2007,59803
Switzerland,CHE,2008,60014
Switzerland,CHE,2009,60214
Switzerland,CHE,2010,57490
Switzerland,CHE,2011,62952
Switzerland,CHE,2012,57763
Switzerland,CHE,2013,53834
Switzerland,CHE,2014,63489
Switzerland,CHE,2015,59882
Switzerland,CHE,2016,43705
Switzerland,CHE,2017,60940
Switzerland,CHE,2018,56419
Syria,SYR,1993,26182
Syria,SYR,1994,23838
Syria,SYR,1995,25457
Syria,SYR,1996,25200
Syria,SYR,1997,17214
Syria,SYR,1998,23885
Syria,SYR,1999,16790
Syria,SYR,2000,18498
Syria,SYR,2001,28178
Syria,SYR,2002,28436
Syria,SYR,2003,27355
Syria,SYR,2004,24778
Syria,SYR,2005,24523
Syria,SYR,2006,27599
Syria,SYR,2007,24231
Syria,SYR,2008,14397
Syria,SYR,2009,25754
Syria,SYR,2010,19280
Syria,SYR,2011,25366
Syria,SYR,2012,22517
Syria,SYR,2013,23158
Syria,SYR,2014,15718
Syria,SYR,2015,21053
Syria,SYR,2016,20000
Syria,SYR,2017,20000
Syria,SYR,2018,21232
Taiwan,TWN,1993,34901
Taiwan,TWN,1994,32504
Taiwan,TWN,1995,33681
Taiwan,TWN,1996,33860
Taiwan,TWN,1997,42500
Taiwan,TWN,1998,24444
Taiwan,TWN,1999,46316
Taiwan,TWN,2000,35278
Taiwan,TWN,2001,34412
Taiwan,TWN,2002,36389
Taiwan,TWN,2003,35200
Taiwan,TWN,2004,32162
Taiwan,TWN,2005,31613
Taiwan,TWN,2006,40448
Taiwan,TWN,2007,42286
Taiwan,TWN,2008,44242
Taiwan,TWN,2009,44938
Taiwan,TWN,2010,27253
Taiwan,TWN,2011,21630
Taiwan,TWN,2012,33442
Taiwan,TWN,2013,19889
Taiwan,TWN,2014,30833
Taiwan,TWN,2015,23540
Taiwan,TWN,2016,27429
Taiwan,TWN,2017,27093
Taiwan,TWN,2018,25826
Tajikistan,TJK,1993,8513
Tajikistan,TJK,1994,8409
Tajikistan,TJK,1995,8882
Tajikistan,TJK,1996,8566
Tajikistan,TJK,1997,12687
Tajikistan,TJK,1998,11448
Tajikistan,TJK,1999,11486
Tajikistan,TJK,2000,11839
Tajikistan,TJK,2001,13098
Tajikistan,TJK,2002,17898
Tajikistan,TJK,2003,19716
Tajikistan,TJK,2004,19897
Tajikistan,TJK,2005,19603
Tajikistan,TJK,2006,19967
Tajikistan,TJK,2007,23500
Tajikistan,TJK,2008,19866
Tajikistan,TJK,2009,30343
Tajikistan,TJK,2010,30159
Tajikistan,TJK,2011,23359
Tajikistan,TJK,2012,26758
Tajikistan,TJK,2013,29735
Tajikistan,TJK,2014,29680
Tajikistan,TJK,2015,30320
Tajikistan,TJK,2016,30828
Tajikistan,TJK,2017,31471
Tajikistan,TJK,2018,30483
Tanzania,TZA,1993,13420
Tanzania,TZA,1994,12090
Tanzania,TZA,1995,13817
Tanzania,TZA,1996,13957
Tanzania,TZA,1997,13869
Tanzania,TZA,1998,11217
Tanzania,TZA,1999,14363
Tanzania,TZA,2000,4561
Tanzania,TZA,2001,17076
Tanzania,TZA,2002,25106
Tanzania,TZA,2003,27520
Tanzania,TZA,2004,19488
Tanzania,TZA,2005,28838
Tanzania,TZA,2006,20667
Tanzania,TZA,2007,10986
Tanzania,TZA,2008,10046
Tanzania,TZA,2009,5521
Tanzania,TZA,2010,11429
Tanzania,TZA,2011,10404
Tanzania,TZA,2012,9915
Tanzania,TZA,2013,9700
Tanzania,TZA,2014,16573
Tanzania,TZA,2015,8468
Tanzania,TZA,2016,9182
Tanzania,TZA,2017,11302
Tanzania,TZA,2018,11092
Thailand,THA,1993,6167
Thailand,THA,1994,7000
Thailand,THA,1995,6782
Thailand,THA,1996,6455
Thailand,THA,1997,6852
Thailand,THA,1998,6894
Thailand,THA,1999,6931
Thailand,THA,2000,6969
Thailand,THA,2001,7010
Thailand,THA,2002,7065
Thailand,THA,2003,7388
Thailand,THA,2004,7566
Thailand,THA,2005,7757
Thailand,THA,2006,7922
Thailand,THA,2007,8083
Thailand,THA,2008,8248
Thailand,THA,2009,8483
Thailand,THA,2010,8786
Thailand,THA,2011,9134
Thailand,THA,2012,8696
Thailand,THA,2013,12500
Thailand,THA,2014,10742
Thailand,THA,2015,10063
Thailand,THA,2016,10746
Thailand,THA,2017,10513
Thailand,THA,2018,11062
Turkey,TUR,1993,21642
Turkey,TUR,1994,17975
Turkey,TUR,1995,19315
Turkey,TUR,1996,19852
Turkey,TUR,1997,20174
Turkey,TUR,1998,22564
Turkey,TUR,1999,19409
Turkey,TUR,2000,22928
Turkey,TUR,2001,20765
Turkey,TUR,2002,21006
Turkey,TUR,2003,20987
Turkey,TUR,2004,22658
Turkey,TUR,2005,23309
Turkey,TUR,2006,23595
Turkey,TUR,2007,21675
Turkey,TUR,2008,23451
Turkey,TUR,2009,25667
Turkey,TUR,2010,24400
Turkey,TUR,2011,27038
Turkey,TUR,2012,26723
Turkey,TUR,2013,28451
Turkey,TUR,2014,24294
Turkey,TUR,2015,28803
Turkey,TUR,2016,27070
Turkey,TUR,2017,28060
Turkey,TUR,2018,27440
Turkmenistan,TKM,1993,19577
Turkmenistan,TKM,1994,25763
Turkmenistan,TKM,1995,15904
Turkmenistan,TKM,1996,7759
Turkmenistan,TKM,1997,14252
Turkmenistan,TKM,1998,24904
Turkmenistan,TKM,1999,25097
Turkmenistan,TKM,2000,24143
Turkmenistan,TKM,2001,25143
Turkmenistan,TKM,2002,31863
Turkmenistan,TKM,2003,29259
Turkmenistan,TKM,2004,31707
Turkmenistan,TKM,2005,31489
Turkmenistan,TKM,2006,35243
Turkmenistan,TKM,2007,13000
Turkmenistan,TKM,2008,11000
Turkmenistan,TKM,2009,16000
Turkmenistan,TKM,2010,17000
Turkmenistan,TKM,2011,13619
Turkmenistan,TKM,2012,12563
Turkmenistan,TKM,2013,12157
Turkmenistan,TKM,2014,12543
Turkmenistan,TKM,2015,12066
Turkmenistan,TKM,2016,11688
Turkmenistan,TKM,2017,11100
Turkmenistan,TKM,2018,10678
Uganda,UGA,1993,18000
Uganda,UGA,1994,18000
Uganda,UGA,1995,18000
Uganda,UGA,1996,18000
Uganda,UGA,1997,18000
Uganda,UGA,1998,18000
Uganda,UGA,1999,18333
Uganda,UGA,2000,17143
Uganda,UGA,2001,17500
Uganda,UGA,2002,17500
Uganda,UGA,2003,16667
Uganda,UGA,2004,16667
Uganda,UGA,2005,16667
Uganda,UGA,2006,18000
Uganda,UGA,2007,17273
Uganda,UGA,2008,17273
Uganda,UGA,2009,16667
Uganda,UGA,2010,16667
Uganda,UGA,2011,17692
Uganda,UGA,2012,14286
Uganda,UGA,2013,14286
Uganda,UGA,2014,15714
Uganda,UGA,2015,15998
Uganda,UGA,2016,15780
Uganda,UGA,2017,15488
Uganda,UGA,2018,15383
Ukraine,UKR,1993,37980
Ukraine,UKR,1994,30745
Ukraine,UKR,1995,29699
Ukraine,UKR,1996,22993
Ukraine,UKR,1997,28277
Ukraine,UKR,1998,26479
Ukraine,UKR,1999,22903
Ukraine,UKR,2000,19756
Ukraine,UKR,2001,31020
Ukraine,UKR,2002,30455
Ukraine,UKR,2003,29385
Ukraine,UKR,2004,31661
Ukraine,UKR,2005,28457
Ukraine,UKR,2006,25308
Ukraine,UKR,2007,23420
Ukraine,UKR,2008,36698
Ukraine,UKR,2009,30930
Ukraine,UKR,2010,26816
Ukraine,UKR,2011,33533
Ukraine,UKR,2012,27999
Ukraine,UKR,2013,33931
Ukraine,UKR,2014,40119
Ukraine,UKR,2015,38792
Ukraine,UKR,2016,42056
Ukraine,UKR,2017,41097
Ukraine,UKR,2018,37242
United Arab Emirates,ARE,1993,8586
United Arab Emirates,ARE,1994,18554
United Arab Emirates,ARE,1995,17419
United Arab Emirates,ARE,1996,11948
United Arab Emirates,ARE,1997,51379
United Arab Emirates,ARE,1998,72000
United Arab Emirates,ARE,1999,41569
United Arab Emirates,ARE,2000,65000
United Arab Emirates,ARE,2001,35333
United Arab Emirates,ARE,2002,34118
United Arab Emirates,ARE,2003,25000
United Arab Emirates,ARE,2004,20000
United Arab Emirates,ARE,2005,20000
United Arab Emirates,ARE,2006,26000
United Arab Emirates,ARE,2007,30000
United Arab Emirates,ARE,2008,30000
United Kingdom,GBR,1993,73282
United Kingdom,GBR,1994,73520
United Kingdom,GBR,1995,76992
United Kingdom,GBR,1996,81315
United Kingdom,GBR,1997,73776
United Kingdom,GBR,1998,75542
United Kingdom,GBR,1999,80495
United Kingdom,GBR,2000,80075
United Kingdom,GBR,2001,70827
United Kingdom,GBR,2002,80028
United Kingdom,GBR,2003,77798
United Kingdom,GBR,2004,77754
United Kingdom,GBR,2005,79609
United Kingdom,GBR,2006,80361
United Kingdom,GBR,2007,72244
United Kingdom,GBR,2008,82814
United Kingdom,GBR,2009,79284
United Kingdom,GBR,2010,76746
United Kingdom,GBR,2011,77471
United Kingdom,GBR,2012,66571
United Kingdom,GBR,2013,73838
United Kingdom,GBR,2014,85786
United Kingdom,GBR,2015,89760
United Kingdom,GBR,2016,78897
United Kingdom,GBR,2017,82796
United Kingdom,GBR,2018,77546
United States,USA,1993,25699
United States,USA,1994,25270
United States,USA,1995,24065
United States,USA,1996,24389
United States,USA,1997,26574
United States,USA,1998,29034
United States,USA,1999,28726
United States,USA,2000,28238
United States,USA,2001,27018
United States,USA,2002,23567
United States,USA,2003,29712
United States,USA,2004,29026
United States,USA,2005,28231
United States,USA,2006,25986
United States,USA,2007,27046
United States,USA,2008,30175
United States,USA,2009,29897
United States,USA,2010,31167
United States,USA,2011,29422
United States,USA,2012,31154
United States,USA,2013,31673
United States,USA,2014,29378
United States,USA,2015,29299
United States,USA,2016,35408
United States,USA,2017,31175
United States,USA,2018,31999
Uruguay,URY,1993,16018
Uruguay,URY,1994,25653
Uruguay,URY,1995,23359
Uruguay,URY,1996,25957
Uruguay,URY,1997,19843
Uruguay,URY,1998,28929
Uruguay,URY,1999,19537
Uruguay,URY,2000,25344
Uruguay,URY,2001,11488
Uruguay,URY,2002,20000
Uruguay,URY,2003,15011
Uruguay,URY,2004,27698
Uruguay,URY,2005,29704
Uruguay,URY,2006,29583
Uruguay,URY,2007,31603
Uruguay,URY,2008,28420
Uruguay,URY,2009,28560
Uruguay,URY,2010,33583
Uruguay,URY,2011,32196
Uruguay,URY,2012,33979
Uruguay,URY,2013,21822
Uruguay,URY,2014,33177
Uruguay,URY,2015,26967
Uruguay,URY,2016,36082
Uruguay,URY,2017,35209
Uruguay,URY,2018,23656
Uzbekistan,UZB,1993,13585
Uzbekistan,UZB,1994,15150
Uzbekistan,UZB,1995,21421
Uzbekistan,UZB,1996,20635
Uzbekistan,UZB,1997,21994
Uzbekistan,UZB,1998,26334
Uzbekistan,UZB,1999,26460
Uzbekistan,UZB,2000,27174
Uzbekistan,UZB,2001,31509
Uzbekistan,UZB,2002,40410
Uzbekistan,UZB,2003,37315
Uzbekistan,UZB,2004,37457
Uzbekistan,UZB,2005,42073
Uzbekistan,UZB,2006,42108
Uzbekistan,UZB,2007,44786
Uzbekistan,UZB,2008,44771
Uzbekistan,UZB,2009,49013
Uzbekistan,UZB,2010,46000
Uzbekistan,UZB,2011,45560
Uzbekistan,UZB,2012,47095
Uzbekistan,UZB,2013,47393
Uzbekistan,UZB,2014,47821
Uzbekistan,UZB,2015,48175
Uzbekistan,UZB,2016,48023
Uzbekistan,UZB,2017,43165
Uzbekistan,UZB,2018,41260
Venezuela,VEN,1993,4191
Venezuela,VEN,1994,4832
Venezuela,VEN,1995,3977
Venezuela,VEN,1996,8709
Venezuela,VEN,1997,12595
Venezuela,VEN,1998,16453
Venezuela,VEN,1999,20037
Venezuela,VEN,2000,25749
Venezuela,VEN,2001,27437
Venezuela,VEN,2002,30000
Venezuela,VEN,2003,29804
Venezuela,VEN,2004,30000
Venezuela,VEN,2005,29605
Venezuela,VEN,2006,30137
Venezuela,VEN,2007,30000
Venezuela,VEN,2008,29870
Venezuela,VEN,2009,29792
Venezuela,VEN,2010,29942
Venezuela,VEN,2011,30000
Venezuela,VEN,2012,29863
Venezuela,VEN,2013,29815
Venezuela,VEN,2014,29815
Venezuela,VEN,2015,29833
Venezuela,VEN,2016,29787
Venezuela,VEN,2017,29857
Venezuela,VEN,2018,29724
Yemen,YEM,1993,16092
Yemen,YEM,1994,17035
Yemen,YEM,1995,16831
Yemen,YEM,1996,14096
Yemen,YEM,1997,12302
Yemen,YEM,1998,15034
Yemen,YEM,1999,16207
Yemen,YEM,2000,16246
Yemen,YEM,2001,16185
Yemen,YEM,2002,14740
Yemen,YEM,2003,11997
Yemen,YEM,2004,12323
Yemen,YEM,2005,13134
Yemen,YEM,2006,13474
Yemen,YEM,2007,15441
Yemen,YEM,2008,13846
Yemen,YEM,2009,18901
Yemen,YEM,2010,17843
Yemen,YEM,2011,18667
Yemen,YEM,2012,18095
Yemen,YEM,2013,16915
Yemen,YEM,2014,17206
Yemen,YEM,2015,16692
Yemen,YEM,2016,15583
Yemen,YEM,2017,15588
Yemen,YEM,2018,16349
Zambia,ZMB,1993,50737
Zambia,ZMB,1994,52692
Zambia,ZMB,1995,48705
Zambia,ZMB,1996,55771
Zambia,ZMB,1997,66221
Zambia,ZMB,1998,56681
Zambia,ZMB,1999,69777
Zambia,ZMB,2000,62102
Zambia,ZMB,2001,66667
Zambia,ZMB,2002,62500
Zambia,ZMB,2003,64286
Zambia,ZMB,2004,61181
Zambia,ZMB,2005,62104
Zambia,ZMB,2006,54946
Zambia,ZMB,2007,61511
Zambia,ZMB,2008,99387
Zambia,ZMB,2009,56991
Zambia,ZMB,2010,63118
Zambia,ZMB,2011,63068
Zambia,ZMB,2012,68135
Zambia,ZMB,2013,65435
Zambia,ZMB,2014,71559
Zambia,ZMB,2015,68802
Zambia,ZMB,2016,66005
Zambia,ZMB,2017,72439
Zambia,ZMB,2018,52808
Zimbabwe,ZWE,1993,57708
Zimbabwe,ZWE,1994,54649
Zimbabwe,ZWE,1995,50360
Zimbabwe,ZWE,1996,54999
Zimbabwe,ZWE,1997,56000
Zimbabwe,ZWE,1998,55000
Zimbabwe,ZWE,1999,55000
Zimbabwe,ZWE,2000,54000
Zimbabwe,ZWE,2001,53000
Zimbabwe,ZWE,2002,50000
Zimbabwe,ZWE,2003,30000
Zimbabwe,ZWE,2004,35000
Zimbabwe,ZWE,2005,35000
Zimbabwe,ZWE,2006,36000
Zimbabwe,ZWE,2007,29998
Zimbabwe,ZWE,2008,30097
Zimbabwe,ZWE,2009,30000
Zimbabwe,ZWE,2010,27788
Zimbabwe,ZWE,2011,26604
Zimbabwe,ZWE,2012,24902
Zimbabwe,ZWE,2013,23430
Zimbabwe,ZWE,2014,22094
Zimbabwe,ZWE,2015,20486
Zimbabwe,ZWE,2016,19013
Zimbabwe,ZWE,2017,17542
Zimbabwe,ZWE,2018,20010
