Country,Code,Year,Wheat_Prod_Tones
Afghanistan,AFG,1993,1940000
Afghanistan,AFG,1994,2050000
Afghanistan,AFG,1995,2100000
Afghanistan,AFG,1996,2300000
Afghanistan,AFG,1997,2711000
Afghanistan,AFG,1998,2834000
Afghanistan,AFG,1999,2499000
Afghanistan,AFG,2000,1469000
Afghanistan,AFG,2001,1597000
Afghanistan,AFG,2002,2686000
Afghanistan,AFG,2003,3480000
Afghanistan,AFG,2004,2390000
Afghanistan,AFG,2005,4266000
Afghanistan,AFG,2006,3363000
Afghanistan,AFG,2007,4484000
Afghanistan,AFG,2008,2623000
Afghanistan,AFG,2009,5064000
Afghanistan,AFG,2010,4532000
Afghanistan,AFG,2011,3388000
Afghanistan,AFG,2012,5050000
Afghanistan,AFG,2013,5169235
Afghanistan,AFG,2014,5370259
Afghanistan,AFG,2015,4673040
Afghanistan,AFG,2016,4555110
Afghanistan,AFG,2017,4280776
Afghanistan,AFG,2018,3613300
Albania,ALB,1993,464498
Albania,ALB,1994,420000
Albania,ALB,1995,405342
Albania,ALB,1996,271150
Albania,ALB,1997,388391
Albania,ALB,1998,395067
Albania,ALB,1999,272000
Albania,ALB,2000,341100
Albania,ALB,2001,282200
Albania,ALB,2002,295300
Albania,ALB,2003,259900
Albania,ALB,2004,253400
Albania,ALB,2005,260000
Albania,ALB,2006,230900
Albania,ALB,2007,249500
Albania,ALB,2008,335000
Albania,ALB,2009,333100
Albania,ALB,2010,294900
Albania,ALB,2011,292800
Albania,ALB,2012,300000
Albania,ALB,2013,294000
Albania,ALB,2014,280000
Albania,ALB,2015,275000
Albania,ALB,2016,275000
Albania,ALB,2017,274877
Albania,ALB,2018,240294
Algeria,DZA,1993,1016500
Algeria,DZA,1994,713964
Algeria,DZA,1995,1499920
Algeria,DZA,1996,2982604
Algeria,DZA,1997,661514
Algeria,DZA,1998,2280000
Algeria,DZA,1999,1470000
Algeria,DZA,2000,760361
Algeria,DZA,2001,2039213
Algeria,DZA,2002,1501803
Algeria,DZA,2003,2964852
Algeria,DZA,2004,2730700
Algeria,DZA,2005,2414728
Algeria,DZA,2006,2687930
Algeria,DZA,2007,2318963
Algeria,DZA,2008,1111033
Algeria,DZA,2009,2953117
Algeria,DZA,2010,2605178
Algeria,DZA,2011,2910890
Algeria,DZA,2012,3432231
Algeria,DZA,2013,3299049
Algeria,DZA,2014,2436197
Algeria,DZA,2015,2656731
Algeria,DZA,2016,2440097
Algeria,DZA,2017,2436503
Algeria,DZA,2018,3981219
Angola,AGO,1993,3000
Angola,AGO,1994,3000
Angola,AGO,1995,5000
Angola,AGO,1996,5236
Angola,AGO,1997,5503
Angola,AGO,1998,6000
Angola,AGO,1999,4000
Angola,AGO,2000,4000
Angola,AGO,2001,4000
Angola,AGO,2002,4000
Angola,AGO,2003,3937
Angola,AGO,2004,3941
Angola,AGO,2005,4000
Angola,AGO,2006,4000
Angola,AGO,2007,4000
Angola,AGO,2008,4000
Angola,AGO,2009,4000
Angola,AGO,2010,4000
Angola,AGO,2011,4000
Angola,AGO,2012,3840
Angola,AGO,2013,3214
Angola,AGO,2014,2848
Angola,AGO,2015,2709
Angola,AGO,2016,2924
Angola,AGO,2017,2827
Angola,AGO,2018,2820
Argentina,ARG,1993,9995900
Argentina,ARG,1994,9736500
Argentina,ARG,1995,11406460
Argentina,ARG,1996,9542315
Argentina,ARG,1997,16106700
Argentina,ARG,1998,15086820
Argentina,ARG,1999,12600600
Argentina,ARG,2000,15478660
Argentina,ARG,2001,16146620
Argentina,ARG,2002,15427820
Argentina,ARG,2003,12399040
Argentina,ARG,2004,14710175
Argentina,ARG,2005,16139170
Argentina,ARG,2006,12721976
Argentina,ARG,2007,14662945
Argentina,ARG,2008,16486532
Argentina,ARG,2009,8508156
Argentina,ARG,2010,9016373
Argentina,ARG,2011,16067929
Argentina,ARG,2012,14683475
Argentina,ARG,2013,8134409
Argentina,ARG,2014,9188339
Argentina,ARG,2015,13930078
Argentina,ARG,2016,11314952
Argentina,ARG,2017,18395106
Argentina,ARG,2018,18518045
Armenia,ARM,1993,217900
Armenia,ARM,1994,152900
Armenia,ARM,1995,153800
Armenia,ARM,1996,201400
Armenia,ARM,1997,183700
Armenia,ARM,1998,244300
Armenia,ARM,1999,214380
Armenia,ARM,2000,177762
Armenia,ARM,2001,241679
Armenia,ARM,2002,284670
Armenia,ARM,2003,216698
Armenia,ARM,2004,291556
Armenia,ARM,2005,258361
Armenia,ARM,2006,146544
Armenia,ARM,2007,254233
Armenia,ARM,2008,225734
Armenia,ARM,2009,198080
Armenia,ARM,2010,183464
Armenia,ARM,2011,224082
Armenia,ARM,2012,243130
Armenia,ARM,2013,311558
Armenia,ARM,2014,338158
Armenia,ARM,2015,362746
Armenia,ARM,2016,350369
Armenia,ARM,2017,176428
Armenia,ARM,2018,187453
Australia,AUS,1993,16479000
Australia,AUS,1994,8961000
Australia,AUS,1995,16504000
Australia,AUS,1996,23702000
Australia,AUS,1997,19224000
Australia,AUS,1998,22108000
Australia,AUS,1999,24757000
Australia,AUS,2000,22108000
Australia,AUS,2001,22108078
Australia,AUS,2002,24299335
Australia,AUS,2003,10131924
Australia,AUS,2004,26131870
Australia,AUS,2005,21905113
Australia,AUS,2006,25150343
Australia,AUS,2007,10821628
Australia,AUS,2008,13569378
Australia,AUS,2009,21420177
Australia,AUS,2010,21834010
Australia,AUS,2011,27410076
Australia,AUS,2012,29905009
Australia,AUS,2013,22855576
Australia,AUS,2014,25303037
Australia,AUS,2015,23742560
Australia,AUS,2016,22274514
Australia,AUS,2017,31818744
Australia,AUS,2018,20941134
Austria,AUT,1993,1018013
Austria,AUT,1994,1255122
Austria,AUT,1995,1301445
Austria,AUT,1996,1239723
Austria,AUT,1997,1352281
Austria,AUT,1998,1341820
Austria,AUT,1999,1416200
Austria,AUT,2000,1312962
Austria,AUT,2001,1508283
Austria,AUT,2002,1434208
Austria,AUT,2003,1191380
Austria,AUT,2004,1718825
Austria,AUT,2005,1453072
Austria,AUT,2006,1396300
Austria,AUT,2007,1399341
Austria,AUT,2008,1689688
Austria,AUT,2009,1523368
Austria,AUT,2010,1517805
Austria,AUT,2011,1781837
Austria,AUT,2012,1275498
Austria,AUT,2013,1597706
Austria,AUT,2014,1804018
Austria,AUT,2015,1725737
Austria,AUT,2016,1970364
Austria,AUT,2017,1437143
Austria,AUT,2018,1370960
Azerbaijan,AZE,1993,840960
Azerbaijan,AZE,1994,739245
Azerbaijan,AZE,1995,625575
Azerbaijan,AZE,1996,758861
Azerbaijan,AZE,1997,896422
Azerbaijan,AZE,1998,798262
Azerbaijan,AZE,1999,846030
Azerbaijan,AZE,2000,1150281
Azerbaijan,AZE,2001,1493741
Azerbaijan,AZE,2002,1692818
Azerbaijan,AZE,2003,1509557
Azerbaijan,AZE,2004,1573006
Azerbaijan,AZE,2005,1527026
Azerbaijan,AZE,2006,1460303
Azerbaijan,AZE,2007,1305458
Azerbaijan,AZE,2008,1645792
Azerbaijan,AZE,2009,2096203
Azerbaijan,AZE,2010,1272340
Azerbaijan,AZE,2011,1594394
Azerbaijan,AZE,2012,1797028
Azerbaijan,AZE,2013,1841307
Azerbaijan,AZE,2014,1407405
Azerbaijan,AZE,2015,1639830
Azerbaijan,AZE,2016,1799859
Azerbaijan,AZE,2017,1769574
Azerbaijan,AZE,2018,1991683
Bangladesh,BGD,1993,1175630
Bangladesh,BGD,1994,1131000
Bangladesh,BGD,1995,1244990
Bangladesh,BGD,1996,1369130
Bangladesh,BGD,1997,1454100
Bangladesh,BGD,1998,1802815
Bangladesh,BGD,1999,1908000
Bangladesh,BGD,2000,1840000
Bangladesh,BGD,2001,1673000
Bangladesh,BGD,2002,1606000
Bangladesh,BGD,2003,1506710
Bangladesh,BGD,2004,1253380
Bangladesh,BGD,2005,975985
Bangladesh,BGD,2006,735000
Bangladesh,BGD,2007,737000
Bangladesh,BGD,2008,844000
Bangladesh,BGD,2009,849046
Bangladesh,BGD,2010,901490
Bangladesh,BGD,2011,972085
Bangladesh,BGD,2012,995356
Bangladesh,BGD,2013,1255000
Bangladesh,BGD,2014,1303000
Bangladesh,BGD,2015,1348000
Bangladesh,BGD,2016,1348186
Bangladesh,BGD,2017,1311473
Bangladesh,BGD,2018,1099373
Belarus,BLR,1993,354100
Belarus,BLR,1994,230300
Belarus,BLR,1995,438800
Belarus,BLR,1996,600300
Belarus,BLR,1997,743900
Belarus,BLR,1998,787700
Belarus,BLR,1999,711400
Belarus,BLR,2000,965800
Belarus,BLR,2001,867200
Belarus,BLR,2002,1017000
Belarus,BLR,2003,795594
Belarus,BLR,2004,1120912
Belarus,BLR,2005,1174763
Belarus,BLR,2006,1075238
Belarus,BLR,2007,1396553
Belarus,BLR,2008,2045237
Belarus,BLR,2009,1979000
Belarus,BLR,2010,1739110
Belarus,BLR,2011,2132369
Belarus,BLR,2012,2553570
Belarus,BLR,2013,2101183
Belarus,BLR,2014,2925079
Belarus,BLR,2015,2896411
Belarus,BLR,2016,2339829
Belarus,BLR,2017,2620230
Belarus,BLR,2018,1814765
Bhutan,BTN,1993,7000
Bhutan,BTN,1994,10000
Bhutan,BTN,1995,13000
Bhutan,BTN,1996,17000
Bhutan,BTN,1997,20000
Bhutan,BTN,1998,20000
Bhutan,BTN,1999,20000
Bhutan,BTN,2000,4350
Bhutan,BTN,2001,4500
Bhutan,BTN,2002,4582
Bhutan,BTN,2003,4763
Bhutan,BTN,2004,4191
Bhutan,BTN,2005,11306
Bhutan,BTN,2006,9100
Bhutan,BTN,2007,8879
Bhutan,BTN,2008,5828
Bhutan,BTN,2009,4481
Bhutan,BTN,2010,4873
Bhutan,BTN,2011,6266
Bhutan,BTN,2012,5038
Bhutan,BTN,2013,5310
Bhutan,BTN,2014,5172
Bhutan,BTN,2015,3730
Bhutan,BTN,2016,2521
Bhutan,BTN,2017,3818
Bhutan,BTN,2018,4141
Bolivia,BOL,1993,145129
Bolivia,BOL,1994,82323
Bolivia,BOL,1995,122805
Bolivia,BOL,1996,98820
Bolivia,BOL,1997,168547
Bolivia,BOL,1998,175426
Bolivia,BOL,1999,150012
Bolivia,BOL,2000,101510
Bolivia,BOL,2001,112659
Bolivia,BOL,2002,119102
Bolivia,BOL,2003,112930
Bolivia,BOL,2004,116037
Bolivia,BOL,2005,131198
Bolivia,BOL,2006,143677
Bolivia,BOL,2007,167095
Bolivia,BOL,2008,199990
Bolivia,BOL,2009,201508
Bolivia,BOL,2010,241397
Bolivia,BOL,2011,182927
Bolivia,BOL,2012,145151
Bolivia,BOL,2013,208735
Bolivia,BOL,2014,159670
Bolivia,BOL,2015,337599
Bolivia,BOL,2016,329437
Bolivia,BOL,2017,154293
Bolivia,BOL,2018,301689
Bosnia and Herzegovina,BIH,1993,330000
Bosnia and Herzegovina,BIH,1994,313000
Bosnia and Herzegovina,BIH,1995,238750
Bosnia and Herzegovina,BIH,1996,165700
Bosnia and Herzegovina,BIH,1997,287372
Bosnia and Herzegovina,BIH,1998,340931
Bosnia and Herzegovina,BIH,1999,257764
Bosnia and Herzegovina,BIH,2000,336085
Bosnia and Herzegovina,BIH,2001,255221
Bosnia and Herzegovina,BIH,2002,272280
Bosnia and Herzegovina,BIH,2003,160734
Bosnia and Herzegovina,BIH,2004,318986
Bosnia and Herzegovina,BIH,2005,248332
Bosnia and Herzegovina,BIH,2006,232496
Bosnia and Herzegovina,BIH,2007,257112
Bosnia and Herzegovina,BIH,2008,240533
Bosnia and Herzegovina,BIH,2009,255848
Bosnia and Herzegovina,BIH,2010,145412
Bosnia and Herzegovina,BIH,2011,210004
Bosnia and Herzegovina,BIH,2012,225137
Bosnia and Herzegovina,BIH,2013,265152
Bosnia and Herzegovina,BIH,2014,170550
Bosnia and Herzegovina,BIH,2015,213015
Bosnia and Herzegovina,BIH,2016,306605
Bosnia and Herzegovina,BIH,2017,292368
Bosnia and Herzegovina,BIH,2018,295810
Botswana,BWA,1993,876
Botswana,BWA,1994,1000
Botswana,BWA,1995,900
Botswana,BWA,1996,702
Botswana,BWA,1997,625
Botswana,BWA,1998,500
Botswana,BWA,1999,488
Botswana,BWA,2000,435
Botswana,BWA,2001,550
Botswana,BWA,2002,336
Botswana,BWA,2003,294
Botswana,BWA,2004,260
Botswana,BWA,2005,217
Botswana,BWA,2006,187
Botswana,BWA,2007,72
Botswana,BWA,2008,104
Botswana,BWA,2009,0
Botswana,BWA,2010,0
Botswana,BWA,2011,0
Botswana,BWA,2012,0
Botswana,BWA,2013,0
Brazil,BRA,1993,2197354
Brazil,BRA,1994,2096259
Brazil,BRA,1995,1533871
Brazil,BRA,1996,3292777
Brazil,BRA,1997,2489070
Brazil,BRA,1998,2269847
Brazil,BRA,1999,2461856
Brazil,BRA,2000,1725792
Brazil,BRA,2001,3366599
Brazil,BRA,2002,3105660
Brazil,BRA,2003,6153500
Brazil,BRA,2004,5818846
Brazil,BRA,2005,4658790
Brazil,BRA,2006,2484848
Brazil,BRA,2007,4114057
Brazil,BRA,2008,6027131
Brazil,BRA,2009,5055525
Brazil,BRA,2010,6171250
Brazil,BRA,2011,5690043
Brazil,BRA,2012,4418388
Brazil,BRA,2013,5738473
Brazil,BRA,2014,6261895
Brazil,BRA,2015,5508451
Brazil,BRA,2016,6834421
Brazil,BRA,2017,4342812
Brazil,BRA,2018,5418711
Bulgaria,BGR,1993,3618220
Bulgaria,BGR,1994,3754310
Bulgaria,BGR,1995,3435250
Bulgaria,BGR,1996,1802110
Bulgaria,BGR,1997,3574840
Bulgaria,BGR,1998,3203359
Bulgaria,BGR,1999,2642973
Bulgaria,BGR,2000,2781242
Bulgaria,BGR,2001,4077497
Bulgaria,BGR,2002,4122765
Bulgaria,BGR,2003,2003937
Bulgaria,BGR,2004,3961178
Bulgaria,BGR,2005,3478066
Bulgaria,BGR,2006,3301882
Bulgaria,BGR,2007,2390610
Bulgaria,BGR,2008,4632210
Bulgaria,BGR,2009,3976852
Bulgaria,BGR,2010,4094597
Bulgaria,BGR,2011,4458492
Bulgaria,BGR,2012,4455104
Bulgaria,BGR,2013,5504941
Bulgaria,BGR,2014,5347078
Bulgaria,BGR,2015,5011597
Bulgaria,BGR,2016,5662721
Bulgaria,BGR,2017,6132671
Bulgaria,BGR,2018,5832449
Burundi,BDI,1993,8700
Burundi,BDI,1994,7942
Burundi,BDI,1995,8928
Burundi,BDI,1996,9054
Burundi,BDI,1997,9739
Burundi,BDI,1998,9778
Burundi,BDI,1999,7085
Burundi,BDI,2000,6097
Burundi,BDI,2001,8667
Burundi,BDI,2002,8290
Burundi,BDI,2003,8092
Burundi,BDI,2004,7493
Burundi,BDI,2005,7756
Burundi,BDI,2006,8007
Burundi,BDI,2007,7987
Burundi,BDI,2008,8094
Burundi,BDI,2009,8583
Burundi,BDI,2010,9034
Burundi,BDI,2011,9787
Burundi,BDI,2012,4196
Burundi,BDI,2013,6423
Burundi,BDI,2014,5628
Burundi,BDI,2015,6421
Burundi,BDI,2016,7980
Burundi,BDI,2017,8060
Burundi,BDI,2018,22751
Cameroon,CMR,1993,587
Cameroon,CMR,1994,598
Cameroon,CMR,1995,558
Cameroon,CMR,1996,400
Cameroon,CMR,1997,562
Cameroon,CMR,1998,579
Cameroon,CMR,1999,596
Cameroon,CMR,2000,613
Cameroon,CMR,2001,631
Cameroon,CMR,2002,649
Cameroon,CMR,2003,668
Cameroon,CMR,2004,688
Cameroon,CMR,2005,709
Cameroon,CMR,2006,730
Cameroon,CMR,2007,753
Cameroon,CMR,2008,776
Cameroon,CMR,2009,802
Cameroon,CMR,2010,900
Cameroon,CMR,2011,950
Cameroon,CMR,2012,800
Cameroon,CMR,2013,850
Cameroon,CMR,2014,885
Cameroon,CMR,2015,897
Cameroon,CMR,2016,908
Cameroon,CMR,2017,923
Cameroon,CMR,2018,938
Canada,CAN,1993,27255900
Canada,CAN,1994,22919500
Canada,CAN,1995,24989400
Canada,CAN,1996,29801400
Canada,CAN,1997,24299400
Canada,CAN,1998,24082300
Canada,CAN,1999,26959900
Canada,CAN,2000,26535500
Canada,CAN,2001,20630200
Canada,CAN,2002,15961300
Canada,CAN,2003,23048600
Canada,CAN,2004,24795500
Canada,CAN,2005,25748100
Canada,CAN,2006,25265400
Canada,CAN,2007,20090400
Canada,CAN,2008,28619200
Canada,CAN,2009,26949900
Canada,CAN,2010,23299600
Canada,CAN,2011,25288000
Canada,CAN,2012,27246000
Canada,CAN,2013,37589100
Canada,CAN,2014,29442100
Canada,CAN,2015,27647400
Canada,CAN,2016,32139900
Canada,CAN,2017,29984200
Canada,CAN,2018,31769200
Chad,TCD,1993,2006
Chad,TCD,1994,2932
Chad,TCD,1995,2642
Chad,TCD,1996,2650
Chad,TCD,1997,3600
Chad,TCD,1998,4749
Chad,TCD,1999,3585
Chad,TCD,2000,2688
Chad,TCD,2001,2800
Chad,TCD,2002,4000
Chad,TCD,2003,2890
Chad,TCD,2004,0
Chad,TCD,2005,3603
Chad,TCD,2006,1865
Chad,TCD,2007,8393
Chad,TCD,2008,8100
Chad,TCD,2009,5000
Chad,TCD,2010,1698
Chad,TCD,2011,1723
Chad,TCD,2012,8750
Chad,TCD,2013,1757
Chad,TCD,2014,809
Chad,TCD,2015,965
Chad,TCD,2016,1742
Chad,TCD,2017,1870
Chad,TCD,2018,1798
Chile,CHL,1993,1323600
Chile,CHL,1994,1271200
Chile,CHL,1995,1383861
Chile,CHL,1996,1227148
Chile,CHL,1997,1676887
Chile,CHL,1998,1682040
Chile,CHL,1999,1196626
Chile,CHL,2000,1492710
Chile,CHL,2001,1780160
Chile,CHL,2002,1820387
Chile,CHL,2003,1797080
Chile,CHL,2004,1921652
Chile,CHL,2005,1851940
Chile,CHL,2006,1403689
Chile,CHL,2007,1095872
Chile,CHL,2008,1237691
Chile,CHL,2009,1145290
Chile,CHL,2010,1523921
Chile,CHL,2011,1575822
Chile,CHL,2012,1213101
Chile,CHL,2013,1474663
Chile,CHL,2014,1358128
Chile,CHL,2015,1482310
Chile,CHL,2016,1731935
Chile,CHL,2017,1349492
Chile,CHL,2018,1469003
China,CHN,1993,106394921
China,CHN,1994,99301440
China,CHN,1995,102211429
China,CHN,1996,110569193
China,CHN,1997,123290085
China,CHN,1998,109726066
China,CHN,1999,113880088
China,CHN,2000,99636127
China,CHN,2001,93873234
China,CHN,2002,90290262
China,CHN,2003,86488264
China,CHN,2004,91952238
China,CHN,2005,97445196
China,CHN,2006,108466271
China,CHN,2007,109298296
China,CHN,2008,112464292
China,CHN,2009,115115364
China,CHN,2010,115186178
China,CHN,2011,117414034
China,CHN,2012,121030059
China,CHN,2013,121930527
China,CHN,2014,126215211
China,CHN,2015,132646335
China,CHN,2016,133277091
China,CHN,2017,134340746
China,CHN,2018,131447224
Colombia,COL,1993,96303
Colombia,COL,1994,105183
Colombia,COL,1995,74126
Colombia,COL,1996,64623
Colombia,COL,1997,50181
Colombia,COL,1998,39064
Colombia,COL,1999,40008
Colombia,COL,2000,37085
Colombia,COL,2001,31793
Colombia,COL,2002,40795
Colombia,COL,2003,46571
Colombia,COL,2004,43471
Colombia,COL,2005,43963
Colombia,COL,2006,26399
Colombia,COL,2007,36778
Colombia,COL,2008,39191
Colombia,COL,2009,24349
Colombia,COL,2010,15147
Colombia,COL,2011,12754
Colombia,COL,2012,8990
Colombia,COL,2013,8346
Colombia,COL,2014,6488
Colombia,COL,2015,9891
Colombia,COL,2016,13550
Colombia,COL,2017,9976
Colombia,COL,2018,11139
Croatia,HRV,1993,886921
Croatia,HRV,1994,750330
Croatia,HRV,1995,876507
Croatia,HRV,1996,741235
Croatia,HRV,1997,833508
Croatia,HRV,1998,1020450
Croatia,HRV,1999,558217
Croatia,HRV,2000,865260
Croatia,HRV,2001,811674
Croatia,HRV,2002,822650
Croatia,HRV,2003,506212
Croatia,HRV,2004,801424
Croatia,HRV,2005,601748
Croatia,HRV,2006,804601
Croatia,HRV,2007,812347
Croatia,HRV,2008,858333
Croatia,HRV,2009,936076
Croatia,HRV,2010,681017
Croatia,HRV,2011,782499
Croatia,HRV,2012,999681
Croatia,HRV,2013,998940
Croatia,HRV,2014,648917
Croatia,HRV,2015,758638
Croatia,HRV,2016,969050
Croatia,HRV,2017,687595
Croatia,HRV,2018,744405
Czech Republic,CZE,1993,3304271
Czech Republic,CZE,1994,3713476
Czech Republic,CZE,1995,3822769
Czech Republic,CZE,1996,3727203
Czech Republic,CZE,1997,3640269
Czech Republic,CZE,1998,3844741
Czech Republic,CZE,1999,4028271
Czech Republic,CZE,2000,4084107
Czech Republic,CZE,2001,4476080
Czech Republic,CZE,2002,3866473
Czech Republic,CZE,2003,2637891
Czech Republic,CZE,2004,5042523
Czech Republic,CZE,2005,4145039
Czech Republic,CZE,2006,3506252
Czech Republic,CZE,2007,3938924
Czech Republic,CZE,2008,4631502
Czech Republic,CZE,2009,4358073
Czech Republic,CZE,2010,4161553
Czech Republic,CZE,2011,4913048
Czech Republic,CZE,2012,3518896
Czech Republic,CZE,2013,4700696
Czech Republic,CZE,2014,5442349
Czech Republic,CZE,2015,5274272
Czech Republic,CZE,2016,5454663
Czech Republic,CZE,2017,4718205
Czech Republic,CZE,2018,4417841
Democratic Republic of Congo,COD,1993,9730
Democratic Republic of Congo,COD,1994,10250
Democratic Republic of Congo,COD,1995,10818
Democratic Republic of Congo,COD,1996,10255
Democratic Republic of Congo,COD,1997,10342
Democratic Republic of Congo,COD,1998,10443
Democratic Republic of Congo,COD,1999,9900
Democratic Republic of Congo,COD,2000,9385
Democratic Republic of Congo,COD,2001,8897
Democratic Republic of Congo,COD,2002,8440
Democratic Republic of Congo,COD,2003,8490
Democratic Republic of Congo,COD,2004,8540
Democratic Republic of Congo,COD,2005,8590
Democratic Republic of Congo,COD,2006,8640
Democratic Republic of Congo,COD,2007,8690
Democratic Republic of Congo,COD,2008,8740
Democratic Republic of Congo,COD,2009,8790
Democratic Republic of Congo,COD,2010,8841
Democratic Republic of Congo,COD,2011,8841
Democratic Republic of Congo,COD,2012,8790
Democratic Republic of Congo,COD,2013,8037
Democratic Republic of Congo,COD,2014,7608
Democratic Republic of Congo,COD,2015,7342
Democratic Republic of Congo,COD,2016,6755
Democratic Republic of Congo,COD,2017,6439
Democratic Republic of Congo,COD,2018,6309
Ecuador,ECU,1993,25528
Ecuador,ECU,1994,19836
Ecuador,ECU,1995,19763
Ecuador,ECU,1996,20431
Ecuador,ECU,1997,19302
Ecuador,ECU,1998,19787
Ecuador,ECU,1999,19011
Ecuador,ECU,2000,12958
Ecuador,ECU,2001,13631
Ecuador,ECU,2002,8845
Ecuador,ECU,2003,11052
Ecuador,ECU,2004,10214
Ecuador,ECU,2005,8429
Ecuador,ECU,2006,7577
Ecuador,ECU,2007,9243
Ecuador,ECU,2008,8144
Ecuador,ECU,2009,11314
Ecuador,ECU,2010,7605
Ecuador,ECU,2011,5938
Ecuador,ECU,2012,7450
Ecuador,ECU,2013,5755
Ecuador,ECU,2014,6814
Ecuador,ECU,2015,2053
Ecuador,ECU,2016,6746
Ecuador,ECU,2017,5803
Ecuador,ECU,2018,5398
Egypt,EGY,1993,4832598
Egypt,EGY,1994,4437055
Egypt,EGY,1995,5722441
Egypt,EGY,1996,5735367
Egypt,EGY,1997,5849134
Egypt,EGY,1998,6093151
Egypt,EGY,1999,6346642
Egypt,EGY,2000,6564053
Egypt,EGY,2001,6254583
Egypt,EGY,2002,6624868
Egypt,EGY,2003,6844692
Egypt,EGY,2004,7177855
Egypt,EGY,2005,8140960
Egypt,EGY,2006,8274230
Egypt,EGY,2007,7379000
Egypt,EGY,2008,7977051
Egypt,EGY,2009,8522995
Egypt,EGY,2010,7177399
Egypt,EGY,2011,8407126
Egypt,EGY,2012,8795483
Egypt,EGY,2013,9460200
Egypt,EGY,2014,8800000
Egypt,EGY,2015,9607736
Egypt,EGY,2016,9342538
Egypt,EGY,2017,8421071
Egypt,EGY,2018,8800000
Eritrea,ERI,1993,5400
Eritrea,ERI,1994,13520
Eritrea,ERI,1995,9605
Eritrea,ERI,1996,7857
Eritrea,ERI,1997,9635
Eritrea,ERI,1998,31937
Eritrea,ERI,1999,27518
Eritrea,ERI,2000,13776
Eritrea,ERI,2001,36490
Eritrea,ERI,2002,4365
Eritrea,ERI,2003,4755
Eritrea,ERI,2004,9052
Eritrea,ERI,2005,21559
Eritrea,ERI,2006,21570
Eritrea,ERI,2007,27274
Eritrea,ERI,2008,5391
Eritrea,ERI,2009,26142
Eritrea,ERI,2010,33000
Eritrea,ERI,2011,29000
Eritrea,ERI,2012,33000
Eritrea,ERI,2013,30000
Eritrea,ERI,2014,30000
Eritrea,ERI,2015,25000
Eritrea,ERI,2016,25000
Eritrea,ERI,2017,25000
Eritrea,ERI,2018,28939
Ethiopia,ETH,1993,895520
Ethiopia,ETH,1994,802747
Ethiopia,ETH,1995,1083680
Ethiopia,ETH,1996,1162310
Ethiopia,ETH,1997,1092820
Ethiopia,ETH,1998,1142710
Ethiopia,ETH,1999,1149670
Ethiopia,ETH,2000,1235270
Ethiopia,ETH,2001,1596020
Ethiopia,ETH,2002,1444434
Ethiopia,ETH,2003,1618093
Ethiopia,ETH,2004,1614441
Ethiopia,ETH,2005,2176603
Ethiopia,ETH,2006,2219075
Ethiopia,ETH,2007,2463064
Ethiopia,ETH,2008,2314489
Ethiopia,ETH,2009,3075644
Ethiopia,ETH,2010,2855682
Ethiopia,ETH,2011,2916334
Ethiopia,ETH,2012,3434706
Ethiopia,ETH,2013,3925174
Ethiopia,ETH,2014,4231589
Ethiopia,ETH,2015,4650934
Ethiopia,ETH,2016,4537852
Ethiopia,ETH,2017,4796031
Ethiopia,ETH,2018,4238836
France,FRA,1993,29200263
France,FRA,1994,30493197
France,FRA,1995,30869729
France,FRA,1996,35935157
France,FRA,1997,33862198
France,FRA,1998,39801138
France,FRA,1999,36950991
France,FRA,2000,37355957
France,FRA,2001,31545319
France,FRA,2002,38936515
France,FRA,2003,30479362
France,FRA,2004,39690180
France,FRA,2005,36886103
France,FRA,2006,35363563
France,FRA,2007,32763446
France,FRA,2008,39006372
France,FRA,2009,38336865
France,FRA,2010,38207431
France,FRA,2011,35992794
France,FRA,2012,37885742
France,FRA,2013,38651472
France,FRA,2014,38950202
France,FRA,2015,42750027
France,FRA,2016,29316331
France,FRA,2017,38677896
France,FRA,2018,35798234
Georgia,GEO,1993,114000
Georgia,GEO,1994,89400
Georgia,GEO,1995,76500
Georgia,GEO,1996,107400
Georgia,GEO,1997,291700
Georgia,GEO,1998,144629
Georgia,GEO,1999,226073
Georgia,GEO,2000,89406
Georgia,GEO,2001,306479
Georgia,GEO,2002,199675
Georgia,GEO,2003,225414
Georgia,GEO,2004,185834
Georgia,GEO,2005,190137
Georgia,GEO,2006,69700
Georgia,GEO,2007,74900
Georgia,GEO,2008,80300
Georgia,GEO,2009,53900
Georgia,GEO,2010,48400
Georgia,GEO,2011,96800
Georgia,GEO,2012,80700
Georgia,GEO,2013,81000
Georgia,GEO,2014,47500
Georgia,GEO,2015,125600
Georgia,GEO,2016,126600
Georgia,GEO,2017,97900
Georgia,GEO,2018,107100
Germany,DEU,1993,15766533
Germany,DEU,1994,16480510
Germany,DEU,1995,17763312
Germany,DEU,1996,18921683
Germany,DEU,1997,19826755
Germany,DEU,1998,20187491
Germany,DEU,1999,19615366
Germany,DEU,2000,21621548
Germany,DEU,2001,22837837
Germany,DEU,2002,20817740
Germany,DEU,2003,19259811
Germany,DEU,2004,25427210
Germany,DEU,2005,23692700
Germany,DEU,2006,22427900
Germany,DEU,2007,20828077
Germany,DEU,2008,25988564
Germany,DEU,2009,25192350
Germany,DEU,2010,23782955
Germany,DEU,2011,22782700
Germany,DEU,2012,22409300
Germany,DEU,2013,25019100
Germany,DEU,2014,27784700
Germany,DEU,2015,26549500
Germany,DEU,2016,24463800
Germany,DEU,2017,24481600
Germany,DEU,2018,20263500
Greece,GRC,1993,2078846
Greece,GRC,1994,2470190
Greece,GRC,1995,2314836
Greece,GRC,1996,2086213
Greece,GRC,1997,2081482
Greece,GRC,1998,2062775
Greece,GRC,1999,1976552
Greece,GRC,2000,2287322
Greece,GRC,2001,2196643
Greece,GRC,2002,2038582
Greece,GRC,2003,1701947
Greece,GRC,2004,2092097
Greece,GRC,2005,2018524
Greece,GRC,2006,1778170
Greece,GRC,2007,1629072
Greece,GRC,2008,2074608
Greece,GRC,2009,2139472
Greece,GRC,2010,1920670
Greece,GRC,2011,1857429
Greece,GRC,2012,1835901
Greece,GRC,2013,1831869
Greece,GRC,2014,1570416
Greece,GRC,2015,1458705
Greece,GRC,2016,1560777
Greece,GRC,2017,1356772
Greece,GRC,2018,1072940
Guatemala,GTM,1993,24267
Guatemala,GTM,1994,26004
Guatemala,GTM,1995,26003
Guatemala,GTM,1996,23690
Guatemala,GTM,1997,23000
Guatemala,GTM,1998,14633
Guatemala,GTM,1999,8246
Guatemala,GTM,2000,9525
Guatemala,GTM,2001,6214
Guatemala,GTM,2002,2676
Guatemala,GTM,2003,2830
Guatemala,GTM,2004,4232
Guatemala,GTM,2005,2976
Guatemala,GTM,2006,1588
Guatemala,GTM,2007,1864
Guatemala,GTM,2008,1846
Guatemala,GTM,2009,1547
Guatemala,GTM,2010,1438
Guatemala,GTM,2011,1433
Guatemala,GTM,2012,1515
Guatemala,GTM,2013,1556
Guatemala,GTM,2014,1674
Guatemala,GTM,2015,594
Guatemala,GTM,2016,744
Guatemala,GTM,2017,638
Guatemala,GTM,2018,1282
Honduras,HND,1993,842
Honduras,HND,1994,850
Honduras,HND,1995,900
Honduras,HND,1996,929
Honduras,HND,1997,1000
Honduras,HND,1998,1000
Honduras,HND,1999,950
Honduras,HND,2000,1051
Honduras,HND,2001,1060
Honduras,HND,2002,1061
Honduras,HND,2003,1000
Honduras,HND,2004,1056
Honduras,HND,2005,1070
Honduras,HND,2006,1085
Honduras,HND,2007,1099
Honduras,HND,2008,1113
Honduras,HND,2009,1127
Honduras,HND,2010,1140
Honduras,HND,2011,1170
Honduras,HND,2012,1174
Honduras,HND,2013,1186
Honduras,HND,2014,1194
Honduras,HND,2015,1216
Honduras,HND,2016,1224
Honduras,HND,2017,1236
Honduras,HND,2018,1248
Hungary,HUN,1993,3020655
Hungary,HUN,1994,4873751
Hungary,HUN,1995,4614200
Hungary,HUN,1996,3911820
Hungary,HUN,1997,5258817
Hungary,HUN,1998,4898634
Hungary,HUN,1999,2638970
Hungary,HUN,2000,3692470
Hungary,HUN,2001,5196760
Hungary,HUN,2002,3910244
Hungary,HUN,2003,2941248
Hungary,HUN,2004,6006820
Hungary,HUN,2005,5088219
Hungary,HUN,2006,4376235
Hungary,HUN,2007,3986708
Hungary,HUN,2008,5630833
Hungary,HUN,2009,4419163
Hungary,HUN,2010,3745190
Hungary,HUN,2011,4107000
Hungary,HUN,2012,4010990
Hungary,HUN,2013,5058300
Hungary,HUN,2014,5261890
Hungary,HUN,2015,5331426
Hungary,HUN,2016,5603184
Hungary,HUN,2017,5246258
Hungary,HUN,2018,5245890
India,IND,1993,57210100
India,IND,1994,59840000
India,IND,1995,65767400
India,IND,1996,62097400
India,IND,1997,69350200
India,IND,1998,66345000
India,IND,1999,71287504
India,IND,2000,76368896
India,IND,2001,69680896
India,IND,2002,72766304
India,IND,2003,65760800
India,IND,2004,72156200
India,IND,2005,68636896
India,IND,2006,69354496
India,IND,2007,75806704
India,IND,2008,78570200
India,IND,2009,80679400
India,IND,2010,80803600
India,IND,2011,86874000
India,IND,2012,94880000
India,IND,2013,93510000
India,IND,2014,95850000
India,IND,2015,86530000
India,IND,2016,92290000
India,IND,2017,98510000
India,IND,2018,99700000
Iran,IRN,1993,10732342
Iran,IRN,1994,10869560
Iran,IRN,1995,11227546
Iran,IRN,1996,10015183
Iran,IRN,1997,10044716
Iran,IRN,1998,11955080
Iran,IRN,1999,8673197
Iran,IRN,2000,8087756
Iran,IRN,2001,9458618
Iran,IRN,2002,12450242
Iran,IRN,2003,13439565
Iran,IRN,2004,14568481
Iran,IRN,2005,14307970
Iran,IRN,2006,14663745
Iran,IRN,2007,15886609
Iran,IRN,2008,6999977
Iran,IRN,2009,12093028
Iran,IRN,2010,12142988
Iran,IRN,2011,8677966
Iran,IRN,2012,8816001
Iran,IRN,2013,9304246
Iran,IRN,2014,10578699
Iran,IRN,2015,11522318
Iran,IRN,2016,14592003
Iran,IRN,2017,14000000
Iran,IRN,2018,14500000
Iraq,IRQ,1993,1187000
Iraq,IRQ,1994,1342000
Iraq,IRQ,1995,1236000
Iraq,IRQ,1996,1300000
Iraq,IRQ,1997,1063000
Iraq,IRQ,1998,1130000
Iraq,IRQ,1999,800000
Iraq,IRQ,2000,384000
Iraq,IRQ,2001,903400
Iraq,IRQ,2002,2589000
Iraq,IRQ,2003,2329000
Iraq,IRQ,2004,1832000
Iraq,IRQ,2005,2228000
Iraq,IRQ,2006,2086000
Iraq,IRQ,2007,2202800
Iraq,IRQ,2008,1255000
Iraq,IRQ,2009,1700390
Iraq,IRQ,2010,2748840
Iraq,IRQ,2011,2808900
Iraq,IRQ,2012,3062312
Iraq,IRQ,2013,4178379
Iraq,IRQ,2014,5055111
Iraq,IRQ,2015,2645061
Iraq,IRQ,2016,3052939
Iraq,IRQ,2017,2974136
Iraq,IRQ,2018,3211382
Israel,ISR,1993,217000
Israel,ISR,1994,103230
Israel,ISR,1995,242000
Israel,ISR,1996,185000
Israel,ISR,1997,116000
Israel,ISR,1998,155000
Israel,ISR,1999,29000
Israel,ISR,2000,94000
Israel,ISR,2001,157970
Israel,ISR,2002,177275
Israel,ISR,2003,184300
Israel,ISR,2004,154300
Israel,ISR,2005,200800
Israel,ISR,2006,131200
Israel,ISR,2007,158921
Israel,ISR,2008,75734
Israel,ISR,2009,132963
Israel,ISR,2010,112324
Israel,ISR,2011,141866
Israel,ISR,2012,222487
Israel,ISR,2013,178200
Israel,ISR,2014,139800
Israel,ISR,2015,173000
Israel,ISR,2016,168000
Israel,ISR,2017,72200
Israel,ISR,2018,70500
Italy,ITA,1993,8169800
Italy,ITA,1994,8251400
Italy,ITA,1995,7946080
Italy,ITA,1996,7987241
Italy,ITA,1997,6758351
Italy,ITA,1998,8338301
Italy,ITA,1999,7742800
Italy,ITA,2000,7463968
Italy,ITA,2001,6413300
Italy,ITA,2002,7547763
Italy,ITA,2003,6229453
Italy,ITA,2004,8638721
Italy,ITA,2005,7717129
Italy,ITA,2006,7181720
Italy,ITA,2007,7170181
Italy,ITA,2008,8855440
Italy,ITA,2009,6534746
Italy,ITA,2010,6849858
Italy,ITA,2011,6641807
Italy,ITA,2012,7654248
Italy,ITA,2013,7312025
Italy,ITA,2014,7141926
Italy,ITA,2015,7394495
Italy,ITA,2016,8037872
Italy,ITA,2017,6966465
Italy,ITA,2018,6932943
Japan,JPN,1993,637800
Japan,JPN,1994,564800
Japan,JPN,1995,443600
Japan,JPN,1996,478100
Japan,JPN,1997,573100
Japan,JPN,1998,569500
Japan,JPN,1999,583100
Japan,JPN,2000,688200
Japan,JPN,2001,699900
Japan,JPN,2002,827800
Japan,JPN,2003,855900
Japan,JPN,2004,860300
Japan,JPN,2005,874700
Japan,JPN,2006,837200
Japan,JPN,2007,910100
Japan,JPN,2008,881200
Japan,JPN,2009,674200
Japan,JPN,2010,571300
Japan,JPN,2011,746300
Japan,JPN,2012,857800
Japan,JPN,2013,811700
Japan,JPN,2014,852400
Japan,JPN,2015,1004000
Japan,JPN,2016,790800
Japan,JPN,2017,906700
Japan,JPN,2018,764900
Jordan,JOR,1993,57094
Jordan,JOR,1994,46852
Jordan,JOR,1995,58457
Jordan,JOR,1996,42678
Jordan,JOR,1997,41782
Jordan,JOR,1998,35974
Jordan,JOR,1999,9250
Jordan,JOR,2000,25433
Jordan,JOR,2001,19293
Jordan,JOR,2002,43771
Jordan,JOR,2003,42526
Jordan,JOR,2004,13166
Jordan,JOR,2005,34363
Jordan,JOR,2006,22928
Jordan,JOR,2007,20997
Jordan,JOR,2008,7835
Jordan,JOR,2009,12484
Jordan,JOR,2010,22125
Jordan,JOR,2011,19801
Jordan,JOR,2012,19205
Jordan,JOR,2013,28517
Jordan,JOR,2014,27452
Jordan,JOR,2015,21925
Jordan,JOR,2016,31150
Jordan,JOR,2017,25270
Jordan,JOR,2018,20668
Kazakhstan,KAZ,1993,11585000
Kazakhstan,KAZ,1994,9052200
Kazakhstan,KAZ,1995,6490400
Kazakhstan,KAZ,1996,7678100
Kazakhstan,KAZ,1997,8955000
Kazakhstan,KAZ,1998,4746300
Kazakhstan,KAZ,1999,11241800
Kazakhstan,KAZ,2000,9073460
Kazakhstan,KAZ,2001,12706810
Kazakhstan,KAZ,2002,12699980
Kazakhstan,KAZ,2003,11537420
Kazakhstan,KAZ,2004,9936970
Kazakhstan,KAZ,2005,11198330
Kazakhstan,KAZ,2006,13460480
Kazakhstan,KAZ,2007,16466870
Kazakhstan,KAZ,2008,12538190
Kazakhstan,KAZ,2009,17052020
Kazakhstan,KAZ,2010,9638400
Kazakhstan,KAZ,2011,22732067
Kazakhstan,KAZ,2012,9841128
Kazakhstan,KAZ,2013,13940809
Kazakhstan,KAZ,2014,12996865
Kazakhstan,KAZ,2015,13746967
Kazakhstan,KAZ,2016,14985379
Kazakhstan,KAZ,2017,14802865
Kazakhstan,KAZ,2018,13944108
Kenya,KEN,1993,212776
Kenya,KEN,1994,297000
Kenya,KEN,1995,312644
Kenya,KEN,1996,315000
Kenya,KEN,1997,252000
Kenya,KEN,1998,270810
Kenya,KEN,1999,211788
Kenya,KEN,2000,204232
Kenya,KEN,2001,256997
Kenya,KEN,2002,307215
Kenya,KEN,2003,378665
Kenya,KEN,2004,379425
Kenya,KEN,2005,368879
Kenya,KEN,2006,329193
Kenya,KEN,2007,322320
Kenya,KEN,2008,336688
Kenya,KEN,2009,219301
Kenya,KEN,2010,511994
Kenya,KEN,2011,268482
Kenya,KEN,2012,441944
Kenya,KEN,2013,449641
Kenya,KEN,2014,228900
Kenya,KEN,2015,238600
Kenya,KEN,2016,214700
Kenya,KEN,2017,165200
Kenya,KEN,2018,336600
Kuwait,KWT,1993,72
Kuwait,KWT,1994,43
Kuwait,KWT,1995,37
Kuwait,KWT,1996,7
Kuwait,KWT,1997,296
Kuwait,KWT,1998,431
Kuwait,KWT,1999,445
Kuwait,KWT,2000,365
Kuwait,KWT,2001,306
Kuwait,KWT,2002,727
Kuwait,KWT,2003,509
Kuwait,KWT,2004,665
Kuwait,KWT,2005,509
Kuwait,KWT,2006,510
Kuwait,KWT,2007,478
Kuwait,KWT,2008,398
Kuwait,KWT,2009,84
Kuwait,KWT,2010,162
Kuwait,KWT,2011,62
Kuwait,KWT,2012,116
Kuwait,KWT,2013,37
Kuwait,KWT,2014,56
Kuwait,KWT,2015,45
Kuwait,KWT,2016,12
Kuwait,KWT,2017,22
Kuwait,KWT,2018,9
Kyrgyzstan,KGZ,1993,830700
Kyrgyzstan,KGZ,1994,608400
Kyrgyzstan,KGZ,1995,625000
Kyrgyzstan,KGZ,1996,964100
Kyrgyzstan,KGZ,1997,1273660
Kyrgyzstan,KGZ,1998,1203676
Kyrgyzstan,KGZ,1999,1109107
Kyrgyzstan,KGZ,2000,1039109
Kyrgyzstan,KGZ,2001,1190600
Kyrgyzstan,KGZ,2002,1162567
Kyrgyzstan,KGZ,2003,1013718
Kyrgyzstan,KGZ,2004,998248
Kyrgyzstan,KGZ,2005,950076
Kyrgyzstan,KGZ,2006,840299
Kyrgyzstan,KGZ,2007,708877
Kyrgyzstan,KGZ,2008,746200
Kyrgyzstan,KGZ,2009,1056656
Kyrgyzstan,KGZ,2010,813300
Kyrgyzstan,KGZ,2011,799841
Kyrgyzstan,KGZ,2012,540531
Kyrgyzstan,KGZ,2013,819383
Kyrgyzstan,KGZ,2014,572734
Kyrgyzstan,KGZ,2015,704601
Kyrgyzstan,KGZ,2016,661514
Kyrgyzstan,KGZ,2017,600997
Kyrgyzstan,KGZ,2018,615926
Lebanon,LBN,1993,55000
Lebanon,LBN,1994,52675
Lebanon,LBN,1995,60005
Lebanon,LBN,1996,58342
Lebanon,LBN,1997,58394
Lebanon,LBN,1998,80600
Lebanon,LBN,1999,73000
Lebanon,LBN,2000,108100
Lebanon,LBN,2001,139500
Lebanon,LBN,2002,119000
Lebanon,LBN,2003,116300
Lebanon,LBN,2004,136800
Lebanon,LBN,2005,143700
Lebanon,LBN,2006,153400
Lebanon,LBN,2007,116200
Lebanon,LBN,2008,143700
Lebanon,LBN,2009,111400
Lebanon,LBN,2010,83000
Lebanon,LBN,2011,125000
Lebanon,LBN,2012,150000
Lebanon,LBN,2013,140000
Lebanon,LBN,2014,140000
Lebanon,LBN,2015,135823
Lebanon,LBN,2016,129037
Lebanon,LBN,2017,130000
Lebanon,LBN,2018,135411
Lesotho,LSO,1993,8127
Lesotho,LSO,1994,11955
Lesotho,LSO,1995,10603
Lesotho,LSO,1996,31300
Lesotho,LSO,1997,33722
Lesotho,LSO,1998,29641
Lesotho,LSO,1999,15426
Lesotho,LSO,2000,15545
Lesotho,LSO,2001,50755
Lesotho,LSO,2002,26250
Lesotho,LSO,2003,21805
Lesotho,LSO,2004,16216
Lesotho,LSO,2005,13797
Lesotho,LSO,2006,6085
Lesotho,LSO,2007,3956
Lesotho,LSO,2008,3720
Lesotho,LSO,2009,7420
Lesotho,LSO,2010,20119
Lesotho,LSO,2011,20065
Lesotho,LSO,2012,10516
Lesotho,LSO,2013,13472
Lesotho,LSO,2014,12592
Lesotho,LSO,2015,7069
Lesotho,LSO,2016,4690
Lesotho,LSO,2017,8851
Lesotho,LSO,2018,9058
Libya,LBY,1993,126000
Libya,LBY,1994,120000
Libya,LBY,1995,117000
Libya,LBY,1996,124000
Libya,LBY,1997,156400
Libya,LBY,1998,140000
Libya,LBY,1999,130000
Libya,LBY,2000,125000
Libya,LBY,2001,125000
Libya,LBY,2002,125000
Libya,LBY,2003,125000
Libya,LBY,2004,125000
Libya,LBY,2005,125000
Libya,LBY,2006,104000
Libya,LBY,2007,104000
Libya,LBY,2008,104000
Libya,LBY,2009,105000
Libya,LBY,2010,132239
Libya,LBY,2011,166000
Libya,LBY,2012,200000
Libya,LBY,2013,200000
Libya,LBY,2014,200000
Libya,LBY,2015,198513
Libya,LBY,2016,163706
Libya,LBY,2017,149036
Libya,LBY,2018,138770
Lithuania,LTU,1993,890600
Lithuania,LTU,1994,549400
Lithuania,LTU,1995,637300
Lithuania,LTU,1996,936200
Lithuania,LTU,1997,1127400
Lithuania,LTU,1998,1031000
Lithuania,LTU,1999,870900
Lithuania,LTU,2000,1237600
Lithuania,LTU,2001,1076300
Lithuania,LTU,2002,1217600
Lithuania,LTU,2003,1204100
Lithuania,LTU,2004,1430200
Lithuania,LTU,2005,1379400
Lithuania,LTU,2006,809800
Lithuania,LTU,2007,1390700
Lithuania,LTU,2008,1722500
Lithuania,LTU,2009,2100200
Lithuania,LTU,2010,1710400
Lithuania,LTU,2011,1869300
Lithuania,LTU,2012,2998900
Lithuania,LTU,2013,2871300
Lithuania,LTU,2014,3230600
Lithuania,LTU,2015,4380330
Lithuania,LTU,2016,3844491
Lithuania,LTU,2017,3917372
Lithuania,LTU,2018,2838899
Macedonia,MKD,1993,249789
Macedonia,MKD,1994,336133
Macedonia,MKD,1995,381226
Macedonia,MKD,1996,269303
Macedonia,MKD,1997,293762
Macedonia,MKD,1998,336562
Macedonia,MKD,1999,319419
Macedonia,MKD,2000,299356
Macedonia,MKD,2001,246000
Macedonia,MKD,2002,267170
Macedonia,MKD,2003,225490
Macedonia,MKD,2004,356825
Macedonia,MKD,2005,333888
Macedonia,MKD,2006,293326
Macedonia,MKD,2007,218100
Macedonia,MKD,2008,291719
Macedonia,MKD,2009,271117
Macedonia,MKD,2010,243137
Macedonia,MKD,2011,256103
Macedonia,MKD,2012,214963
Macedonia,MKD,2013,258960
Macedonia,MKD,2014,287954
Macedonia,MKD,2015,201218
Macedonia,MKD,2016,306433
Macedonia,MKD,2017,200112
Macedonia,MKD,2018,241106
Madagascar,MDG,1993,8000
Madagascar,MDG,1994,4000
Madagascar,MDG,1995,14000
Madagascar,MDG,1996,4000
Madagascar,MDG,1997,5000
Madagascar,MDG,1998,10000
Madagascar,MDG,1999,10000
Madagascar,MDG,2000,9000
Madagascar,MDG,2001,10000
Madagascar,MDG,2002,10000
Madagascar,MDG,2003,8815
Madagascar,MDG,2004,8833
Madagascar,MDG,2005,10060
Madagascar,MDG,2006,10000
Madagascar,MDG,2007,11000
Madagascar,MDG,2008,10000
Madagascar,MDG,2009,8813
Madagascar,MDG,2010,8694
Madagascar,MDG,2011,10000
Madagascar,MDG,2012,10000
Madagascar,MDG,2013,5000
Madagascar,MDG,2014,5000
Madagascar,MDG,2015,5000
Madagascar,MDG,2016,5000
Madagascar,MDG,2017,5000
Madagascar,MDG,2018,6322
Malawi,MWI,1993,1014
Malawi,MWI,1994,208
Malawi,MWI,1995,1572
Malawi,MWI,1996,2315
Malawi,MWI,1997,1339
Malawi,MWI,1998,1842
Malawi,MWI,1999,1655
Malawi,MWI,2000,1815
Malawi,MWI,2001,2241
Malawi,MWI,2002,1520
Malawi,MWI,2003,1502
Malawi,MWI,2004,1668
Malawi,MWI,2005,1730
Malawi,MWI,2006,1999
Malawi,MWI,2007,4605
Malawi,MWI,2008,2386
Malawi,MWI,2009,2590
Malawi,MWI,2010,2341
Malawi,MWI,2011,1850
Malawi,MWI,2012,1956
Malawi,MWI,2013,1784
Malawi,MWI,2014,1160
Malawi,MWI,2015,1178
Malawi,MWI,2016,797
Malawi,MWI,2017,745
Malawi,MWI,2018,729
Mali,MLI,1993,2210
Mali,MLI,1994,2650
Mali,MLI,1995,6150
Mali,MLI,1996,3159
Mali,MLI,1997,2720
Mali,MLI,1998,6680
Mali,MLI,1999,7585
Mali,MLI,2000,6208
Mali,MLI,2001,9353
Mali,MLI,2002,6545
Mali,MLI,2003,5701
Mali,MLI,2004,8942
Mali,MLI,2005,4805
Mali,MLI,2006,8565
Mali,MLI,2007,8585
Mali,MLI,2008,13166
Mali,MLI,2009,15132
Mali,MLI,2010,10051
Mali,MLI,2011,33842
Mali,MLI,2012,40071
Mali,MLI,2013,27430
Mali,MLI,2014,45668
Mali,MLI,2015,35756
Mali,MLI,2016,40137
Mali,MLI,2017,40137
Mali,MLI,2018,29185
Mauritania,MRT,1993,400
Mauritania,MRT,1994,304
Mauritania,MRT,1995,342
Mauritania,MRT,1996,370
Mauritania,MRT,1997,400
Mauritania,MRT,1998,467
Mauritania,MRT,1999,484
Mauritania,MRT,2000,496
Mauritania,MRT,2001,482
Mauritania,MRT,2002,500
Mauritania,MRT,2003,600
Mauritania,MRT,2004,797
Mauritania,MRT,2005,500
Mauritania,MRT,2006,574
Mauritania,MRT,2007,2000
Mauritania,MRT,2008,4000
Mauritania,MRT,2009,3414
Mauritania,MRT,2010,2413
Mauritania,MRT,2011,2888
Mauritania,MRT,2012,6092
Mauritania,MRT,2013,6684
Mauritania,MRT,2014,7059
Mauritania,MRT,2015,7050
Mauritania,MRT,2016,7720
Mauritania,MRT,2017,7276
Mauritania,MRT,2018,7349
Mexico,MEX,1993,3582450
Mexico,MEX,1994,4150920
Mexico,MEX,1995,3468220
Mexico,MEX,1996,3375008
Mexico,MEX,1997,3656594
Mexico,MEX,1998,3235080
Mexico,MEX,1999,3020889
Mexico,MEX,2000,3493210
Mexico,MEX,2001,3275460
Mexico,MEX,2002,3236183
Mexico,MEX,2003,2715800
Mexico,MEX,2004,2321200
Mexico,MEX,2005,3015177
Mexico,MEX,2006,3378116
Mexico,MEX,2007,3515392
Mexico,MEX,2008,4019400
Mexico,MEX,2009,4116161
Mexico,MEX,2010,3676707
Mexico,MEX,2011,3627511
Mexico,MEX,2012,3274337
Mexico,MEX,2013,3357307
Mexico,MEX,2014,3669814
Mexico,MEX,2015,3710706
Mexico,MEX,2016,3862914
Mexico,MEX,2017,3503521
Mexico,MEX,2018,2943445
Moldova,MDA,1993,1392610
Moldova,MDA,1994,658780
Moldova,MDA,1995,1277501
Moldova,MDA,1996,784160
Moldova,MDA,1997,1345131
Moldova,MDA,1998,952990
Moldova,MDA,1999,800425
Moldova,MDA,2000,727721
Moldova,MDA,2001,1185210
Moldova,MDA,2002,1116180
Moldova,MDA,2003,520518
Moldova,MDA,2004,861030
Moldova,MDA,2005,1056690
Moldova,MDA,2006,691417
Moldova,MDA,2007,406484
Moldova,MDA,2008,1286332
Moldova,MDA,2009,736660
Moldova,MDA,2010,744160
Moldova,MDA,2011,794783
Moldova,MDA,2012,495231
Moldova,MDA,2013,1008647
Moldova,MDA,2014,1101682
Moldova,MDA,2015,922283
Moldova,MDA,2016,1292921
Moldova,MDA,2017,1250702
Moldova,MDA,2018,1162778
Morocco,MAR,1993,1573020
Morocco,MAR,1994,5523210
Morocco,MAR,1995,1090710
Morocco,MAR,1996,5915790
Morocco,MAR,1997,2316490
Morocco,MAR,1998,4378480
Morocco,MAR,1999,2153540
Morocco,MAR,2000,1380700
Morocco,MAR,2001,3316380
Morocco,MAR,2002,3358680
Morocco,MAR,2003,5146840
Morocco,MAR,2004,5539840
Morocco,MAR,2005,3043080
Morocco,MAR,2006,6326760
Morocco,MAR,2007,1582630
Morocco,MAR,2008,3769450
Morocco,MAR,2009,6371430
Morocco,MAR,2010,4876140
Morocco,MAR,2011,6017821
Morocco,MAR,2012,3878000
Morocco,MAR,2013,6933983
Morocco,MAR,2014,5115884
Morocco,MAR,2015,8074659
Morocco,MAR,2016,2731123
Morocco,MAR,2017,7090817
Morocco,MAR,2018,7320620
Mozambique,MOZ,1993,1721
Mozambique,MOZ,1994,1482
Mozambique,MOZ,1995,1349
Mozambique,MOZ,1996,1291
Mozambique,MOZ,1997,1066
Mozambique,MOZ,1998,1211
Mozambique,MOZ,1999,1429
Mozambique,MOZ,2000,1500
Mozambique,MOZ,2001,2000
Mozambique,MOZ,2002,2700
Mozambique,MOZ,2003,3800
Mozambique,MOZ,2004,5000
Mozambique,MOZ,2005,6200
Mozambique,MOZ,2006,8400
Mozambique,MOZ,2007,10000
Mozambique,MOZ,2008,12500
Mozambique,MOZ,2009,15000
Mozambique,MOZ,2010,17870
Mozambique,MOZ,2011,20350
Mozambique,MOZ,2012,17653
Mozambique,MOZ,2013,19800
Mozambique,MOZ,2014,20710
Mozambique,MOZ,2015,20280
Mozambique,MOZ,2016,17088
Mozambique,MOZ,2017,16061
Mozambique,MOZ,2018,21105
Myanmar,MMR,1993,106900
Myanmar,MMR,1994,87700
Myanmar,MMR,1995,76700
Myanmar,MMR,1996,85400
Myanmar,MMR,1997,90700
Myanmar,MMR,1998,92000
Myanmar,MMR,1999,115300
Myanmar,MMR,2000,92100
Myanmar,MMR,2001,94400
Myanmar,MMR,2002,105700
Myanmar,MMR,2003,122400
Myanmar,MMR,2004,150000
Myanmar,MMR,2005,156200
Myanmar,MMR,2006,140200
Myanmar,MMR,2007,155300
Myanmar,MMR,2008,170400
Myanmar,MMR,2009,179200
Myanmar,MMR,2010,181000
Myanmar,MMR,2011,169800
Myanmar,MMR,2012,177600
Myanmar,MMR,2013,182900
Myanmar,MMR,2014,182400
Myanmar,MMR,2015,179300
Myanmar,MMR,2016,102636
Myanmar,MMR,2017,123253
Myanmar,MMR,2018,134372
Namibia,NAM,1993,5700
Namibia,NAM,1994,6300
Namibia,NAM,1995,6400
Namibia,NAM,1996,5700
Namibia,NAM,1997,5721
Namibia,NAM,1998,5274
Namibia,NAM,1999,3644
Namibia,NAM,2000,3429
Namibia,NAM,2001,6119
Namibia,NAM,2002,10489
Namibia,NAM,2003,10289
Namibia,NAM,2004,8262
Namibia,NAM,2005,11015
Namibia,NAM,2006,12858
Namibia,NAM,2007,12163
Namibia,NAM,2008,14581
Namibia,NAM,2009,12448
Namibia,NAM,2010,13397
Namibia,NAM,2011,16300
Namibia,NAM,2012,14500
Namibia,NAM,2013,15000
Namibia,NAM,2014,10000
Namibia,NAM,2015,10153
Namibia,NAM,2016,9822
Namibia,NAM,2017,6094
Namibia,NAM,2018,6094
Nepal,NPL,1993,765000
Nepal,NPL,1994,898892
Nepal,NPL,1995,914000
Nepal,NPL,1996,1012930
Nepal,NPL,1997,1072000
Nepal,NPL,1998,1000770
Nepal,NPL,1999,1086480
Nepal,NPL,2000,1183530
Nepal,NPL,2001,1157865
Nepal,NPL,2002,1258045
Nepal,NPL,2003,1344192
Nepal,NPL,2004,1387191
Nepal,NPL,2005,1442442
Nepal,NPL,2006,1394126
Nepal,NPL,2007,1515139
Nepal,NPL,2008,1572065
Nepal,NPL,2009,1343862
Nepal,NPL,2010,1556539
Nepal,NPL,2011,1745811
Nepal,NPL,2012,1846142
Nepal,NPL,2013,1727346
Nepal,NPL,2014,1883147
Nepal,NPL,2015,1975625
Nepal,NPL,2016,1736849
Nepal,NPL,2017,1879191
Nepal,NPL,2018,1949001
Netherlands,NLD,1993,1035000
Netherlands,NLD,1994,981000
Netherlands,NLD,1995,1167000
Netherlands,NLD,1996,1268900
Netherlands,NLD,1997,1063000
Netherlands,NLD,1998,1072000
Netherlands,NLD,1999,851400
Netherlands,NLD,2000,1142700
Netherlands,NLD,2001,990700
Netherlands,NLD,2002,1056640
Netherlands,NLD,2003,1130100
Netherlands,NLD,2004,1223900
Netherlands,NLD,2005,1174686
Netherlands,NLD,2006,1184400
Netherlands,NLD,2007,1018000
Netherlands,NLD,2008,1366162
Netherlands,NLD,2009,1402040
Netherlands,NLD,2010,1369553
Netherlands,NLD,2011,1175275
Netherlands,NLD,2012,1302002
Netherlands,NLD,2013,1335105
Netherlands,NLD,2014,1304054
Netherlands,NLD,2015,1300085
Netherlands,NLD,2016,1016479
Netherlands,NLD,2017,1054151
Netherlands,NLD,2018,985297
New Zealand,NZL,1993,219414
New Zealand,NZL,1994,241853
New Zealand,NZL,1995,245173
New Zealand,NZL,1996,277014
New Zealand,NZL,1997,317000
New Zealand,NZL,1998,302100
New Zealand,NZL,1999,320000
New Zealand,NZL,2000,326000
New Zealand,NZL,2001,364000
New Zealand,NZL,2002,301499
New Zealand,NZL,2003,318916
New Zealand,NZL,2004,255860
New Zealand,NZL,2005,318947
New Zealand,NZL,2006,261798
New Zealand,NZL,2007,344434
New Zealand,NZL,2008,343350
New Zealand,NZL,2009,403463
New Zealand,NZL,2010,444890
New Zealand,NZL,2011,383262
New Zealand,NZL,2012,488614
New Zealand,NZL,2013,447799
New Zealand,NZL,2014,413497
New Zealand,NZL,2015,413533
New Zealand,NZL,2016,459349
New Zealand,NZL,2017,405182
New Zealand,NZL,2018,371027
Niger,NER,1993,4400
Niger,NER,1994,7200
Niger,NER,1995,3100
Niger,NER,1996,1700
Niger,NER,1997,600
Niger,NER,1998,12500
Niger,NER,1999,12669
Niger,NER,2000,10946
Niger,NER,2001,6300
Niger,NER,2002,3500
Niger,NER,2003,3500
Niger,NER,2004,6239
Niger,NER,2005,9000
Niger,NER,2006,7796
Niger,NER,2007,7000
Niger,NER,2008,8775
Niger,NER,2009,6180
Niger,NER,2010,5165
Niger,NER,2011,1291
Niger,NER,2012,3114
Niger,NER,2013,5666
Niger,NER,2014,1802
Niger,NER,2015,8090
Niger,NER,2016,8234
Niger,NER,2017,6003
Niger,NER,2018,4807
Nigeria,NGA,1993,32600
Nigeria,NGA,1994,35200
Nigeria,NGA,1995,43600
Nigeria,NGA,1996,47000
Nigeria,NGA,1997,66000
Nigeria,NGA,1998,98000
Nigeria,NGA,1999,101000
Nigeria,NGA,2000,73000
Nigeria,NGA,2001,51000
Nigeria,NGA,2002,54000
Nigeria,NGA,2003,58000
Nigeria,NGA,2004,62000
Nigeria,NGA,2005,66000
Nigeria,NGA,2006,71000
Nigeria,NGA,2007,44000
Nigeria,NGA,2008,53000
Nigeria,NGA,2009,80000
Nigeria,NGA,2010,110441
Nigeria,NGA,2011,165000
Nigeria,NGA,2012,100000
Nigeria,NGA,2013,80000
Nigeria,NGA,2014,91300
Nigeria,NGA,2015,60000
Nigeria,NGA,2016,60000
Nigeria,NGA,2017,66151
Nigeria,NGA,2018,65433
North Korea,PRK,1993,123000
North Korea,PRK,1994,125000
North Korea,PRK,1995,125000
North Korea,PRK,1996,100000
North Korea,PRK,1997,100000
North Korea,PRK,1998,165000
North Korea,PRK,1999,97000
North Korea,PRK,2000,50000
North Korea,PRK,2001,123866
North Korea,PRK,2002,145000
North Korea,PRK,2003,161000
North Korea,PRK,2004,175000
North Korea,PRK,2005,193000
North Korea,PRK,2006,199000
North Korea,PRK,2007,195000
North Korea,PRK,2008,175000
North Korea,PRK,2009,169000
North Korea,PRK,2010,160000
North Korea,PRK,2011,127000
North Korea,PRK,2012,74000
North Korea,PRK,2013,75000
North Korea,PRK,2014,45000
North Korea,PRK,2015,55000
North Korea,PRK,2016,39000
North Korea,PRK,2017,49500
North Korea,PRK,2018,35000
Oman,OMN,1993,1300
Oman,OMN,1994,1325
Oman,OMN,1995,1350
Oman,OMN,1996,1380
Oman,OMN,1997,1250
Oman,OMN,1998,770
Oman,OMN,1999,1050
Oman,OMN,2000,1413
Oman,OMN,2001,1429
Oman,OMN,2002,1421
Oman,OMN,2003,1210
Oman,OMN,2004,1200
Oman,OMN,2005,865
Oman,OMN,2006,775
Oman,OMN,2007,947
Oman,OMN,2008,1070
Oman,OMN,2009,1874
Oman,OMN,2010,2286
Oman,OMN,2011,2126
Oman,OMN,2012,2000
Oman,OMN,2013,1095
Oman,OMN,2014,3403
Oman,OMN,2015,2525
Oman,OMN,2016,3980
Oman,OMN,2017,3980
Oman,OMN,2018,3579
Pakistan,PAK,1993,16156500
Pakistan,PAK,1994,15213000
Pakistan,PAK,1995,17002400
Pakistan,PAK,1996,16907400
Pakistan,PAK,1997,16650500
Pakistan,PAK,1998,18694000
Pakistan,PAK,1999,17857600
Pakistan,PAK,2000,21078600
Pakistan,PAK,2001,19023700
Pakistan,PAK,2002,18226500
Pakistan,PAK,2003,19183300
Pakistan,PAK,2004,19499800
Pakistan,PAK,2005,21612300
Pakistan,PAK,2006,21276900
Pakistan,PAK,2007,23294600
Pakistan,PAK,2008,20958800
Pakistan,PAK,2009,24033000
Pakistan,PAK,2010,23310800
Pakistan,PAK,2011,25213800
Pakistan,PAK,2012,23473400
Pakistan,PAK,2013,24211360
Pakistan,PAK,2014,25979399
Pakistan,PAK,2015,25086174
Pakistan,PAK,2016,25633028
Pakistan,PAK,2017,26673703
Pakistan,PAK,2018,25076149
Paraguay,PRY,1993,425421
Paraguay,PRY,1994,375679
Paraguay,PRY,1995,208617
Paraguay,PRY,1996,543435
Paraguay,PRY,1997,400189
Paraguay,PRY,1998,229173
Paraguay,PRY,1999,180088
Paraguay,PRY,2000,231119
Paraguay,PRY,2001,532155
Paraguay,PRY,2002,536754
Paraguay,PRY,2003,715000
Paraguay,PRY,2004,715000
Paraguay,PRY,2005,800000
Paraguay,PRY,2006,620000
Paraguay,PRY,2007,800000
Paraguay,PRY,2008,799632
Paraguay,PRY,2009,1066800
Paraguay,PRY,2010,1401987
Paraguay,PRY,2011,1463881
Paraguay,PRY,2012,1560600
Paraguay,PRY,2013,1430000
Paraguay,PRY,2014,840000
Paraguay,PRY,2015,1139147
Paraguay,PRY,2016,1144000
Paraguay,PRY,2017,1020000
Paraguay,PRY,2018,722400
Peru,PER,1993,125595
Peru,PER,1994,127035
Peru,PER,1995,125048
Peru,PER,1996,146152
Peru,PER,1997,123689
Peru,PER,1998,146640
Peru,PER,1999,169613
Peru,PER,2000,187746
Peru,PER,2001,181805
Peru,PER,2002,186853
Peru,PER,2003,190453
Peru,PER,2004,170411
Peru,PER,2005,178460
Peru,PER,2006,191082
Peru,PER,2007,181552
Peru,PER,2008,206936
Peru,PER,2009,226265
Peru,PER,2010,219454
Peru,PER,2011,214140
Peru,PER,2012,226218
Peru,PER,2013,230105
Peru,PER,2014,218904
Peru,PER,2015,214849
Peru,PER,2016,191108
Peru,PER,2017,192099
Peru,PER,2018,195088
Poland,POL,1993,8242694
Poland,POL,1994,7658457
Poland,POL,1995,8668035
Poland,POL,1996,8575954
Poland,POL,1997,8192681
Poland,POL,1998,9536576
Poland,POL,1999,9051339
Poland,POL,2000,8502865
Poland,POL,2001,9283044
Poland,POL,2002,9304000
Poland,POL,2003,7858160
Poland,POL,2004,9892482
Poland,POL,2005,8771434
Poland,POL,2006,7059671
Poland,POL,2007,8317265
Poland,POL,2008,9274920
Poland,POL,2009,9789586
Poland,POL,2010,9408110
Poland,POL,2011,9339200
Poland,POL,2012,8607600
Poland,POL,2013,9485183
Poland,POL,2014,11628670
Poland,POL,2015,10957787
Poland,POL,2016,10827902
Poland,POL,2017,11665702
Poland,POL,2018,9820315
Portugal,PRT,1993,421838
Portugal,PRT,1994,462536
Portugal,PRT,1995,359849
Portugal,PRT,1996,405826
Portugal,PRT,1997,329271
Portugal,PRT,1998,150938
Portugal,PRT,1999,352148
Portugal,PRT,2000,354710
Portugal,PRT,2001,153604
Portugal,PRT,2002,413031
Portugal,PRT,2003,149569
Portugal,PRT,2004,292866
Portugal,PRT,2005,81530
Portugal,PRT,2006,249580
Portugal,PRT,2007,102258
Portugal,PRT,2008,203289
Portugal,PRT,2009,124146
Portugal,PRT,2010,82577
Portugal,PRT,2011,51003
Portugal,PRT,2012,58990
Portugal,PRT,2013,92014
Portugal,PRT,2014,98794
Portugal,PRT,2015,80393
Portugal,PRT,2016,90017
Portugal,PRT,2017,59610
Portugal,PRT,2018,67749
Qatar,QAT,1993,201
Qatar,QAT,1994,143
Qatar,QAT,1995,147
Qatar,QAT,1996,135
Qatar,QAT,1997,150
Qatar,QAT,1998,140
Qatar,QAT,1999,83
Qatar,QAT,2000,83
Qatar,QAT,2001,28
Qatar,QAT,2002,25
Qatar,QAT,2003,28
Qatar,QAT,2004,22
Qatar,QAT,2005,21
Qatar,QAT,2006,20
Qatar,QAT,2007,32
Qatar,QAT,2008,30
Qatar,QAT,2009,49
Qatar,QAT,2010,36
Qatar,QAT,2011,26
Qatar,QAT,2012,48
Qatar,QAT,2013,86
Qatar,QAT,2014,5
Qatar,QAT,2015,0
Qatar,QAT,2016,6
Qatar,QAT,2017,16
Qatar,QAT,2018,15
Romania,ROU,1993,5314104
Romania,ROU,1994,6135299
Romania,ROU,1995,7666538
Romania,ROU,1996,3143818
Romania,ROU,1997,7156188
Romania,ROU,1998,5181823
Romania,ROU,1999,4661439
Romania,ROU,2000,4434438
Romania,ROU,2001,7735136
Romania,ROU,2002,4420995
Romania,ROU,2003,2479052
Romania,ROU,2004,7812428
Romania,ROU,2005,7340664
Romania,ROU,2006,5526190
Romania,ROU,2007,3044465
Romania,ROU,2008,7180984
Romania,ROU,2009,5202526
Romania,ROU,2010,5811810
Romania,ROU,2011,7131590
Romania,ROU,2012,5297748
Romania,ROU,2013,7296373
Romania,ROU,2014,7584814
Romania,ROU,2015,7962421
Romania,ROU,2016,8431131
Romania,ROU,2017,10034955
Romania,ROU,2018,10143671
Russia,RUS,1993,43546550
Russia,RUS,1994,32128210
Russia,RUS,1995,30118470
Russia,RUS,1996,34831232
Russia,RUS,1997,44235132
Russia,RUS,1998,26994700
Russia,RUS,1999,30996953
Russia,RUS,2000,34460052
Russia,RUS,2001,46996294
Russia,RUS,2002,50622106
Russia,RUS,2003,34069788
Russia,RUS,2004,45433661
Russia,RUS,2005,47614681
Russia,RUS,2006,44926880
Russia,RUS,2007,49367973
Russia,RUS,2008,63765140
Russia,RUS,2009,61739751
Russia,RUS,2010,41507581
Russia,RUS,2011,56239994
Russia,RUS,2012,37719640
Russia,RUS,2013,52090797
Russia,RUS,2014,59711382
Russia,RUS,2015,61785799
Russia,RUS,2016,73345679
Russia,RUS,2017,86002542
Russia,RUS,2018,72136149
Rwanda,RWA,1993,4800
Rwanda,RWA,1994,3200
Rwanda,RWA,1995,6000
Rwanda,RWA,1996,6814
Rwanda,RWA,1997,5997
Rwanda,RWA,1998,4140
Rwanda,RWA,1999,3607
Rwanda,RWA,2000,6444
Rwanda,RWA,2001,8269
Rwanda,RWA,2002,7434
Rwanda,RWA,2003,15305
Rwanda,RWA,2004,16772
Rwanda,RWA,2005,21942
Rwanda,RWA,2006,19549
Rwanda,RWA,2007,24633
Rwanda,RWA,2008,6700
Rwanda,RWA,2009,7200
Rwanda,RWA,2010,7700
Rwanda,RWA,2011,9000
Rwanda,RWA,2012,7500
Rwanda,RWA,2013,7000
Rwanda,RWA,2014,7886
Rwanda,RWA,2015,7995
Rwanda,RWA,2016,9923
Rwanda,RWA,2017,10926
Rwanda,RWA,2018,10875
Saudi Arabia,SAU,1993,3429980
Saudi Arabia,SAU,1994,2646023
Saudi Arabia,SAU,1995,1647956
Saudi Arabia,SAU,1996,1200000
Saudi Arabia,SAU,1997,1794900
Saudi Arabia,SAU,1998,1734000
Saudi Arabia,SAU,1999,2046000
Saudi Arabia,SAU,2000,1787542
Saudi Arabia,SAU,2001,2081870
Saudi Arabia,SAU,2002,2436443
Saudi Arabia,SAU,2003,2524278
Saudi Arabia,SAU,2004,2775678
Saudi Arabia,SAU,2005,2648472
Saudi Arabia,SAU,2006,2630394
Saudi Arabia,SAU,2007,2558000
Saudi Arabia,SAU,2008,1985556
Saudi Arabia,SAU,2009,1152447
Saudi Arabia,SAU,2010,1349389
Saudi Arabia,SAU,2011,1184454
Saudi Arabia,SAU,2012,854256
Saudi Arabia,SAU,2013,660145
Saudi Arabia,SAU,2014,718530
Saudi Arabia,SAU,2015,693776
Saudi Arabia,SAU,2016,618653
Saudi Arabia,SAU,2017,620923
Saudi Arabia,SAU,2018,586413
Slovakia,SVK,1993,1528513
Slovakia,SVK,1994,2144626
Slovakia,SVK,1995,1937937
Slovakia,SVK,1996,1713061
Slovakia,SVK,1997,1885961
Slovakia,SVK,1998,1789299
Slovakia,SVK,1999,1187264
Slovakia,SVK,2000,1254310
Slovakia,SVK,2001,1800086
Slovakia,SVK,2002,1554425
Slovakia,SVK,2003,930363
Slovakia,SVK,2004,1764846
Slovakia,SVK,2005,1607868
Slovakia,SVK,2006,1342693
Slovakia,SVK,2007,1379643
Slovakia,SVK,2008,1819479
Slovakia,SVK,2009,1537905
Slovakia,SVK,2010,1185286
Slovakia,SVK,2011,1631112
Slovakia,SVK,2012,1275302
Slovakia,SVK,2013,1684274
Slovakia,SVK,2014,2072405
Slovakia,SVK,2015,2082134
Slovakia,SVK,2016,2434213
Slovakia,SVK,2017,1770659
Slovakia,SVK,2018,1927926
Slovenia,SVN,1993,142856
Slovenia,SVN,1994,155343
Slovenia,SVN,1995,155575
Slovenia,SVN,1996,137120
Slovenia,SVN,1997,138930
Slovenia,SVN,1998,169097
Slovenia,SVN,1999,117251
Slovenia,SVN,2000,162559
Slovenia,SVN,2001,181083
Slovenia,SVN,2002,174868
Slovenia,SVN,2003,122920
Slovenia,SVN,2004,146829
Slovenia,SVN,2005,141293
Slovenia,SVN,2006,134449
Slovenia,SVN,2007,133339
Slovenia,SVN,2008,160297
Slovenia,SVN,2009,136904
Slovenia,SVN,2010,153481
Slovenia,SVN,2011,153575
Slovenia,SVN,2012,188065
Slovenia,SVN,2013,138235
Slovenia,SVN,2014,173245
Slovenia,SVN,2015,157058
Slovenia,SVN,2016,163165
Slovenia,SVN,2017,140961
Slovenia,SVN,2018,121901
Somalia,SOM,1993,925
Somalia,SOM,1994,999
Somalia,SOM,1995,920
Somalia,SOM,1996,920
Somalia,SOM,1997,920
Somalia,SOM,1998,900
Somalia,SOM,1999,938
Somalia,SOM,2000,960
Somalia,SOM,2001,950
Somalia,SOM,2002,957
Somalia,SOM,2003,964
Somalia,SOM,2004,1000
Somalia,SOM,2005,1200
Somalia,SOM,2006,960
Somalia,SOM,2007,970
Somalia,SOM,2008,1000
Somalia,SOM,2009,950
Somalia,SOM,2010,998
Somalia,SOM,2011,1006
Somalia,SOM,2012,1000
Somalia,SOM,2013,1000
Somalia,SOM,2014,1022
Somalia,SOM,2015,1028
Somalia,SOM,2016,1025
Somalia,SOM,2017,1029
Somalia,SOM,2018,1033
South Africa,ZAF,1993,1983770
South Africa,ZAF,1994,1840380
South Africa,ZAF,1995,1977254
South Africa,ZAF,1996,2711991
South Africa,ZAF,1997,2428840
South Africa,ZAF,1998,1892080
South Africa,ZAF,1999,1733030
South Africa,ZAF,2000,2428100
South Africa,ZAF,2001,2503950
South Africa,ZAF,2002,2437745
South Africa,ZAF,2003,1546840
South Africa,ZAF,2004,1687000
South Africa,ZAF,2005,1905000
South Africa,ZAF,2006,2105000
South Africa,ZAF,2007,1905000
South Africa,ZAF,2008,2130000
South Africa,ZAF,2009,1958000
South Africa,ZAF,2010,1430000
South Africa,ZAF,2011,2005000
South Africa,ZAF,2012,1915000
South Africa,ZAF,2013,1870000
South Africa,ZAF,2014,1750000
South Africa,ZAF,2015,1440000
South Africa,ZAF,2016,1910000
South Africa,ZAF,2017,1535000
South Africa,ZAF,2018,1868000
South Korea,KOR,1993,1483
South Korea,KOR,1994,2156
South Korea,KOR,1995,10262
South Korea,KOR,1996,10923
South Korea,KOR,1997,7433
South Korea,KOR,1998,4781
South Korea,KOR,1999,5626
South Korea,KOR,2000,2339
South Korea,KOR,2001,2841
South Korea,KOR,2002,5834
South Korea,KOR,2003,10011
South Korea,KOR,2004,12623
South Korea,KOR,2005,7678
South Korea,KOR,2006,5810
South Korea,KOR,2007,7351
South Korea,KOR,2008,10359
South Korea,KOR,2009,18782
South Korea,KOR,2010,39116
South Korea,KOR,2011,43677
South Korea,KOR,2012,37014
South Korea,KOR,2013,19061
South Korea,KOR,2014,23409
South Korea,KOR,2015,26433
South Korea,KOR,2016,38705
South Korea,KOR,2017,37425
South Korea,KOR,2018,37577
Spain,ESP,1993,4972971
Spain,ESP,1994,4302340
Spain,ESP,1995,3138700
Spain,ESP,1996,6040500
Spain,ESP,1997,4676290
Spain,ESP,1998,5436300
Spain,ESP,1999,5083800
Spain,ESP,2000,7293623
Spain,ESP,2001,5007698
Spain,ESP,2002,6822160
Spain,ESP,2003,6290100
Spain,ESP,2004,7096724
Spain,ESP,2005,4026694
Spain,ESP,2006,5521582
Spain,ESP,2007,6436359
Spain,ESP,2008,6714300
Spain,ESP,2009,4804772
Spain,ESP,2010,5941197
Spain,ESP,2011,6876657
Spain,ESP,2012,5189828
Spain,ESP,2013,7744900
Spain,ESP,2014,6471400
Spain,ESP,2015,6362694
Spain,ESP,2016,7873135
Spain,ESP,2017,4875957
Spain,ESP,2018,7989906
Swaziland,SWZ,1993,390
Swaziland,SWZ,1994,500
Swaziland,SWZ,1995,450
Swaziland,SWZ,1996,300
Swaziland,SWZ,1997,337
Swaziland,SWZ,1998,350
Swaziland,SWZ,1999,300
Swaziland,SWZ,2000,300
Swaziland,SWZ,2001,316
Swaziland,SWZ,2002,318
Swaziland,SWZ,2003,331
Swaziland,SWZ,2004,335
Swaziland,SWZ,2005,319
Swaziland,SWZ,2006,335
Swaziland,SWZ,2007,325
Swaziland,SWZ,2008,389
Swaziland,SWZ,2009,420
Swaziland,SWZ,2010,450
Swaziland,SWZ,2011,556
Swaziland,SWZ,2012,700
Swaziland,SWZ,2013,720
Swaziland,SWZ,2014,723
Swaziland,SWZ,2015,689
Swaziland,SWZ,2016,734
Swaziland,SWZ,2017,716
Swaziland,SWZ,2018,713
Switzerland,CHE,1993,573811
Switzerland,CHE,1994,567322
Switzerland,CHE,1995,613368
Switzerland,CHE,1996,666291
Switzerland,CHE,1997,584588
Switzerland,CHE,1998,603242
Switzerland,CHE,1999,495094
Switzerland,CHE,2000,568700
Switzerland,CHE,2001,505600
Switzerland,CHE,2002,516500
Switzerland,CHE,2003,436900
Switzerland,CHE,2004,539400
Switzerland,CHE,2005,531300
Switzerland,CHE,2006,543800
Switzerland,CHE,2007,543900
Switzerland,CHE,2008,549084
Switzerland,CHE,2009,549919
Switzerland,CHE,2010,524017
Switzerland,CHE,2011,553150
Switzerland,CHE,2012,515595
Switzerland,CHE,2013,479659
Switzerland,CHE,2014,550826
Switzerland,CHE,2015,527257
Switzerland,CHE,2016,386720
Switzerland,CHE,2017,530552
Switzerland,CHE,2018,497250
Syria,SYR,1993,3626491
Syria,SYR,1994,3702985
Syria,SYR,1995,4184144
Syria,SYR,1996,4080357
Syria,SYR,1997,3031090
Syria,SYR,1998,4111625
Syria,SYR,1999,2691504
Syria,SYR,2000,3105489
Syria,SYR,2001,4744623
Syria,SYR,2002,4775440
Syria,SYR,2003,4912993
Syria,SYR,2004,4537459
Syria,SYR,2005,4668750
Syria,SYR,2006,4932000
Syria,SYR,2007,4041100
Syria,SYR,2008,2139300
Syria,SYR,2009,3701784
Syria,SYR,2010,3083100
Syria,SYR,2011,3858331
Syria,SYR,2012,3609096
Syria,SYR,2013,3182111
Syria,SYR,2014,2024332
Syria,SYR,2015,2498893
Syria,SYR,2016,2400000
Syria,SYR,2017,2200000
Syria,SYR,2018,2334602
Taiwan,TWN,1993,4921
Taiwan,TWN,1994,4440
Taiwan,TWN,1995,4429
Taiwan,TWN,1996,193
Taiwan,TWN,1997,85
Taiwan,TWN,1998,66
Taiwan,TWN,1999,88
Taiwan,TWN,2000,127
Taiwan,TWN,2001,234
Taiwan,TWN,2002,262
Taiwan,TWN,2003,264
Taiwan,TWN,2004,238
Taiwan,TWN,2005,196
Taiwan,TWN,2006,271
Taiwan,TWN,2007,296
Taiwan,TWN,2008,292
Taiwan,TWN,2009,364
Taiwan,TWN,2010,5178
Taiwan,TWN,2011,4034
Taiwan,TWN,2012,6859
Taiwan,TWN,2013,4127
Taiwan,TWN,2014,6811
Taiwan,TWN,2015,7335
Taiwan,TWN,2016,6091
Taiwan,TWN,2017,6746
Taiwan,TWN,2018,6724
Tajikistan,TJK,1993,170600
Tajikistan,TJK,1994,149000
Tajikistan,TJK,1995,170000
Tajikistan,TJK,1996,239000
Tajikistan,TJK,1997,452209
Tajikistan,TJK,1998,388149
Tajikistan,TJK,1999,365136
Tajikistan,TJK,2000,406196
Tajikistan,TJK,2001,387314
Tajikistan,TJK,2002,544565
Tajikistan,TJK,2003,660222
Tajikistan,TJK,2004,631328
Tajikistan,TJK,2005,618467
Tajikistan,TJK,2006,640339
Tajikistan,TJK,2007,649300
Tajikistan,TJK,2008,659096
Tajikistan,TJK,2009,1088591
Tajikistan,TJK,2010,1033144
Tajikistan,TJK,2011,726880
Tajikistan,TJK,2012,812588
Tajikistan,TJK,2013,947350
Tajikistan,TJK,2014,868368
Tajikistan,TJK,2015,896362
Tajikistan,TJK,2016,917081
Tajikistan,TJK,2017,899653
Tajikistan,TJK,2018,778986
Tanzania,TZA,1993,59000
Tanzania,TZA,1994,59000
Tanzania,TZA,1995,75300
Tanzania,TZA,1996,83600
Tanzania,TZA,1997,78500
Tanzania,TZA,1998,111500
Tanzania,TZA,1999,82400
Tanzania,TZA,2000,32700
Tanzania,TZA,2001,89000
Tanzania,TZA,2002,77000
Tanzania,TZA,2003,74000
Tanzania,TZA,2004,67000
Tanzania,TZA,2005,102000
Tanzania,TZA,2006,110000
Tanzania,TZA,2007,82800
Tanzania,TZA,2008,43360
Tanzania,TZA,2009,82370
Tanzania,TZA,2010,62370
Tanzania,TZA,2011,112658
Tanzania,TZA,2012,108887
Tanzania,TZA,2013,103973
Tanzania,TZA,2014,167000
Tanzania,TZA,2015,72483
Tanzania,TZA,2016,95923
Tanzania,TZA,2017,102111
Tanzania,TZA,2018,104870
Thailand,THA,1993,740
Thailand,THA,1994,700
Thailand,THA,1995,639
Thailand,THA,1996,710
Thailand,THA,1997,750
Thailand,THA,1998,827
Thailand,THA,1999,792
Thailand,THA,2000,800
Thailand,THA,2001,701
Thailand,THA,2002,821
Thailand,THA,2003,883
Thailand,THA,2004,911
Thailand,THA,2005,952
Thailand,THA,2006,1000
Thailand,THA,2007,1014
Thailand,THA,2008,1045
Thailand,THA,2009,1063
Thailand,THA,2010,1107
Thailand,THA,2011,1115
Thailand,THA,2012,1000
Thailand,THA,2013,1500
Thailand,THA,2014,1303
Thailand,THA,2015,1281
Thailand,THA,2016,1302
Thailand,THA,2017,1319
Thailand,THA,2018,1351
Turkey,TUR,1993,21000000
Turkey,TUR,1994,17500000
Turkey,TUR,1995,18000000
Turkey,TUR,1996,18500000
Turkey,TUR,1997,18650000
Turkey,TUR,1998,21000000
Turkey,TUR,1999,18000000
Turkey,TUR,2000,21000000
Turkey,TUR,2001,19000000
Turkey,TUR,2002,19500000
Turkey,TUR,2003,19000000
Turkey,TUR,2004,21000000
Turkey,TUR,2005,21500000
Turkey,TUR,2006,20010000
Turkey,TUR,2007,17234000
Turkey,TUR,2008,17782000
Turkey,TUR,2009,20600000
Turkey,TUR,2010,19674000
Turkey,TUR,2011,21800000
Turkey,TUR,2012,20100000
Turkey,TUR,2013,22050000
Turkey,TUR,2014,19000000
Turkey,TUR,2015,22600000
Turkey,TUR,2016,20600000
Turkey,TUR,2017,21500000
Turkey,TUR,2018,20000000
Turkmenistan,TKM,1993,509000
Turkmenistan,TKM,1994,675000
Turkmenistan,TKM,1995,695000
Turkmenistan,TKM,1996,453100
Turkmenistan,TKM,1997,706900
Turkmenistan,TKM,1998,1245200
Turkmenistan,TKM,1999,1505800
Turkmenistan,TKM,2000,1690000
Turkmenistan,TKM,2001,1760000
Turkmenistan,TKM,2002,2326000
Turkmenistan,TKM,2003,2487000
Turkmenistan,TKM,2004,2600000
Turkmenistan,TKM,2005,2834000
Turkmenistan,TKM,2006,3260000
Turkmenistan,TKM,2007,1082770
Turkmenistan,TKM,2008,996160
Turkmenistan,TKM,2009,1405600
Turkmenistan,TKM,2010,1476620
Turkmenistan,TKM,2011,1168220
Turkmenistan,TKM,2012,1200000
Turkmenistan,TKM,2013,1600000
Turkmenistan,TKM,2014,1200000
Turkmenistan,TKM,2015,1406000
Turkmenistan,TKM,2016,1600000
Turkmenistan,TKM,2017,1000000
Turkmenistan,TKM,2018,1000000
Uganda,UGA,1993,9000
Uganda,UGA,1994,9000
Uganda,UGA,1995,9000
Uganda,UGA,1996,9000
Uganda,UGA,1997,9000
Uganda,UGA,1998,9000
Uganda,UGA,1999,11000
Uganda,UGA,2000,12000
Uganda,UGA,2001,14000
Uganda,UGA,2002,14000
Uganda,UGA,2003,15000
Uganda,UGA,2004,15000
Uganda,UGA,2005,15000
Uganda,UGA,2006,18000
Uganda,UGA,2007,19000
Uganda,UGA,2008,19000
Uganda,UGA,2009,20000
Uganda,UGA,2010,20000
Uganda,UGA,2011,23000
Uganda,UGA,2012,20000
Uganda,UGA,2013,20000
Uganda,UGA,2014,22000
Uganda,UGA,2015,22076
Uganda,UGA,2016,22764
Uganda,UGA,2017,23507
Uganda,UGA,2018,23597
Ukraine,UKR,1993,21831008
Ukraine,UKR,1994,13856600
Ukraine,UKR,1995,16273300
Ukraine,UKR,1996,13547100
Ukraine,UKR,1997,18403900
Ukraine,UKR,1998,14936600
Ukraine,UKR,1999,13585300
Ukraine,UKR,2000,10197000
Ukraine,UKR,2001,21348000
Ukraine,UKR,2002,20556000
Ukraine,UKR,2003,11430884
Ukraine,UKR,2004,17520200
Ukraine,UKR,2005,18699200
Ukraine,UKR,2006,13947300
Ukraine,UKR,2007,13937700
Ukraine,UKR,2008,25885400
Ukraine,UKR,2009,20886400
Ukraine,UKR,2010,16851300
Ukraine,UKR,2011,22323600
Ukraine,UKR,2012,15762600
Ukraine,UKR,2013,22279300
Ukraine,UKR,2014,24113970
Ukraine,UKR,2015,26532100
Ukraine,UKR,2016,26098830
Ukraine,UKR,2017,26208980
Ukraine,UKR,2018,24652840
United Arab Emirates,ARE,1993,765
United Arab Emirates,ARE,1994,1052
United Arab Emirates,ARE,1995,972
United Arab Emirates,ARE,1996,601
United Arab Emirates,ARE,1997,298
United Arab Emirates,ARE,1998,360
United Arab Emirates,ARE,1999,212
United Arab Emirates,ARE,2000,364
United Arab Emirates,ARE,2001,159
United Arab Emirates,ARE,2002,116
United Arab Emirates,ARE,2003,15
United Arab Emirates,ARE,2004,20
United Arab Emirates,ARE,2005,24
United Arab Emirates,ARE,2006,26
United Arab Emirates,ARE,2007,30
United Arab Emirates,ARE,2008,30
United Kingdom,GBR,1993,12890070
United Kingdom,GBR,1994,13314154
United Kingdom,GBR,1995,14309981
United Kingdom,GBR,1996,16071178
United Kingdom,GBR,1997,15018248
United Kingdom,GBR,1998,15449029
United Kingdom,GBR,1999,14866478
United Kingdom,GBR,2000,16703526
United Kingdom,GBR,2001,11580107
United Kingdom,GBR,2002,15972556
United Kingdom,GBR,2003,14281852
United Kingdom,GBR,2004,15473000
United Kingdom,GBR,2005,14863000
United Kingdom,GBR,2006,14755222
United Kingdom,GBR,2007,13220620
United Kingdom,GBR,2008,17227051
United Kingdom,GBR,2009,14075596
United Kingdom,GBR,2010,14877835
United Kingdom,GBR,2011,15257083
United Kingdom,GBR,2012,13261000
United Kingdom,GBR,2013,11921304
United Kingdom,GBR,2014,16606009
United Kingdom,GBR,2015,16444000
United Kingdom,GBR,2016,14383000
United Kingdom,GBR,2017,14837000
United Kingdom,GBR,2018,13555000
United States,USA,1993,65222000
United States,USA,1994,63168000
United States,USA,1995,59404000
United States,USA,1996,61982000
United States,USA,1997,67536000
United States,USA,1998,69327000
United States,USA,1999,62567284
United States,USA,2000,60639376
United States,USA,2001,52999932
United States,USA,2002,43703968
United States,USA,2003,63803256
United States,USA,2004,58697040
United States,USA,2005,57241992
United States,USA,2006,49216040
United States,USA,2007,55820360
United States,USA,2008,68016096
United States,USA,2009,60365728
United States,USA,2010,60062408
United States,USA,2011,54418808
United States,USA,2012,61677384
United States,USA,2013,58104610
United States,USA,2014,55147120
United States,USA,2015,55839540
United States,USA,2016,62831507
United States,USA,2017,47379810
United States,USA,2018,51286540
Uruguay,URY,1993,343900
Uruguay,URY,1994,486900
Uruguay,URY,1995,392900
Uruguay,URY,1996,649700
Uruguay,URY,1997,504800
Uruguay,URY,1998,559200
Uruguay,URY,1999,383900
Uruguay,URY,2000,324400
Uruguay,URY,2001,143600
Uruguay,URY,2002,270000
Uruguay,URY,2003,205800
Uruguay,URY,2004,326000
Uruguay,URY,2005,532600
Uruguay,URY,2006,454100
Uruguay,URY,2007,611200
Uruguay,URY,2008,697143
Uruguay,URY,2009,1356600
Uruguay,URY,2010,1844416
Uruguay,URY,2011,1300700
Uruguay,URY,2012,2016300
Uruguay,URY,2013,982000
Uruguay,URY,2014,1532796
Uruguay,URY,2015,1076000
Uruguay,URY,2016,1191000
Uruguay,URY,2017,757000
Uruguay,URY,2018,440000
Uzbekistan,UZB,1993,947400
Uzbekistan,UZB,1994,1452100
Uzbekistan,UZB,1995,2494100
Uzbekistan,UZB,1996,2741800
Uzbekistan,UZB,1997,3229200
Uzbekistan,UZB,1998,3719400
Uzbekistan,UZB,1999,3757100
Uzbekistan,UZB,2000,3684200
Uzbekistan,UZB,2001,3843500
Uzbekistan,UZB,2002,5183000
Uzbekistan,UZB,2003,5625600
Uzbekistan,UZB,2004,5507600
Uzbekistan,UZB,2005,6057200
Uzbekistan,UZB,2006,6099300
Uzbekistan,UZB,2007,6190300
Uzbekistan,UZB,2008,6147100
Uzbekistan,UZB,2009,6639800
Uzbekistan,UZB,2010,6745000
Uzbekistan,UZB,2011,6526955
Uzbekistan,UZB,2012,6612200
Uzbekistan,UZB,2013,6841977
Uzbekistan,UZB,2014,6955976
Uzbekistan,UZB,2015,6964664
Uzbekistan,UZB,2016,6934876
Uzbekistan,UZB,2017,6079164
Uzbekistan,UZB,2018,5410760
Venezuela,VEN,1993,310
Venezuela,VEN,1994,310
Venezuela,VEN,1995,517
Venezuela,VEN,1996,517
Venezuela,VEN,1997,517
Venezuela,VEN,1998,517
Venezuela,VEN,1999,517
Venezuela,VEN,2000,517
Venezuela,VEN,2001,585
Venezuela,VEN,2002,54
Venezuela,VEN,2003,152
Venezuela,VEN,2004,264
Venezuela,VEN,2005,517
Venezuela,VEN,2006,220
Venezuela,VEN,2007,213
Venezuela,VEN,2008,230
Venezuela,VEN,2009,143
Venezuela,VEN,2010,183
Venezuela,VEN,2011,204
Venezuela,VEN,2012,218
Venezuela,VEN,2013,161
Venezuela,VEN,2014,161
Venezuela,VEN,2015,179
Venezuela,VEN,2016,140
Venezuela,VEN,2017,136
Venezuela,VEN,2018,144
Yemen,YEM,1993,159707
Yemen,YEM,1994,171033
Yemen,YEM,1995,170929
Yemen,YEM,1996,144926
Yemen,YEM,1997,129175
Yemen,YEM,1998,167058
Yemen,YEM,1999,139563
Yemen,YEM,2000,141884
Yemen,YEM,2001,152742
Yemen,YEM,2002,131733
Yemen,YEM,2003,103794
Yemen,YEM,2004,103265
Yemen,YEM,2005,112963
Yemen,YEM,2006,149173
Yemen,YEM,2007,218520
Yemen,YEM,2008,170446
Yemen,YEM,2009,222129
Yemen,YEM,2010,265432
Yemen,YEM,2011,232339
Yemen,YEM,2012,250264
Yemen,YEM,2013,232190
Yemen,YEM,2014,192215
Yemen,YEM,2015,124940
Yemen,YEM,2016,95917
Yemen,YEM,2017,95651
Yemen,YEM,2018,105503
Zambia,ZMB,1993,69286
Zambia,ZMB,1994,60944
Zambia,ZMB,1995,38019
Zambia,ZMB,1996,57595
Zambia,ZMB,1997,70810
Zambia,ZMB,1998,63925
Zambia,ZMB,1999,69226
Zambia,ZMB,2000,75000
Zambia,ZMB,2001,80000
Zambia,ZMB,2002,75000
Zambia,ZMB,2003,135000
Zambia,ZMB,2004,82858
Zambia,ZMB,2005,136833
Zambia,ZMB,2006,93958
Zambia,ZMB,2007,115843
Zambia,ZMB,2008,113242
Zambia,ZMB,2009,195456
Zambia,ZMB,2010,172256
Zambia,ZMB,2011,237332
Zambia,ZMB,2012,253522
Zambia,ZMB,2013,273584
Zambia,ZMB,2014,201504
Zambia,ZMB,2015,214230
Zambia,ZMB,2016,159533
Zambia,ZMB,2017,193713
Zambia,ZMB,2018,114463
Zimbabwe,ZWE,1993,277000
Zimbabwe,ZWE,1994,288000
Zimbabwe,ZWE,1995,70000
Zimbabwe,ZWE,1996,263134
Zimbabwe,ZWE,1997,254772
Zimbabwe,ZWE,1998,242121
Zimbabwe,ZWE,1999,260909
Zimbabwe,ZWE,2000,229775
Zimbabwe,ZWE,2001,197526
Zimbabwe,ZWE,2002,195000
Zimbabwe,ZWE,2003,122427
Zimbabwe,ZWE,2004,247048
Zimbabwe,ZWE,2005,229089
Zimbabwe,ZWE,2006,241924
Zimbabwe,ZWE,2007,149110
Zimbabwe,ZWE,2008,31000
Zimbabwe,ZWE,2009,12000
Zimbabwe,ZWE,2010,18000
Zimbabwe,ZWE,2011,23000
Zimbabwe,ZWE,2012,53232
Zimbabwe,ZWE,2013,50966
Zimbabwe,ZWE,2014,20074
Zimbabwe,ZWE,2015,45302
Zimbabwe,ZWE,2016,42008
Zimbabwe,ZWE,2017,38715
Zimbabwe,ZWE,2018,41488
